ADM1_NAME,ADM2_NAME,year,fire_events,total_area_ha,max_area_ha,major_fires
New South Wales,Armidale Dumaresq (A),1990,1,21.67720699,21.67720699,0
New South Wales,Armidale Dumaresq (A),1994,2,6269.07438717,4543.23907796,0
New South Wales,Armidale Dumaresq (A),1995,1,4041.62116473,4041.62116473,0
New South Wales,Armidale Dumaresq (A),2000,1,2075.65911902,2075.65911902,0
New South Wales,Armidale Dumaresq (A),2001,5,11682.83264237,4961.45158428,0
New South Wales,Armidale Dumaresq (A),2002,2,1230.98154471,1169.22600843,0
New South Wales,Armidale Dumaresq (A),2003,9,7134.78687025,5322.73473954,0
New South Wales,Armidale Dumaresq (A),2004,12,5814.53929391,4642.06575504,0
New South Wales,Armidale Dumaresq (A),2005,3,511.4865493,433.85858966,0
New South Wales,Armidale Dumaresq (A),2006,19,5117.52287283,3075.33206845,0
New South Wales,Armidale Dumaresq (A),2007,7,16517.35932085,13972.58977321,1
New South Wales,Armidale Dumaresq (A),2008,11,3289.54514274,843.95716508,0
New South Wales,Armidale Dumaresq (A),2009,16,6734.46573671,1131.74107399,0
New South Wales,Armidale Dumaresq (A),2010,3,959.8838031600001,766.82745406,0
New South Wales,Armidale Dumaresq (A),2011,1,90.07907233,90.07907233,0
New South Wales,Armidale Dumaresq (A),2012,11,2129.50602191,860.90728852,0
New South Wales,Armidale Dumaresq (A),2013,14,1882.82619312,652.31083579,0
New South Wales,Armidale Dumaresq (A),2014,5,428.04505071000006,402.49067162,0
New South Wales,Armidale Dumaresq (A),2015,4,1296.10834839,627.30647217,0
New South Wales,Armidale Dumaresq (A),2016,11,7293.86423783,5776.56188652,0
New South Wales,Armidale Dumaresq (A),2017,8,7393.71504773,3439.00002859,0
New South Wales,Armidale Dumaresq (A),2018,4,5299.16614715,3403.69159485,0
New South Wales,Armidale Dumaresq (A),2019,13,16993.10389308,15627.72518447,1
New South Wales,Armidale Dumaresq (A),2020,1,1.12450779,1.12450779,0
New South Wales,Armidale Dumaresq (A),2021,2,189.16231656000002,99.58843842,0
New South Wales,Armidale Dumaresq (A),2023,12,6206.045496,1818.78410512,0
New South Wales,Armidale Dumaresq (A),2024,3,1364.2256972700002,1357.51830954,0
New South Wales,Armidale Dumaresq (A),2025,1,957.81496932,957.81496932,0
New South Wales,Armidale Dumaresq (A),2026,2,1293.86178388,1066.94250913,0
New South Wales,Bega Valley (A),1984,1,89.62105532,89.62105532,0
New South Wales,Bega Valley (A),1986,2,533.00403171,524.70913536,0
New South Wales,Bega Valley (A),1988,1,29.81690234,29.81690234,0
New South Wales,Bega Valley (A),1990,1,31.22304521,31.22304521,0
New South Wales,Bega Valley (A),1993,1,1455.54400074,1455.54400074,0
New South Wales,Bega Valley (A),1994,1,77.4258936,77.4258936,0
New South Wales,Bega Valley (A),1995,4,1502.36270315,769.89830457,0
New South Wales,Bega Valley (A),1996,9,3590.7497578899997,1900.41177457,0
New South Wales,Bega Valley (A),1997,2,778.22001815,431.83330243,0
New South Wales,Bega Valley (A),1999,3,152.46493442,96.67224209,0
New South Wales,Bega Valley (A),2000,5,92.98122399,46.21826272,0
New South Wales,Bega Valley (A),2001,9,2314.80253651,579.97605003,0
New South Wales,Bega Valley (A),2002,8,1228.5028922000001,855.9391581,0
New South Wales,Bega Valley (A),2003,15,559.9683318900001,249.22949152,0
New South Wales,Bega Valley (A),2004,24,5653.31902438,2179.39326181,0
New South Wales,Bega Valley (A),2005,20,2475.56214429,986.77557596,0
New South Wales,Bega Valley (A),2006,10,803.69355127,394.44612564,0
New South Wales,Bega Valley (A),2007,16,2110.37845207,1412.25044668,0
New South Wales,Bega Valley (A),2008,17,2638.3114160699997,707.88704722,0
New South Wales,Bega Valley (A),2009,23,6826.19916183,1993.05047447,0
New South Wales,Bega Valley (A),2010,31,7854.2916083,2014.11631363,0
New South Wales,Bega Valley (A),2011,8,1418.1017924,503.85679994,0
New South Wales,Bega Valley (A),2012,9,1033.64816528,289.39800358,0
New South Wales,Bega Valley (A),2013,130,8953.84557512,2845.1363193,0
New South Wales,Bega Valley (A),2014,26,5361.99686665,1307.13632026,0
New South Wales,Bega Valley (A),2015,18,10084.46714469,3741.5485077,0
New South Wales,Bega Valley (A),2016,55,5326.91195498,1439.83135865,0
New South Wales,Bega Valley (A),2017,17,4093.00447178,1339.93253449,0
New South Wales,Bega Valley (A),2018,13,21461.36110178,19652.43767791,1
New South Wales,Bega Valley (A),2019,52,4332.36956777,840.15871573,0
New South Wales,Bega Valley (A),2020,12,58271.409046501896,26180.469296080886,3
New South Wales,Bega Valley (A),2021,15,967.82361332,263.52305918,0
New South Wales,Bega Valley (A),2022,2,2.0887975599999997,1.13538652,0
New South Wales,Bega Valley (A),2023,60,8045.98925795,6565.25440402,0
New South Wales,Bega Valley (A),2024,8,307.13755473,128.14054413,0
New South Wales,Bega Valley (A),2025,16,599.51516082,267.24297969,0
New South Wales,Bega Valley (A),2026,27,6066.31480572,3540.57903952,0
New South Wales,Blue Mountains (C),1957,1,4360.13864542,4360.13864542,0
New South Wales,Blue Mountains (C),1964,4,154.78091086,68.02326076,0
New South Wales,Blue Mountains (C),1965,1,190.09997033,190.09997033,0
New South Wales,Blue Mountains (C),1966,1,3.88414409,3.88414409,0
New South Wales,Blue Mountains (C),1967,1,1396.56086527,1396.56086527,0
New South Wales,Blue Mountains (C),1971,2,73.17072469,67.78790218,0
New South Wales,Blue Mountains (C),1972,1,4.99071126,4.99071126,0
New South Wales,Blue Mountains (C),1980,5,0.07151220999999999,0.04968841,0
New South Wales,Blue Mountains (C),1981,6,216.29576931999998,78.30050157,0
New South Wales,Blue Mountains (C),1982,2,22.113154809999997,16.4583247,0
New South Wales,Blue Mountains (C),1986,8,37.03697956,28.43689846,0
New South Wales,Blue Mountains (C),1987,2,306.70820442,236.39472308,0
New South Wales,Blue Mountains (C),1988,1,7.35710007,7.35710007,0
New South Wales,Blue Mountains (C),1991,1,4.58730191,4.58730191,0
New South Wales,Blue Mountains (C),1994,3,13.47236637,6.55283629,0
New South Wales,Blue Mountains (C),1995,1,10.5378857,10.5378857,0
New South Wales,Blue Mountains (C),1996,9,58.290796959999994,25.59894369,0
New South Wales,Blue Mountains (C),1997,4,549.49770319,435.58356581,0
New South Wales,Blue Mountains (C),1998,1,1105.5447077,1105.5447077,0
New South Wales,Blue Mountains (C),1999,4,532.77259439,525.71818514,0
New South Wales,Blue Mountains (C),2000,16,101.49701427000001,33.52975652,0
New South Wales,Blue Mountains (C),2001,5,1079.50832113,518.50647237,0
New South Wales,Blue Mountains (C),2002,21,20334.26614088,12622.97731951,1
New South Wales,Blue Mountains (C),2003,20,1163.74453683,382.56579898,0
New South Wales,Blue Mountains (C),2004,11,216.42856411000002,142.60259181,0
New South Wales,Blue Mountains (C),2005,25,297.2187178,124.85560815,0
New South Wales,Blue Mountains (C),2006,18,957.37485758,426.67380499,0
New South Wales,Blue Mountains (C),2007,5,4.67723522,2.22982395,0
New South Wales,Blue Mountains (C),2008,8,745.28823528,466.46238906,0
New South Wales,Blue Mountains (C),2009,21,906.39089221,638.54946563,0
New South Wales,Blue Mountains (C),2010,4,1654.1612002299998,1512.7978512,0
New South Wales,Blue Mountains (C),2011,8,3043.08786322,1651.16342128,0
New South Wales,Blue Mountains (C),2012,13,890.64774124,356.81155803,0
New South Wales,Blue Mountains (C),2013,18,16504.218433550002,9375.832542,0
New South Wales,Blue Mountains (C),2014,9,2900.38339304,1579.31133469,0
New South Wales,Blue Mountains (C),2015,11,2753.5069145,700.8156112,0
New South Wales,Blue Mountains (C),2016,13,4036.5946599500003,2174.61249597,0
New South Wales,Blue Mountains (C),2017,7,903.02580206,466.7059822,0
New South Wales,Blue Mountains (C),2018,14,3579.2022928099996,2696.51513583,0
New South Wales,Blue Mountains (C),2019,8,20603.24094874,19895.55267512,1
New South Wales,Blue Mountains (C),2020,6,22629.10570433,22497.3595029,1
New South Wales,Blue Mountains (C),2021,8,3303.98621887,1807.82612048,0
New South Wales,Blue Mountains (C),2023,5,26.73828724,21.71193386,0
New South Wales,Blue Mountains (C),2024,14,4204.30628348,1958.34487636,0
New South Wales,Blue Mountains (C),2025,286,1218.8759628,226.52333073,0
New South Wales,Blue Mountains (C),2026,28,4469.57007973,1608.37544599,0
New South Wales,Bombala (A),1979,1,4070.87538947,4070.87538947,0
New South Wales,Bombala (A),1987,1,4449.32164979,4449.32164979,0
New South Wales,Bombala (A),1992,1,76.84878883,76.84878883,0
New South Wales,Bombala (A),1993,8,485.86535788,179.51414839,0
New South Wales,Bombala (A),1994,7,1256.00648437,500.4549826,0
New South Wales,Bombala (A),1997,2,338.77254550000004,273.4784283,0
New South Wales,Bombala (A),2001,1,130.00685332,130.00685332,0
New South Wales,Bombala (A),2002,4,839.11506129,437.23199676,0
New South Wales,Bombala (A),2003,4,46682.22889176359,28456.13091572798,2
New South Wales,Bombala (A),2004,1,238.39412461,238.39412461,0
New South Wales,Bombala (A),2005,5,3891.52656607,1492.0280135,0
New South Wales,Bombala (A),2006,1,16.4996279,16.4996279,0
New South Wales,Bombala (A),2007,2,2549.1619382,2548.55504509,0
New South Wales,Bombala (A),2008,1,1021.19967596,1021.19967596,0
New South Wales,Bombala (A),2009,3,551.86448028,342.98787998,0
New South Wales,Bombala (A),2010,3,2311.9191303899997,1185.01969831,0
New South Wales,Bombala (A),2011,1,10436.22672547,10436.22672547,1
New South Wales,Bombala (A),2012,1,0.15872572,0.15872572,0
New South Wales,Bombala (A),2013,9,3466.76125461,2527.78469069,0
New South Wales,Bombala (A),2014,4,27.18585424,20.36965545,0
New South Wales,Bombala (A),2015,15,4205.72326022,1788.40759599,0
New South Wales,Bombala (A),2016,38,1495.30007142,158.12774119,0
New South Wales,Bombala (A),2017,6,2186.1273250900003,1116.8586726,0
New South Wales,Bombala (A),2018,2,22.07543558,22.06916166,0
New South Wales,Bombala (A),2019,9,5451.32570726,3528.25773922,0
New South Wales,Bombala (A),2020,6,35553.023617908846,26262.45367032,1
New South Wales,Bombala (A),2021,11,806.98065749,497.47558933,0
New South Wales,Bombala (A),2023,9,2834.13208451,867.74264642,0
New South Wales,Bombala (A),2024,7,1415.0526831500001,777.12837989,0
New South Wales,Bombala (A),2025,8,2719.10228508,904.40108863,0
New South Wales,Bombala (A),2026,17,406.93194506,73.2702366,0
New South Wales,Cabonne (A),1988,1,180.56911502,180.56911502,0
New South Wales,Cabonne (A),1991,1,365.84937087,365.84937087,0
New South Wales,Cabonne (A),1994,2,0.48035864,0.46495682,0
New South Wales,Cabonne (A),1995,2,0.13537019,0.10889718,0
New South Wales,Cabonne (A),1996,2,4.41543056,4.16874409,0
New South Wales,Cabonne (A),1997,2,0.7062549,0.4020841,0
New South Wales,Cabonne (A),1998,3,0.33489679,0.27099776,0
New South Wales,Cabonne (A),1999,2,1.36408727,1.27646,0
New South Wales,Cabonne (A),2000,1,0.29010274,0.29010274,0
New South Wales,Cabonne (A),2001,3,6.607811140000001,4.33739946,0
New South Wales,Cabonne (A),2002,7,27670.52102404,27537.63241262,1
New South Wales,Cabonne (A),2003,3,3.93908519,3.75794535,0
New South Wales,Cabonne (A),2004,5,14.21179401,14.18736482,0
New South Wales,Cabonne (A),2005,8,178.09053861,75.89753173,0
New South Wales,Cabonne (A),2006,8,1116.44240694,1034.78549028,0
New South Wales,Cabonne (A),2007,15,2385.00244756,1006.65532481,0
New South Wales,Cabonne (A),2008,11,1493.32792779,441.86231809,0
New South Wales,Cabonne (A),2009,30,5996.0840805299995,1043.91975279,0
New South Wales,Cabonne (A),2010,27,5765.29279522,909.59089864,0
New South Wales,Cabonne (A),2011,9,3255.53555304,886.29594734,0
New South Wales,Cabonne (A),2012,1,2.11913389,2.11913389,0
New South Wales,Cabonne (A),2013,5,1342.07867159,1005.37802176,0
New South Wales,Cabonne (A),2014,3,5.692419510000001,3.67175922,0
New South Wales,Cabonne (A),2015,2,105.68442973,105.68424872,0
New South Wales,Cabonne (A),2016,1,15.02301851,15.02301851,0
New South Wales,Cabonne (A),2017,4,1040.6556634499998,521.00680312,0
New South Wales,Cabonne (A),2018,6,3063.38841532,1778.28194233,0
New South Wales,Cabonne (A),2019,6,1649.2167218499999,1604.89586085,0
New South Wales,Cabonne (A),2023,2,44.49028474,35.3531671,0
New South Wales,Cabonne (A),2024,3,2.83326204,1.99660421,0
New South Wales,Cabonne (A),2025,3,1.9195193700000002,1.55759847,0
New South Wales,Cabonne (A),2026,9,2358.82520237,974.99412888,0
New South Wales,Cessnock (C),1956,1,45.68202312,45.68202312,0
New South Wales,Cessnock (C),1961,1,40.78117163,40.78117163,0
New South Wales,Cessnock (C),1964,3,212.26673472000002,193.08390127,0
New South Wales,Cessnock (C),1965,5,543.06584044,326.578957,0
New South Wales,Cessnock (C),1966,1,5.92664997,5.92664997,0
New South Wales,Cessnock (C),1968,1,118.36658773,118.36658773,0
New South Wales,Cessnock (C),1969,2,608.71491211,570.67538519,0
New South Wales,Cessnock (C),1971,2,178.9267956,90.92203915,0
New South Wales,Cessnock (C),1972,1,171.62917051,171.62917051,0
New South Wales,Cessnock (C),1975,1,181.12822953,181.12822953,0
New South Wales,Cessnock (C),1976,3,1516.40854876,627.07584344,0
New South Wales,Cessnock (C),1977,3,1174.80090824,483.49802484,0
New South Wales,Cessnock (C),1979,2,69.95490585,59.12025348,0
New South Wales,Cessnock (C),1981,2,667.46484121,515.46848406,0
New South Wales,Cessnock (C),1985,1,104.29190724,104.29190724,0
New South Wales,Cessnock (C),1986,2,316.53113777,229.52047408,0
New South Wales,Cessnock (C),1988,3,553.36502008,398.6228678,0
New South Wales,Cessnock (C),1989,19,226.40297037,65.04834447,0
New South Wales,Cessnock (C),1990,6,2266.92730347,819.56917884,0
New South Wales,Cessnock (C),1991,27,9025.91805764,3481.21012105,0
New South Wales,Cessnock (C),1992,11,36.89945026,17.51670587,0
New South Wales,Cessnock (C),1994,5,3811.22648648,1615.89608624,0
New South Wales,Cessnock (C),1995,16,2483.93604879,738.35693298,0
New South Wales,Cessnock (C),1996,17,1798.14612907,418.62435639,0
New South Wales,Cessnock (C),1997,23,2573.9761605,1117.85820292,0
New South Wales,Cessnock (C),1998,13,499.86472118999995,143.62527039,0
New South Wales,Cessnock (C),1999,10,648.6286374,536.69925335,0
New South Wales,Cessnock (C),2000,13,973.1437595100001,542.79478971,0
New South Wales,Cessnock (C),2001,27,1349.86659934,575.81468732,0
New South Wales,Cessnock (C),2002,13,2893.93218743,1471.83910192,0
New South Wales,Cessnock (C),2003,7,475.21739378,295.84713579,0
New South Wales,Cessnock (C),2004,2,2.71598599,1.4472336,0
New South Wales,Cessnock (C),2005,3,123.97139932000002,65.8907159,0
New South Wales,Cessnock (C),2006,7,314.67911625,155.58033953,0
New South Wales,Cessnock (C),2007,5,76.16701054,43.90870743,0
New South Wales,Cessnock (C),2008,2,5.46581026,4.25610163,0
New South Wales,Cessnock (C),2009,12,467.45850842000004,174.08289733,0
New South Wales,Cessnock (C),2010,5,212.85253031000002,163.21677883,0
New South Wales,Cessnock (C),2011,11,430.57503159,157.79540554,0
New South Wales,Cessnock (C),2012,11,282.65932667,186.87317467,0
New South Wales,Cessnock (C),2013,23,1477.58252895,954.72199455,0
New South Wales,Cessnock (C),2014,18,4994.3257107399995,2421.15674499,0
New South Wales,Cessnock (C),2015,9,1588.90329058,886.22954918,0
New South Wales,Cessnock (C),2016,31,5869.54160676,1472.69930161,0
New South Wales,Cessnock (C),2017,18,2228.98671078,1061.26826169,0
New South Wales,Cessnock (C),2018,12,1280.28449086,555.84883192,0
New South Wales,Cessnock (C),2019,20,7627.2010132000005,6694.41420164,0
New South Wales,Cessnock (C),2020,2,169.26792201,114.99611482,0
New South Wales,Cessnock (C),2021,5,158.46733694000002,87.26988212,0
New South Wales,Cessnock (C),2023,21,1302.94973392,837.68249426,0
New South Wales,Cessnock (C),2024,7,198.08174608,84.7207493,0
New South Wales,Cessnock (C),2025,13,240.42155068,46.14218594,0
New South Wales,Clarence Valley (A),1964,1,676.50480083,676.50480083,0
New South Wales,Clarence Valley (A),1966,3,136.75666443,66.45817247,0
New South Wales,Clarence Valley (A),1967,1,344.13226808,344.13226808,0
New South Wales,Clarence Valley (A),1968,3,760.03315601,617.63054931,0
New South Wales,Clarence Valley (A),1969,1,14.5542131,14.5542131,0
New South Wales,Clarence Valley (A),1970,1,29.8131856,29.8131856,0
New South Wales,Clarence Valley (A),1971,3,760.85051799,458.15143893,0
New South Wales,Clarence Valley (A),1972,6,1368.22972179,543.87404723,0
New South Wales,Clarence Valley (A),1974,8,670.32337705,271.11944765,0
New South Wales,Clarence Valley (A),1975,5,1061.35162122,629.02382292,0
New South Wales,Clarence Valley (A),1976,9,1439.8532708,791.34658647,0
New South Wales,Clarence Valley (A),1977,13,2145.48175563,1235.72733786,0
New South Wales,Clarence Valley (A),1978,2,74.67633807,53.04750072,0
New South Wales,Clarence Valley (A),1979,3,325.64768730000003,173.10509816,0
New South Wales,Clarence Valley (A),1980,19,15049.524598510001,7003.50194576,0
New South Wales,Clarence Valley (A),1982,1,1015.3227739,1015.3227739,0
New South Wales,Clarence Valley (A),1985,2,2.10930125,2.08074269,0
New South Wales,Clarence Valley (A),1986,14,7449.00089719,2066.47159599,0
New South Wales,Clarence Valley (A),1987,19,945.8602462200001,370.92324617,0
New South Wales,Clarence Valley (A),1988,8,3191.0807785800002,1770.85977707,0
New South Wales,Clarence Valley (A),1989,6,2575.38897186,767.38062336,0
New South Wales,Clarence Valley (A),1990,2,1976.01904655,1474.25002015,0
New South Wales,Clarence Valley (A),1991,10,5003.64611146,1960.78844606,0
New South Wales,Clarence Valley (A),1993,20,2925.21501073,527.10390504,0
New South Wales,Clarence Valley (A),1994,32,37990.68625814,16173.86381744,1
New South Wales,Clarence Valley (A),1995,10,6003.62309147,4309.40754751,0
New South Wales,Clarence Valley (A),1996,33,7355.39779689,2062.1149641,0
New South Wales,Clarence Valley (A),1997,7,864.81722892,297.85058872,0
New South Wales,Clarence Valley (A),1998,11,2495.08879164,1142.8994014,0
New South Wales,Clarence Valley (A),1999,4,1033.14837867,701.86981039,0
New South Wales,Clarence Valley (A),2000,42,96732.4767899,25937.08006352,3
New South Wales,Clarence Valley (A),2001,67,88901.50290213,21917.35307715,4
New South Wales,Clarence Valley (A),2002,130,197203.73458679998,36770.21231343,5
New South Wales,Clarence Valley (A),2003,49,24760.11263851,2904.85819098,0
New South Wales,Clarence Valley (A),2004,41,22139.2491783,9226.89490729,0
New South Wales,Clarence Valley (A),2005,81,16831.74437247,2223.56185156,0
New South Wales,Clarence Valley (A),2006,16,2834.34052213,1446.49084525,0
New South Wales,Clarence Valley (A),2007,48,19886.762249580002,4742.46732862,0
New South Wales,Clarence Valley (A),2008,34,12715.249761519999,2233.02619101,0
New South Wales,Clarence Valley (A),2009,74,58240.67155911,13737.09962389,1
New South Wales,Clarence Valley (A),2010,11,3010.4130194599998,1014.66959674,0
New South Wales,Clarence Valley (A),2011,31,3534.62941729,1050.50795537,0
New South Wales,Clarence Valley (A),2012,40,20690.850285120003,7103.91630701,0
New South Wales,Clarence Valley (A),2013,137,54438.51917771,12470.82300099,1
New South Wales,Clarence Valley (A),2014,44,24784.7644759,4116.86860866,0
New South Wales,Clarence Valley (A),2015,25,5272.40211423,877.82955897,0
New South Wales,Clarence Valley (A),2016,38,22298.75068409,5364.85770906,0
New South Wales,Clarence Valley (A),2017,31,12023.49055556,3239.88597097,0
New South Wales,Clarence Valley (A),2018,43,45470.04393488,6277.93664221,0
New South Wales,Clarence Valley (A),2019,90,385434.51909787,174036.61339937,5
New South Wales,Clarence Valley (A),2020,14,1379.24713179,370.71582016,0
New South Wales,Clarence Valley (A),2021,12,1611.42298776,522.69771271,0
New South Wales,Clarence Valley (A),2022,15,319.88333231,119.51930975,0
New South Wales,Clarence Valley (A),2023,56,34882.47505908,12778.50508844,1
New South Wales,Clarence Valley (A),2024,19,7958.87630765,4361.03589828,0
New South Wales,Clarence Valley (A),2025,44,13799.12947951,3969.72574306,0
New South Wales,Clarence Valley (A),2026,12,3242.17978277,1321.59462417,0
New South Wales,Cooma-Monaro (A),1974,1,3866.88488723,3866.88488723,0
New South Wales,Cooma-Monaro (A),1987,1,440.7976108,440.7976108,0
New South Wales,Cooma-Monaro (A),1990,1,1492.15382895,1492.15382895,0
New South Wales,Cooma-Monaro (A),1999,2,760.46492629,754.94418394,0
New South Wales,Cooma-Monaro (A),2001,1,28.16172491,28.16172491,0
New South Wales,Cooma-Monaro (A),2003,1,115.02756656,115.02756656,0
New South Wales,Cooma-Monaro (A),2005,2,1315.88713262,1085.3939745,0
New South Wales,Cooma-Monaro (A),2006,1,1216.26607639,1216.26607639,0
New South Wales,Cooma-Monaro (A),2007,1,356.90204004,356.90204004,0
New South Wales,Cooma-Monaro (A),2009,7,1356.15457187,756.17324907,0
New South Wales,Cooma-Monaro (A),2010,4,6724.90527677,6690.21244289,0
New South Wales,Cooma-Monaro (A),2013,7,14388.53735118,12331.60392766,1
New South Wales,Cooma-Monaro (A),2014,5,275.38256571,144.1860022,0
New South Wales,Cooma-Monaro (A),2015,1,0.0114479,0.0114479,0
New South Wales,Cooma-Monaro (A),2016,3,123.50686447999999,77.80429887,0
New South Wales,Cooma-Monaro (A),2017,2,290.72427456,290.40830806,0
New South Wales,Cooma-Monaro (A),2018,2,316.08672027,315.93390153,0
New South Wales,Cooma-Monaro (A),2019,48,57.451219779999995,17.62622877,0
New South Wales,Cooma-Monaro (A),2020,54,14357.15889352,5538.91918973,0
New South Wales,Cooma-Monaro (A),2022,1,20.80604472,20.80604472,0
New South Wales,Cooma-Monaro (A),2023,5,985.7150670799999,649.82526315,0
New South Wales,Cooma-Monaro (A),2024,6,332.43530382000006,330.00920407,0
New South Wales,Cooma-Monaro (A),2025,2,55.36014531,33.37656595,0
New South Wales,Cooma-Monaro (A),2026,24,699.7089087100001,429.16551577,0
New South Wales,Eurobodalla (A),1983,2,294.75448432999997,197.22376039,0
New South Wales,Eurobodalla (A),1984,4,96.87662993000001,45.98311592,0
New South Wales,Eurobodalla (A),1985,1,19.2825711,19.2825711,0
New South Wales,Eurobodalla (A),1986,2,64.36301234,43.83809731,0
New South Wales,Eurobodalla (A),1988,1,33.58405638,33.58405638,0
New South Wales,Eurobodalla (A),1989,1,167.33089282,167.33089282,0
New South Wales,Eurobodalla (A),1990,9,707.40149589,144.33977637,0
New South Wales,Eurobodalla (A),1991,5,1330.05509701,625.20641256,0
New South Wales,Eurobodalla (A),1992,2,114.68345845,70.47614561,0
New South Wales,Eurobodalla (A),1993,7,2264.13571787,873.70744628,0
New South Wales,Eurobodalla (A),1994,14,15005.3413382,6941.6399654,0
New South Wales,Eurobodalla (A),1995,35,19221.95086685,13595.28700117,1
New South Wales,Eurobodalla (A),1996,27,7448.87916348,2376.1988739,0
New South Wales,Eurobodalla (A),1997,25,3873.1888343200003,897.83165824,0
New South Wales,Eurobodalla (A),1998,17,2495.55379717,383.23098098,0
New South Wales,Eurobodalla (A),1999,19,12606.101040779999,7377.52503586,0
New South Wales,Eurobodalla (A),2000,14,4403.18727021,1582.46469294,0
New South Wales,Eurobodalla (A),2001,10,2644.82306659,763.89074127,0
New South Wales,Eurobodalla (A),2002,18,4643.45266406,2673.16975492,0
New South Wales,Eurobodalla (A),2003,38,5426.62713009,1661.51918955,0
New South Wales,Eurobodalla (A),2004,53,17789.750208769998,2522.18060411,0
New South Wales,Eurobodalla (A),2005,47,9372.3799327,3105.91747362,0
New South Wales,Eurobodalla (A),2006,22,1980.31679313,412.16678907,0
New South Wales,Eurobodalla (A),2007,1,1.24696871,1.24696871,0
New South Wales,Eurobodalla (A),2008,5,849.4492156299999,560.49791908,0
New South Wales,Eurobodalla (A),2009,22,5535.7709218,3081.92184896,0
New South Wales,Eurobodalla (A),2010,9,2046.0545005000001,1989.88374546,0
New South Wales,Eurobodalla (A),2011,3,34.15193274,21.19278257,0
New South Wales,Eurobodalla (A),2012,1,75.98179631,75.98179631,0
New South Wales,Eurobodalla (A),2013,15,3383.0114470599997,787.95185995,0
New South Wales,Eurobodalla (A),2014,14,1760.5266282500002,610.76586092,0
New South Wales,Eurobodalla (A),2015,8,858.24282239,282.75339785,0
New South Wales,Eurobodalla (A),2016,21,4936.812388,1735.07219818,0
New South Wales,Eurobodalla (A),2017,2,0.09256098,0.06428591,0
New South Wales,Eurobodalla (A),2018,12,1310.34114932,394.22684304,0
New South Wales,Eurobodalla (A),2019,26,95685.37639187,83104.55669772,2
New South Wales,Eurobodalla (A),2020,1,14.08481792,14.08481792,0
New South Wales,Eurobodalla (A),2021,4,147.33026688,51.75834176,0
New South Wales,Eurobodalla (A),2023,11,16.38052539,10.5778418,0
New South Wales,Eurobodalla (A),2024,3,56.311651780000005,56.13029824,0
New South Wales,Eurobodalla (A),2025,6,46.095736280000004,43.69234764,0
New South Wales,Eurobodalla (A),2026,13,1089.22847363,272.9597796,0
New South Wales,Glen Innes Severn (A),1951,2,931.0260013899999,882.11780227,0
New South Wales,Glen Innes Severn (A),1953,1,60.2633471,60.2633471,0
New South Wales,Glen Innes Severn (A),1954,1,51.36166082,51.36166082,0
New South Wales,Glen Innes Severn (A),1956,1,45.31141001,45.31141001,0
New South Wales,Glen Innes Severn (A),1957,5,3675.4795381100002,2935.14595326,0
New South Wales,Glen Innes Severn (A),1958,1,85.32214528,85.32214528,0
New South Wales,Glen Innes Severn (A),1960,2,426.11716946,241.70102781,0
New South Wales,Glen Innes Severn (A),1964,1,235.65814638,235.65814638,0
New South Wales,Glen Innes Severn (A),1965,6,2155.6699384000003,802.66334253,0
New South Wales,Glen Innes Severn (A),1967,3,842.2581883299999,557.30565253,0
New South Wales,Glen Innes Severn (A),1968,6,3123.62168709,1612.68670819,0
New South Wales,Glen Innes Severn (A),1975,5,2673.6984294900003,1577.09707611,0
New South Wales,Glen Innes Severn (A),1984,3,1074.606883,796.4006462,0
New South Wales,Glen Innes Severn (A),1986,13,6154.6492864,2471.73369008,0
New South Wales,Glen Innes Severn (A),1987,1,2141.0661177,2141.0661177,0
New South Wales,Glen Innes Severn (A),1988,3,1435.8267467,800.03969745,0
New South Wales,Glen Innes Severn (A),1989,3,1938.8550431600002,1588.42650273,0
New South Wales,Glen Innes Severn (A),1990,3,1070.70158859,597.06765658,0
New South Wales,Glen Innes Severn (A),1991,8,3797.84546952,1591.26967605,0
New South Wales,Glen Innes Severn (A),1992,1,239.05001743,239.05001743,0
New South Wales,Glen Innes Severn (A),1994,2,1038.66703016,705.02563839,0
New South Wales,Glen Innes Severn (A),1995,1,170.21351029,170.21351029,0
New South Wales,Glen Innes Severn (A),1996,2,446.62024643999996,234.85757579,0
New South Wales,Glen Innes Severn (A),1997,16,3297.83306714,736.31586719,0
New South Wales,Glen Innes Severn (A),1998,16,4407.3256573300005,1222.82275542,0
New South Wales,Glen Innes Severn (A),2000,2,320.93853935,236.58429909,0
New South Wales,Glen Innes Severn (A),2001,32,5713.81442557,2488.79845303,0
New South Wales,Glen Innes Severn (A),2002,16,15499.57523324,8983.21286013,0
New South Wales,Glen Innes Severn (A),2003,7,21201.8645712,17258.40033886,1
New South Wales,Glen Innes Severn (A),2004,2,187.02322445000001,186.13873222,0
New South Wales,Glen Innes Severn (A),2005,8,6218.78450126,2315.50641101,0
New South Wales,Glen Innes Severn (A),2006,1,1030.25214333,1030.25214333,0
New South Wales,Glen Innes Severn (A),2007,13,6827.9519041,6251.97352628,0
New South Wales,Glen Innes Severn (A),2008,5,4977.63484969,1845.2719907,0
New South Wales,Glen Innes Severn (A),2009,24,19216.396795819997,11567.68550618,1
New South Wales,Glen Innes Severn (A),2010,2,584.69159125,310.36032428,0
New South Wales,Glen Innes Severn (A),2011,5,1794.7656361,786.9524284,0
New South Wales,Glen Innes Severn (A),2012,6,2924.2545631,976.45312755,0
New South Wales,Glen Innes Severn (A),2013,8,4430.27563531,2797.97796466,0
New South Wales,Glen Innes Severn (A),2014,13,2710.76997343,1130.55022729,0
New South Wales,Glen Innes Severn (A),2015,7,4850.95270558,2580.27106877,0
New South Wales,Glen Innes Severn (A),2016,3,2043.4594711700001,1872.11206192,0
New South Wales,Glen Innes Severn (A),2017,8,4032.80358025,2177.48201437,0
New South Wales,Glen Innes Severn (A),2018,9,9683.10108862,4255.49066073,0
New South Wales,Glen Innes Severn (A),2019,21,71536.2236617,35930.75916501,2
New South Wales,Glen Innes Severn (A),2020,4,9.72595705,9.46507068,0
New South Wales,Glen Innes Severn (A),2022,1,31.08038136,31.08038136,0
New South Wales,Glen Innes Severn (A),2023,22,1583.73117832,385.53349598,0
New South Wales,Glen Innes Severn (A),2024,2,350.18185651,307.25788832,0
New South Wales,Glen Innes Severn (A),2025,6,2470.2062376500003,1471.9495621,0
New South Wales,Gloucester (A),1968,1,156.72843253,156.72843253,0
New South Wales,Gloucester (A),1991,1,151.09135254,151.09135254,0
New South Wales,Gloucester (A),1993,2,145.78602071999998,136.13521705,0
New South Wales,Gloucester (A),1994,1,8.53961081,8.53961081,0
New South Wales,Gloucester (A),1998,1,7.4959987,7.4959987,0
New South Wales,Gloucester (A),2000,9,3638.34990067,1240.07776694,0
New South Wales,Gloucester (A),2001,7,2264.1699677300003,1254.51199227,0
New South Wales,Gloucester (A),2002,10,6099.15500072,1854.5659236,0
New South Wales,Gloucester (A),2003,7,918.10799851,319.23674817,0
New South Wales,Gloucester (A),2004,9,1069.57989597,304.71046178,0
New South Wales,Gloucester (A),2005,18,1049.10703233,456.01876306,0
New South Wales,Gloucester (A),2006,6,299.27235026,111.20552157,0
New South Wales,Gloucester (A),2007,18,2673.19338609,1700.85789328,0
New South Wales,Gloucester (A),2008,1,60.23358573,60.23358573,0
New South Wales,Gloucester (A),2009,10,3636.42649136,1802.73201615,0
New South Wales,Gloucester (A),2010,3,766.31957908,553.13528007,0
New South Wales,Gloucester (A),2011,2,123.92199103,122.80414622,0
New South Wales,Gloucester (A),2012,11,7632.67800593,5376.42228319,0
New South Wales,Gloucester (A),2013,8,3495.38668057,1319.99730823,0
New South Wales,Gloucester (A),2014,6,3971.69680405,2491.47348238,0
New South Wales,Gloucester (A),2015,1,17.11065515,17.11065515,0
New South Wales,Gloucester (A),2016,6,1516.29785045,645.49757743,0
New South Wales,Gloucester (A),2017,4,17710.17102776,16481.13776907,1
New South Wales,Gloucester (A),2018,6,693.45694258,646.67104009,0
New South Wales,Gloucester (A),2019,4,5708.1571818699995,2595.73685852,0
New South Wales,Gloucester (A),2020,2,66.13898773,64.01053985,0
New South Wales,Gloucester (A),2023,7,2623.64131522,1539.71220004,0
New South Wales,Gloucester (A),2024,1,10.33034508,10.33034508,0
New South Wales,Gloucester (A),2025,4,182.01967265000002,119.80814164,0
New South Wales,Great Lakes (A),1899,1,2.46218409,2.46218409,0
New South Wales,Great Lakes (A),1968,39,89930.05154151,14495.30399298,4
New South Wales,Great Lakes (A),1971,11,4123.24260759,1642.4295431,0
New South Wales,Great Lakes (A),1973,1,81.06692494,81.06692494,0
New South Wales,Great Lakes (A),1974,8,6683.733753369999,2124.87099615,0
New South Wales,Great Lakes (A),1975,2,337.56083293,266.09542574,0
New South Wales,Great Lakes (A),1976,8,3835.1455841899997,2245.82152629,0
New South Wales,Great Lakes (A),1977,3,301.37903864,190.71313031,0
New South Wales,Great Lakes (A),1979,11,7007.40206142,2309.79913003,0
New South Wales,Great Lakes (A),1980,19,13385.33008047,4901.82773068,0
New South Wales,Great Lakes (A),1982,2,129.68529494,104.71751835,0
New South Wales,Great Lakes (A),1983,1,54.6325937,54.6325937,0
New South Wales,Great Lakes (A),1984,21,2366.30298406,256.40426437,0
New South Wales,Great Lakes (A),1985,26,7070.8917645500005,3646.52406389,0
New South Wales,Great Lakes (A),1986,19,7953.32041175,1778.05507004,0
New South Wales,Great Lakes (A),1987,4,686.83951479,511.28023407,0
New South Wales,Great Lakes (A),1988,6,772.03917561,541.86260931,0
New South Wales,Great Lakes (A),1989,23,4300.27472733,767.15998399,0
New South Wales,Great Lakes (A),1990,20,6346.93409134,2860.31490811,0
New South Wales,Great Lakes (A),1991,33,16474.32787865,1902.13792269,0
New South Wales,Great Lakes (A),1992,6,759.488457,358.63801811,0
New South Wales,Great Lakes (A),1993,4,2024.6975656200002,1912.32346821,0
New South Wales,Great Lakes (A),1994,22,8547.84936323,4425.13202456,0
New South Wales,Great Lakes (A),1995,10,2124.12141053,1015.67149698,0
New South Wales,Great Lakes (A),1996,18,2847.74525977,786.58522233,0
New South Wales,Great Lakes (A),1997,10,664.39747312,147.24490259,0
New South Wales,Great Lakes (A),1998,11,738.97052044,517.47764752,0
New South Wales,Great Lakes (A),1999,2,19.87628208,11.15249062,0
New South Wales,Great Lakes (A),2000,22,6136.94094203,3336.3941783,0
New South Wales,Great Lakes (A),2001,22,5053.69507059,2114.26162701,0
New South Wales,Great Lakes (A),2002,16,16613.931397,6976.99821179,0
New South Wales,Great Lakes (A),2003,8,371.15729323,188.60794325,0
New South Wales,Great Lakes (A),2004,8,390.21653441999996,257.3289564,0
New South Wales,Great Lakes (A),2005,10,189.92578528,74.18994451,0
New South Wales,Great Lakes (A),2006,10,4582.037661830001,2221.19599331,0
New South Wales,Great Lakes (A),2007,38,2438.3739218,783.50609109,0
New South Wales,Great Lakes (A),2008,4,701.33705795,578.44371905,0
New South Wales,Great Lakes (A),2009,18,6412.740634350001,2129.35448089,0
New South Wales,Great Lakes (A),2010,11,1187.9581061200001,800.64799687,0
New South Wales,Great Lakes (A),2011,4,444.94806682999996,285.03054129,0
New South Wales,Great Lakes (A),2012,9,2900.2589510199996,2604.22761706,0
New South Wales,Great Lakes (A),2013,14,7224.48428691,1636.55392917,0
New South Wales,Great Lakes (A),2014,11,3528.85253224,1646.20530733,0
New South Wales,Great Lakes (A),2015,7,2083.79482714,889.75075428,0
New South Wales,Great Lakes (A),2016,6,1667.2357460399999,1051.82551324,0
New South Wales,Great Lakes (A),2017,5,4102.97035108,2560.62089775,0
New South Wales,Great Lakes (A),2018,7,184.9858932,160.45765397,0
New South Wales,Great Lakes (A),2019,20,7488.32227397,4087.634884,0
New South Wales,Great Lakes (A),2020,11,1554.3383039,1148.74133245,0
New South Wales,Great Lakes (A),2021,11,1733.25970708,1353.02651162,0
New South Wales,Great Lakes (A),2022,2,7.52523721,6.84171007,0
New South Wales,Great Lakes (A),2023,23,2580.47257273,840.26553548,0
New South Wales,Great Lakes (A),2024,5,468.97607886,270.54206886,0
New South Wales,Great Lakes (A),2025,6,1244.40382793,887.54379904,0
New South Wales,Great Lakes (A),2026,9,6466.956034809999,6418.97336329,0
New South Wales,Greater Taree (C),1899,1,37.95335631,37.95335631,0
New South Wales,Greater Taree (C),1998,1,48.71980601,48.71980601,0
New South Wales,Greater Taree (C),1999,3,265.33272863,111.48265944,0
New South Wales,Greater Taree (C),2000,5,2108.31023919,1109.81997424,0
New South Wales,Greater Taree (C),2001,13,2518.2400502,1618.35494522,0
New South Wales,Greater Taree (C),2002,10,3054.1578028999998,2219.38645233,0
New South Wales,Greater Taree (C),2003,13,1342.50315871,1110.03583986,0
New South Wales,Greater Taree (C),2004,7,166.14038536,64.30534191,0
New South Wales,Greater Taree (C),2005,18,1131.29039137,366.81340651,0
New South Wales,Greater Taree (C),2006,12,366.37709481,151.19920557,0
New South Wales,Greater Taree (C),2007,14,3520.74053479,2814.88646665,0
New South Wales,Greater Taree (C),2008,8,443.34950326,147.90961755,0
New South Wales,Greater Taree (C),2009,12,1890.98249064,619.34330069,0
New South Wales,Greater Taree (C),2010,13,1121.82435763,421.66873133,0
New South Wales,Greater Taree (C),2011,8,739.71160519,349.4830117,0
New South Wales,Greater Taree (C),2012,8,3436.5976530099997,2175.7257474,0
New South Wales,Greater Taree (C),2013,13,6346.59730296,5236.09695027,0
New South Wales,Greater Taree (C),2014,5,5808.78836126,3279.39343567,0
New South Wales,Greater Taree (C),2015,8,1453.87115826,723.71560804,0
New South Wales,Greater Taree (C),2016,5,712.36702747,404.58279484,0
New South Wales,Greater Taree (C),2017,10,3465.4879892,1706.73888299,0
New South Wales,Greater Taree (C),2018,5,572.9355291,318.68686061,0
New South Wales,Greater Taree (C),2019,18,103338.88179259,28538.93262426,4
New South Wales,Greater Taree (C),2020,2,14.59969175,14.59672379,0
New South Wales,Greater Taree (C),2021,2,268.4556135,162.39059857,0
New South Wales,Greater Taree (C),2022,4,309.45672645,169.02021732,0
New South Wales,Greater Taree (C),2023,8,1038.36881955,866.57495912,0
New South Wales,Greater Taree (C),2024,3,51.64523172,33.89595081,0
New South Wales,Greater Taree (C),2025,12,400.69706759,188.16063757,0
New South Wales,Greater Taree (C),2026,3,56.0479286,37.92765921,0
New South Wales,Guyra (A),1899,1,1399.19494745,1399.19494745,0
New South Wales,Guyra (A),1986,1,50.30945192,50.30945192,0
New South Wales,Guyra (A),1995,1,336.209614,336.209614,0
New South Wales,Guyra (A),2000,4,51768.94820781,34055.12798369,2
New South Wales,Guyra (A),2001,4,1982.6340032399999,832.98296845,0
New South Wales,Guyra (A),2002,11,14572.69639494,6558.47251611,0
New South Wales,Guyra (A),2003,3,5326.39674017,3837.69617433,0
New South Wales,Guyra (A),2004,2,4515.58332686,3033.06447566,0
New South Wales,Guyra (A),2005,4,2156.1219239099996,1112.47693984,0
New South Wales,Guyra (A),2006,6,1423.54166167,616.34913987,0
New South Wales,Guyra (A),2007,8,12629.413410539999,5189.25501557,0
New South Wales,Guyra (A),2008,2,5302.49881132,5106.68038576,0
New South Wales,Guyra (A),2009,7,4447.22679884,3957.24570064,0
New South Wales,Guyra (A),2010,1,38.83361748,38.83361748,0
New South Wales,Guyra (A),2011,4,865.3754021,714.12801012,0
New South Wales,Guyra (A),2012,2,3631.78807052,3345.53388044,0
New South Wales,Guyra (A),2013,75,17463.28108727,11308.5137003,1
New South Wales,Guyra (A),2014,7,9796.043599319999,8817.43746316,0
New South Wales,Guyra (A),2015,5,2367.38117567,1139.29297631,0
New South Wales,Guyra (A),2016,3,240.18473858000002,208.29447055,0
New South Wales,Guyra (A),2017,2,3358.88929672,3358.87869702,0
New South Wales,Guyra (A),2018,1,12.68118855,12.68118855,0
New South Wales,Guyra (A),2019,9,63596.21280586001,23528.84937468,3
New South Wales,Guyra (A),2020,10,4161.7454888600005,3197.55079323,0
New South Wales,Guyra (A),2023,10,5085.15108716,4085.5694245,0
New South Wales,Guyra (A),2024,1,52.15880405,52.15880405,0
New South Wales,Guyra (A),2025,1,7.87228677,7.87228677,0
New South Wales,Guyra (A),2026,1,15.22691775,15.22691775,0
New South Wales,Hawkesbury (C),1976,1,6151.03085301,6151.03085301,0
New South Wales,Hawkesbury (C),1986,2,3505.43963739,3398.65176424,0
New South Wales,Hawkesbury (C),1988,2,661.52705454,647.44792722,0
New South Wales,Hawkesbury (C),1989,14,2699.24093968,913.95680497,0
New South Wales,Hawkesbury (C),1990,5,6005.03991046,3861.78026565,0
New South Wales,Hawkesbury (C),1991,36,14808.16388989,6777.86873374,0
New South Wales,Hawkesbury (C),1992,10,297.51636527,274.92336126,0
New South Wales,Hawkesbury (C),1993,9,353.78562773,133.08060588,0
New South Wales,Hawkesbury (C),1994,12,1189.53118654,602.78144406,0
New South Wales,Hawkesbury (C),1995,4,1060.0665871800002,382.27193637,0
New South Wales,Hawkesbury (C),1996,11,1280.15584429,563.08330368,0
New South Wales,Hawkesbury (C),1997,30,13245.50825142,2943.71077855,0
New South Wales,Hawkesbury (C),1998,5,200.23071587,163.8403562,0
New South Wales,Hawkesbury (C),1999,6,469.44891068000004,188.13897632,0
New South Wales,Hawkesbury (C),2000,13,45.31846822,22.25811986,0
New South Wales,Hawkesbury (C),2001,16,883.6869775399999,496.75979463,0
New South Wales,Hawkesbury (C),2002,19,25584.02680932,24828.57102974,1
New South Wales,Hawkesbury (C),2003,18,3065.8043441,1384.1647977,0
New South Wales,Hawkesbury (C),2004,21,2695.1318473,1109.51384559,0
New South Wales,Hawkesbury (C),2005,20,2386.76675341,715.85074956,0
New South Wales,Hawkesbury (C),2006,18,13828.038712079999,13071.89667094,1
New South Wales,Hawkesbury (C),2007,7,59.61199836,48.35172688,0
New South Wales,Hawkesbury (C),2008,11,1022.03780915,536.97145491,0
New South Wales,Hawkesbury (C),2009,38,1467.48921947,476.10336101,0
New South Wales,Hawkesbury (C),2010,19,4022.01812678,1963.94180698,0
New South Wales,Hawkesbury (C),2011,16,6138.95311711,2592.28134193,0
New South Wales,Hawkesbury (C),2012,21,5167.9632846800005,2616.43758934,0
New South Wales,Hawkesbury (C),2013,28,9124.42995897,2726.88897188,0
New South Wales,Hawkesbury (C),2014,24,3026.62749081,591.67217512,0
New South Wales,Hawkesbury (C),2015,14,8968.42956081,5451.51030569,0
New South Wales,Hawkesbury (C),2016,37,7875.49815564,2669.25825794,0
New South Wales,Hawkesbury (C),2017,16,3709.5490861300004,2176.34078954,0
New South Wales,Hawkesbury (C),2018,15,3163.92321857,1927.10701656,0
New South Wales,Hawkesbury (C),2019,19,58132.013335539996,48215.55012742,1
New South Wales,Hawkesbury (C),2020,6,549.91513532,305.04687831,0
New South Wales,Hawkesbury (C),2021,5,1017.49509073,830.18573034,0
New South Wales,Hawkesbury (C),2022,7,54.26368222,49.00456081,0
New South Wales,Hawkesbury (C),2023,10,270.70418084,130.00607334,0
New South Wales,Hawkesbury (C),2024,7,657.03873206,281.53119658,0
New South Wales,Hawkesbury (C),2025,95,1032.48676672,127.69772929,0
New South Wales,Hawkesbury (C),2026,5,2597.8691385599996,1466.90583011,0
New South Wales,Inverell (A),1948,1,6.46847353,6.46847353,0
New South Wales,Inverell (A),1954,1,2.16946042,2.16946042,0
New South Wales,Inverell (A),1957,6,25540.57730424,22312.84664662,1
New South Wales,Inverell (A),1959,1,1.08408938,1.08408938,0
New South Wales,Inverell (A),1961,2,129.171917,120.59867515,0
New South Wales,Inverell (A),1962,1,23.1424908,23.1424908,0
New South Wales,Inverell (A),1964,1,0.19745695,0.19745695,0
New South Wales,Inverell (A),1967,1,1.12448306,1.12448306,0
New South Wales,Inverell (A),1968,1,1.15795909,1.15795909,0
New South Wales,Inverell (A),1970,1,427.24676714,427.24676714,0
New South Wales,Inverell (A),1972,4,1140.62485188,998.1480619,0
New South Wales,Inverell (A),1973,2,82.02958670999999,65.8788362,0
New South Wales,Inverell (A),1974,1,81.23457712,81.23457712,0
New South Wales,Inverell (A),1978,1,2.00405804,2.00405804,0
New South Wales,Inverell (A),1979,1,130.27006736,130.27006736,0
New South Wales,Inverell (A),1983,1,4851.66658933,4851.66658933,0
New South Wales,Inverell (A),1985,1,350.35095732,350.35095732,0
New South Wales,Inverell (A),1994,1,200.1682851,200.1682851,0
New South Wales,Inverell (A),2001,3,19.15756475,10.71264674,0
New South Wales,Inverell (A),2002,19,33323.00696774,27338.75789684,1
New South Wales,Inverell (A),2003,1,600.17638513,600.17638513,0
New South Wales,Inverell (A),2004,1,29.30253897,29.30253897,0
New South Wales,Inverell (A),2005,2,1541.8070458299999,1513.8515684,0
New South Wales,Inverell (A),2006,1,23.48767842,23.48767842,0
New South Wales,Inverell (A),2007,4,1207.7460995899999,1169.88289692,0
New South Wales,Inverell (A),2008,2,135.95262804,127.63427822,0
New South Wales,Inverell (A),2009,14,13466.77418512,5077.16600018,0
New South Wales,Inverell (A),2011,1,6.09523446,6.09523446,0
New South Wales,Inverell (A),2012,6,262.11848485,239.13934474,0
New South Wales,Inverell (A),2013,16,12178.25476213,6695.79392218,0
New South Wales,Inverell (A),2014,6,607.64060762,431.92510073,0
New South Wales,Inverell (A),2015,1,20.26222575,20.26222575,0
New South Wales,Inverell (A),2017,2,235.53271256,118.56167662,0
New South Wales,Inverell (A),2018,2,743.24485026,715.68005845,0
New South Wales,Inverell (A),2019,11,6901.62613733,1665.57229979,0
New South Wales,Inverell (A),2020,8,2456.7665727999997,2065.91124438,0
New South Wales,Inverell (A),2021,1,244.11415865,244.11415865,0
New South Wales,Inverell (A),2022,3,1341.12541586,953.73983781,0
New South Wales,Inverell (A),2023,25,26517.156577499998,13602.29759726,1
New South Wales,Inverell (A),2025,1,10.187204,10.187204,0
New South Wales,Inverell (A),2026,1,0.8559626,0.8559626,0
New South Wales,Kempsey (A),1899,1,176.6182814,176.6182814,0
New South Wales,Kempsey (A),1990,2,352.6230312,254.08416452,0
New South Wales,Kempsey (A),1992,2,284.56607609,241.12673021,0
New South Wales,Kempsey (A),1993,3,4556.42049373,4467.465955,0
New South Wales,Kempsey (A),1994,2,1023.57304971,1002.79719323,0
New South Wales,Kempsey (A),1997,10,3486.71038141,958.63713787,0
New South Wales,Kempsey (A),1998,1,0.57875964,0.57875964,0
New South Wales,Kempsey (A),1999,3,32.12524832,23.37358869,0
New South Wales,Kempsey (A),2000,11,6725.5643664,2128.4804706,0
New South Wales,Kempsey (A),2001,34,32062.356863629997,16017.21894591,1
New South Wales,Kempsey (A),2002,21,18228.06599954,5526.77452694,0
New South Wales,Kempsey (A),2003,9,1700.93674932,554.7430066,0
New South Wales,Kempsey (A),2004,8,913.49836867,355.11376994,0
New South Wales,Kempsey (A),2005,4,359.80603322999997,168.65716189,0
New South Wales,Kempsey (A),2006,25,3703.31078335,634.71063911,0
New South Wales,Kempsey (A),2007,16,11830.000752259999,7692.71188671,0
New South Wales,Kempsey (A),2008,5,253.55909663999998,176.50657949,0
New South Wales,Kempsey (A),2009,13,2219.99468025,1303.75831516,0
New South Wales,Kempsey (A),2010,9,1338.3590091400001,715.50522759,0
New South Wales,Kempsey (A),2011,7,167.14117355000002,52.33073988,0
New South Wales,Kempsey (A),2012,20,8925.03748459,2400.72107996,0
New South Wales,Kempsey (A),2013,33,11407.840254660001,3855.53958268,0
New South Wales,Kempsey (A),2014,12,4276.81573201,1131.84797983,0
New South Wales,Kempsey (A),2015,9,1501.50542648,768.22234186,0
New South Wales,Kempsey (A),2016,21,12876.435256159999,4839.98629398,0
New South Wales,Kempsey (A),2017,32,11947.92751901,3507.55791426,0
New South Wales,Kempsey (A),2018,14,1445.91465775,721.0991473,0
New South Wales,Kempsey (A),2019,35,10254.90303416,3804.28308665,0
New South Wales,Kempsey (A),2020,3,126.94878727,111.57931231,0
New South Wales,Kempsey (A),2021,7,854.50540314,303.51515427,0
New South Wales,Kempsey (A),2022,3,29.705199,23.2430125,0
New South Wales,Kempsey (A),2023,22,36531.11009825,29105.76191263,1
New South Wales,Kempsey (A),2024,4,1060.42706864,587.93205155,0
New South Wales,Kempsey (A),2025,14,3357.89550566,1370.83756953,0
New South Wales,Kempsey (A),2026,2,28.638487299999998,26.30478203,0
New South Wales,Lithgow (C),1899,2,252.05075972,200.05003147,0
New South Wales,Lithgow (C),1964,1,49.39621952,49.39621952,0
New South Wales,Lithgow (C),1978,1,0.03913813,0.03913813,0
New South Wales,Lithgow (C),1988,2,81.70222825,81.63698008,0
New South Wales,Lithgow (C),1999,4,17.75029146,10.50545817,0
New South Wales,Lithgow (C),2000,3,9.40376717,3.13482387,0
New South Wales,Lithgow (C),2001,5,71.75815257000001,48.89639633,0
New South Wales,Lithgow (C),2002,22,2031.96692228,1531.02473554,0
New South Wales,Lithgow (C),2003,15,79585.07319085,42243.02518125,2
New South Wales,Lithgow (C),2004,8,2183.2527382,2097.88425796,0
New South Wales,Lithgow (C),2005,6,32.810655589999996,9.07074185,0
New South Wales,Lithgow (C),2006,10,410.34086328,384.53941674,0
New South Wales,Lithgow (C),2007,15,664.9047627,525.7482191,0
New South Wales,Lithgow (C),2008,2,1839.14669032,1790.0749182,0
New South Wales,Lithgow (C),2009,26,2561.0516170600004,1483.64736007,0
New South Wales,Lithgow (C),2011,1,39.3557914,39.3557914,0
New South Wales,Lithgow (C),2012,8,75.56978701999999,34.49936157,0
New South Wales,Lithgow (C),2013,18,103721.26308743999,54429.32577133,2
New South Wales,Lithgow (C),2014,12,50.272015530000004,18.13167039,0
New South Wales,Lithgow (C),2015,7,2366.8467777600004,2243.51018271,0
New South Wales,Lithgow (C),2016,18,3538.74477854,791.2632932,0
New South Wales,Lithgow (C),2017,11,1954.06700796,1890.75911239,0
New South Wales,Lithgow (C),2018,25,1592.4082912499998,846.31813888,0
New South Wales,Lithgow (C),2019,7,480439.23340064,479513.85436911,1
New South Wales,Lithgow (C),2020,2,11.373917789999998,11.36119943,0
New South Wales,Lithgow (C),2022,1,0.50993118,0.50993118,0
New South Wales,Lithgow (C),2023,5,687.34122625,635.46552572,0
New South Wales,Lithgow (C),2024,5,2372.74887443,1922.15080341,0
New South Wales,Lithgow (C),2025,263,1449.65005341,645.43102153,0
New South Wales,Lithgow (C),2026,10,26.285920830000002,18.35033982,0
New South Wales,Mid-Western Regional (A),2000,2,19.01774076,9.50887038,0
New South Wales,Mid-Western Regional (A),2001,1,1428.11327433,1428.11327433,0
New South Wales,Mid-Western Regional (A),2002,21,3971.12939438,2318.22615722,0
New South Wales,Mid-Western Regional (A),2003,10,2685.3538176,1885.49601983,0
New South Wales,Mid-Western Regional (A),2004,6,3739.76408235,1746.02579175,0
New South Wales,Mid-Western Regional (A),2005,11,3683.5411066799998,1499.85202764,0
New South Wales,Mid-Western Regional (A),2006,45,12903.084919249999,6719.76851301,0
New South Wales,Mid-Western Regional (A),2007,21,791.4831736900001,293.65512099,0
New South Wales,Mid-Western Regional (A),2008,14,1158.09024088,473.93421626,0
New South Wales,Mid-Western Regional (A),2009,41,9814.55261497,5691.97596629,0
New South Wales,Mid-Western Regional (A),2010,2,178.39160059999998,176.30692992,0
New South Wales,Mid-Western Regional (A),2011,2,179.65924424,178.71448193,0
New South Wales,Mid-Western Regional (A),2012,6,510.76999856000003,445.08526773,0
New South Wales,Mid-Western Regional (A),2013,24,2936.7519203,657.00608006,0
New South Wales,Mid-Western Regional (A),2014,11,14.62105101,9.75247225,0
New South Wales,Mid-Western Regional (A),2015,10,1161.40730586,991.76607276,0
New South Wales,Mid-Western Regional (A),2016,10,2657.48561046,1420.34833276,0
New South Wales,Mid-Western Regional (A),2017,8,8154.20025358,6576.19240678,0
New South Wales,Mid-Western Regional (A),2018,13,1463.03033435,570.58392449,0
New South Wales,Mid-Western Regional (A),2019,8,3282.07101426,1222.25667547,0
New South Wales,Mid-Western Regional (A),2020,5,43.891621900000004,41.86736383,0
New South Wales,Mid-Western Regional (A),2021,2,1890.2749771200001,1517.71751038,0
New South Wales,Mid-Western Regional (A),2023,14,18790.356719530002,17967.6340977,1
New South Wales,Mid-Western Regional (A),2024,11,4231.37477848,2600.18095027,0
New South Wales,Mid-Western Regional (A),2025,343,782.3788544500001,72.41330575,0
New South Wales,Mid-Western Regional (A),2026,3,1.8369372700000002,1.10384706,0
New South Wales,Muswellbrook (A),2000,1,12.05635481,12.05635481,0
New South Wales,Muswellbrook (A),2001,3,9.57486928,4.45234773,0
New South Wales,Muswellbrook (A),2002,6,1991.9236854199999,1068.63612027,0
New South Wales,Muswellbrook (A),2003,12,2197.9896400899997,1655.46726584,0
New South Wales,Muswellbrook (A),2004,4,1449.66877349,1427.25866899,0
New South Wales,Muswellbrook (A),2005,3,6674.1638594,4538.85546024,0
New South Wales,Muswellbrook (A),2006,35,3168.98468274,1029.74521305,0
New South Wales,Muswellbrook (A),2007,9,5337.99699408,1821.65963909,0
New South Wales,Muswellbrook (A),2008,13,2574.72414178,1835.65144052,0
New South Wales,Muswellbrook (A),2009,17,4875.98900366,2708.40434192,0
New South Wales,Muswellbrook (A),2010,9,5654.83162189,4312.93896329,0
New South Wales,Muswellbrook (A),2012,4,62.99186053,50.67123375,0
New South Wales,Muswellbrook (A),2013,17,3801.7917617,2534.22791269,0
New South Wales,Muswellbrook (A),2014,6,1031.38242205,889.96873773,0
New South Wales,Muswellbrook (A),2015,17,3016.31016144,1659.00985636,0
New South Wales,Muswellbrook (A),2017,12,134.4341642,88.80949291,0
New South Wales,Muswellbrook (A),2018,17,730.54058844,191.83096374,0
New South Wales,Muswellbrook (A),2019,13,185222.62115647,183646.95977377,1
New South Wales,Muswellbrook (A),2020,3,320.71033644,203.19478182,0
New South Wales,Muswellbrook (A),2021,1,1521.97914902,1521.97914902,0
New South Wales,Muswellbrook (A),2023,18,3863.9232878,1910.17907408,0
New South Wales,Muswellbrook (A),2024,7,3121.78276413,1557.83128607,0
New South Wales,Muswellbrook (A),2025,8,216.82614353,213.91577931,0
New South Wales,Muswellbrook (A),2026,3,1338.96086872,1316.33155496,0
New South Wales,Nambucca (A),1992,2,330.41315724,325.85804091,0
New South Wales,Nambucca (A),1993,1,27.29187398,27.29187398,0
New South Wales,Nambucca (A),1994,2,40.55951688,38.85560125,0
New South Wales,Nambucca (A),1995,2,349.93318542,279.24668452,0
New South Wales,Nambucca (A),2000,2,1989.9523644800001,1984.05585429,0
New South Wales,Nambucca (A),2001,38,1112.9023309000002,695.49954617,0
New South Wales,Nambucca (A),2002,17,12327.616708389998,9190.9049377,0
New South Wales,Nambucca (A),2003,17,2382.2222805899996,1065.13345857,0
New South Wales,Nambucca (A),2004,5,206.41243999,139.38994602,0
New South Wales,Nambucca (A),2005,28,3289.1824202,948.06215861,0
New South Wales,Nambucca (A),2006,4,67.73899879,62.93739392,0
New South Wales,Nambucca (A),2007,8,980.7283032700001,394.49196301,0
New South Wales,Nambucca (A),2008,1,2.10765412,2.10765412,0
New South Wales,Nambucca (A),2009,5,514.42140609,419.97865531,0
New South Wales,Nambucca (A),2010,6,1099.72205255,768.31703869,0
New South Wales,Nambucca (A),2011,6,109.88218585,46.46736092,0
New South Wales,Nambucca (A),2012,3,252.74253423,145.83709263,0
New South Wales,Nambucca (A),2013,12,1879.54305118,442.64320587,0
New South Wales,Nambucca (A),2014,12,1595.5877850699999,701.25484359,0
New South Wales,Nambucca (A),2015,5,286.01965559999996,91.95641737,0
New South Wales,Nambucca (A),2016,5,2456.14450986,1989.96146679,0
New South Wales,Nambucca (A),2017,7,3930.77980427,2184.32851298,0
New South Wales,Nambucca (A),2018,2,56.68851138,46.1672037,0
New South Wales,Nambucca (A),2019,12,32044.05809992,12059.78963881,2
New South Wales,Nambucca (A),2020,3,11.56948995,11.19417683,0
New South Wales,Nambucca (A),2022,6,429.94653189,151.40144047,0
New South Wales,Nambucca (A),2023,9,382.10541491000004,226.66383968,0
New South Wales,Nambucca (A),2024,2,4.7575091,3.39817681,0
New South Wales,Nambucca (A),2025,2,6.32649157,6.28136725,0
New South Wales,Narrabri (A),1982,1,7.90693772,7.90693772,0
New South Wales,Narrabri (A),1986,1,10086.21938923,10086.21938923,1
New South Wales,Narrabri (A),1989,1,8007.44016442,8007.44016442,0
New South Wales,Narrabri (A),1996,7,108.77239073999999,30.43202681,0
New South Wales,Narrabri (A),2001,4,495.85976981000005,381.97222699,0
New South Wales,Narrabri (A),2002,2,2525.30103001,2522.71123473,0
New South Wales,Narrabri (A),2003,1,9.0376398,9.0376398,0
New South Wales,Narrabri (A),2004,1,1.68252787,1.68252787,0
New South Wales,Narrabri (A),2005,2,1546.3468182000001,1307.78952245,0
New South Wales,Narrabri (A),2006,17,47164.70623309,23108.14320145,2
New South Wales,Narrabri (A),2007,8,129536.61198721999,97054.40489099,2
New South Wales,Narrabri (A),2008,7,649.36471668,261.44406933,0
New South Wales,Narrabri (A),2009,24,3470.62570268,1482.8448497,0
New South Wales,Narrabri (A),2010,14,2168.89745567,1335.8759063,0
New South Wales,Narrabri (A),2011,10,596.28665083,139.34354575,0
New South Wales,Narrabri (A),2012,9,255.43747752,147.96326974,0
New South Wales,Narrabri (A),2013,5,1196.43924825,1091.73799165,0
New South Wales,Narrabri (A),2014,8,2181.91108923,1021.73053315,0
New South Wales,Narrabri (A),2015,6,8297.14968123,7695.55431498,0
New South Wales,Narrabri (A),2016,7,1947.39074619,549.49097324,0
New South Wales,Narrabri (A),2017,8,3193.4266371999997,1711.20327233,0
New South Wales,Narrabri (A),2018,13,63103.92573481,59708.04727181,1
New South Wales,Narrabri (A),2019,14,3607.88026347,1551.27040239,0
New South Wales,Narrabri (A),2020,5,4936.4082553299995,3753.39558254,0
New South Wales,Narrabri (A),2021,4,1591.29060903,993.05073073,0
New South Wales,Narrabri (A),2022,7,2369.80261483,977.73571698,0
New South Wales,Narrabri (A),2023,13,145767.73120812,138439.36015564,1
New South Wales,Narrabri (A),2024,14,1741.65971625,601.58895829,0
New South Wales,Narrabri (A),2025,13,4549.77609821,3301.97360081,0
New South Wales,Oberon (A),1968,1,182.63354585,182.63354585,0
New South Wales,Oberon (A),1985,1,3305.7349049,3305.7349049,0
New South Wales,Oberon (A),1987,2,9451.94792468,9221.64193842,0
New South Wales,Oberon (A),1988,1,113.30939654,113.30939654,0
New South Wales,Oberon (A),1992,1,1472.79088032,1472.79088032,0
New South Wales,Oberon (A),1993,1,505.76844017,505.76844017,0
New South Wales,Oberon (A),1994,1,338.61007811,338.61007811,0
New South Wales,Oberon (A),1996,1,1.74325901,1.74325901,0
New South Wales,Oberon (A),1997,2,4.67007653,4.11543534,0
New South Wales,Oberon (A),1998,1,0.66312938,0.66312938,0
New South Wales,Oberon (A),1999,1,1582.11978,1582.11978,0
New South Wales,Oberon (A),2000,3,65.59783739000001,52.65692064,0
New South Wales,Oberon (A),2001,3,1533.2549065199998,1332.588656,0
New South Wales,Oberon (A),2002,3,1920.86538656,1815.72852948,0
New South Wales,Oberon (A),2003,2,0.014325379999999999,0.00936713,0
New South Wales,Oberon (A),2004,6,1039.3146900400002,355.52749648,0
New South Wales,Oberon (A),2005,17,1192.13884087,338.20100832,0
New South Wales,Oberon (A),2006,25,1786.2160036100001,781.14128371,0
New South Wales,Oberon (A),2007,8,209.7690782,143.84112947,0
New South Wales,Oberon (A),2008,10,5274.19071412,1220.00552973,0
New South Wales,Oberon (A),2009,6,1652.63273503,930.70559573,0
New South Wales,Oberon (A),2010,5,1060.07556387,489.58736279,0
New South Wales,Oberon (A),2012,2,304.50040121999996,165.62222124,0
New South Wales,Oberon (A),2013,10,9259.957883289999,4100.27712492,0
New South Wales,Oberon (A),2014,3,34.74221028,30.75017354,0
New South Wales,Oberon (A),2015,1,1306.13654923,1306.13654923,0
New South Wales,Oberon (A),2016,4,583.92254073,333.00303468,0
New South Wales,Oberon (A),2017,3,918.6846245999999,916.67921581,0
New South Wales,Oberon (A),2018,3,761.0516986,759.48503314,0
New South Wales,Oberon (A),2019,6,40408.60674161,37952.49280865,1
New South Wales,Oberon (A),2023,3,467.93970956000004,428.59844686,0
New South Wales,Oberon (A),2024,1,739.68889165,739.68889165,0
New South Wales,Oberon (A),2025,1,489.27987234,489.27987234,0
New South Wales,Palerang (A),1972,1,94.17533664,94.17533664,0
New South Wales,Palerang (A),1974,1,19.79263936,19.79263936,0
New South Wales,Palerang (A),1975,1,28.81258276,28.81258276,0
New South Wales,Palerang (A),1977,3,200.32119630000003,200.09119423,0
New South Wales,Palerang (A),1978,1,18.86700003,18.86700003,0
New South Wales,Palerang (A),1979,4,12.45544461,11.09634415,0
New South Wales,Palerang (A),1980,9,103.6054547,45.53014697,0
New South Wales,Palerang (A),1981,1,0.06913541,0.06913541,0
New South Wales,Palerang (A),1982,7,194.86009018000001,99.75800698,0
New South Wales,Palerang (A),1984,1,197.7185587,197.7185587,0
New South Wales,Palerang (A),1985,1,3.85160729,3.85160729,0
New South Wales,Palerang (A),1986,4,3007.13587164,2848.16534204,0
New South Wales,Palerang (A),1987,4,154.87180024,97.98839779,0
New South Wales,Palerang (A),1988,1,0.19679317,0.19679317,0
New South Wales,Palerang (A),1989,1,0.19679607,0.19679607,0
New South Wales,Palerang (A),1991,3,231.86063295999998,117.46050989,0
New South Wales,Palerang (A),1992,3,126.49794333999999,125.89702573,0
New South Wales,Palerang (A),1993,3,229.74258298,203.73188313,0
New South Wales,Palerang (A),1994,14,1415.86482851,812.96020867,0
New South Wales,Palerang (A),1995,6,2262.36188696,1464.94532519,0
New South Wales,Palerang (A),1996,4,505.66053294000005,298.76829063,0
New South Wales,Palerang (A),1997,5,381.7986664,332.68548936,0
New South Wales,Palerang (A),1998,4,1.41817448,0.55621478,0
New South Wales,Palerang (A),1999,20,1285.91604943,242.91391499,0
New South Wales,Palerang (A),2000,5,34.49009985,23.65829043,0
New South Wales,Palerang (A),2001,2,325.44387575,251.50677654,0
New South Wales,Palerang (A),2002,2,361.55956403,359.36444091,0
New South Wales,Palerang (A),2003,1,58.32070499,58.32070499,0
New South Wales,Palerang (A),2004,4,528.16080367,314.1425364,0
New South Wales,Palerang (A),2005,2,148.15909444,148.09049305,0
New South Wales,Palerang (A),2006,3,124.36637671,96.8734937,0
New South Wales,Palerang (A),2007,6,207.67165977000002,151.42868609,0
New South Wales,Palerang (A),2008,2,86.37860664,78.2140491,0
New South Wales,Palerang (A),2009,2,16.31361639,12.04058048,0
New South Wales,Palerang (A),2010,3,8.9437341,4.41787432,0
New South Wales,Palerang (A),2013,6,314.94351397,118.91699714,0
New South Wales,Palerang (A),2014,3,1635.30009546,990.24975626,0
New South Wales,Palerang (A),2015,2,422.36355762,422.23858254,0
New South Wales,Palerang (A),2016,5,1083.34599454,353.63416786,0
New South Wales,Palerang (A),2017,2,800.6838750000001,800.17296536,0
New South Wales,Palerang (A),2018,5,489.48729886,336.85038858,0
New South Wales,Palerang (A),2019,27,37606.10177937999,37130.24642418,1
New South Wales,Palerang (A),2020,1,16759.26578233,16759.26578233,1
New South Wales,Palerang (A),2021,1,57.95888924,57.95888924,0
New South Wales,Palerang (A),2022,2,0.84165793,0.74682282,0
New South Wales,Palerang (A),2023,2,9.46532427,7.96421433,0
New South Wales,Palerang (A),2024,4,41.62427764,28.67450577,0
New South Wales,Palerang (A),2025,58,284.50685917000004,68.3166944,0
New South Wales,Palerang (A),2026,12,745.68465711,621.51518412,0
New South Wales,Port Macquarie-Hastings (A),1997,6,329.72273690000003,150.80956993,0
New South Wales,Port Macquarie-Hastings (A),1999,2,40.9204054,39.54775004,0
New South Wales,Port Macquarie-Hastings (A),2000,7,3916.66094825,1683.78913885,0
New South Wales,Port Macquarie-Hastings (A),2001,12,1016.2436954699999,408.02394849,0
New South Wales,Port Macquarie-Hastings (A),2002,33,20873.40812074,11141.18683896,1
New South Wales,Port Macquarie-Hastings (A),2003,20,5669.45564752,1784.75625916,0
New South Wales,Port Macquarie-Hastings (A),2004,12,838.0497828399999,713.8925492,0
New South Wales,Port Macquarie-Hastings (A),2005,8,569.88560704,252.72086533,0
New South Wales,Port Macquarie-Hastings (A),2006,9,1074.06836377,593.39186493,0
New South Wales,Port Macquarie-Hastings (A),2007,17,2644.12530272,1279.62655797,0
New South Wales,Port Macquarie-Hastings (A),2008,19,343.52309308,205.35851316,0
New South Wales,Port Macquarie-Hastings (A),2009,22,2370.74852342,1027.96382381,0
New South Wales,Port Macquarie-Hastings (A),2010,8,2251.46182006,2164.00114214,0
New South Wales,Port Macquarie-Hastings (A),2011,2,214.60611476999998,127.91529392,0
New South Wales,Port Macquarie-Hastings (A),2012,4,39.53843656,32.5516257,0
New South Wales,Port Macquarie-Hastings (A),2013,13,6516.30482119,3712.82108805,0
New South Wales,Port Macquarie-Hastings (A),2014,10,4709.97289173,1240.16875957,0
New South Wales,Port Macquarie-Hastings (A),2015,11,400.43531501,131.07732845,0
New South Wales,Port Macquarie-Hastings (A),2016,12,1080.2738682200002,537.42959469,0
New South Wales,Port Macquarie-Hastings (A),2017,20,5476.261850049999,2056.80234497,0
New South Wales,Port Macquarie-Hastings (A),2018,8,2965.69286945,1293.04441885,0
New South Wales,Port Macquarie-Hastings (A),2019,38,53722.1144115,39406.81758708,1
New South Wales,Port Macquarie-Hastings (A),2020,11,401.37945508999996,306.49944128,0
New South Wales,Port Macquarie-Hastings (A),2021,3,0.62696949,0.52854832,0
New South Wales,Port Macquarie-Hastings (A),2023,22,1419.19515893,954.2008549,0
New South Wales,Port Macquarie-Hastings (A),2024,6,958.6778276300001,525.87728559,0
New South Wales,Port Macquarie-Hastings (A),2025,10,1944.2078691,580.83192233,0
New South Wales,Port Macquarie-Hastings (A),2026,4,59.29235299,39.4907419,0
New South Wales,Richmond Valley (A),1977,7,3003.18293922,960.34871203,0
New South Wales,Richmond Valley (A),1998,9,1557.9884529400001,1080.50097707,0
New South Wales,Richmond Valley (A),1999,4,1.47066986,1.17943035,0
New South Wales,Richmond Valley (A),2000,11,5238.110730460001,3316.51176436,0
New South Wales,Richmond Valley (A),2001,13,9343.11297826,5072.84717114,0
New South Wales,Richmond Valley (A),2002,18,13594.248702710001,4184.28772412,0
New South Wales,Richmond Valley (A),2003,3,9488.897938189999,4812.72260476,0
New South Wales,Richmond Valley (A),2004,3,2194.11386541,1134.66614208,0
New South Wales,Richmond Valley (A),2005,6,6331.027112639999,5352.0053179,0
New South Wales,Richmond Valley (A),2006,10,2178.97149363,725.71485898,0
New South Wales,Richmond Valley (A),2007,9,8744.833858369999,6196.84257809,0
New South Wales,Richmond Valley (A),2008,6,743.6583979799999,525.74156661,0
New South Wales,Richmond Valley (A),2009,26,3303.70953081,1055.86532357,0
New South Wales,Richmond Valley (A),2010,1,973.57074275,973.57074275,0
New South Wales,Richmond Valley (A),2011,6,701.9804224799999,332.84264281,0
New South Wales,Richmond Valley (A),2012,6,53.21121937,15.32370321,0
New South Wales,Richmond Valley (A),2013,10,5270.57038774,3867.37578167,0
New South Wales,Richmond Valley (A),2014,4,2750.21195746,1795.93390864,0
New South Wales,Richmond Valley (A),2015,3,471.83112322000005,461.45729775,0
New South Wales,Richmond Valley (A),2016,9,8892.82706786,2177.69777359,0
New South Wales,Richmond Valley (A),2017,12,5242.0528888,1954.97921989,0
New South Wales,Richmond Valley (A),2018,9,10007.68348618,3625.85959961,0
New South Wales,Richmond Valley (A),2019,21,12288.03808596,6306.04035874,0
New South Wales,Richmond Valley (A),2020,3,51.873456880000006,44.19402326,0
New South Wales,Richmond Valley (A),2021,5,251.24259607,172.98324889,0
New South Wales,Richmond Valley (A),2022,5,75.43808063,43.24334484,0
New South Wales,Richmond Valley (A),2023,12,2998.3819801,1302.94453902,0
New South Wales,Richmond Valley (A),2024,2,1814.51375267,1233.68074087,0
New South Wales,Richmond Valley (A),2025,6,2751.81805748,2168.99264715,0
New South Wales,Richmond Valley (A),2026,4,435.32685197000006,295.19338377,0
New South Wales,Shoalhaven (C),1985,1,62.31186447,62.31186447,0
New South Wales,Shoalhaven (C),1988,1,73.52548184,73.52548184,0
New South Wales,Shoalhaven (C),1989,3,2521.35964901,2457.29224502,0
New South Wales,Shoalhaven (C),1990,1,203.97536051,203.97536051,0
New South Wales,Shoalhaven (C),1991,1,573.46468072,573.46468072,0
New South Wales,Shoalhaven (C),1993,11,1187.78520372,309.0318341,0
New South Wales,Shoalhaven (C),1994,26,5093.81776293,725.70124676,0
New South Wales,Shoalhaven (C),1995,28,10181.88561899,4344.88839633,0
New South Wales,Shoalhaven (C),1996,18,628.9070157,262.09263217,0
New South Wales,Shoalhaven (C),1997,15,1647.24284562,527.80254649,0
New South Wales,Shoalhaven (C),1998,9,7946.011071989999,4926.6796459,0
New South Wales,Shoalhaven (C),1999,3,375.77860255,232.12395333,0
New South Wales,Shoalhaven (C),2000,20,558.61250055,91.83181496,0
New South Wales,Shoalhaven (C),2001,27,966.28655257,242.99787103,0
New South Wales,Shoalhaven (C),2002,18,78825.04025838,76385.22379747,1
New South Wales,Shoalhaven (C),2003,33,10652.225676520002,8371.7219573,0
New South Wales,Shoalhaven (C),2004,30,4796.82770618,1934.83999282,0
New South Wales,Shoalhaven (C),2005,20,972.02734257,333.78324918,0
New South Wales,Shoalhaven (C),2006,22,1189.47059706,473.7518137,0
New South Wales,Shoalhaven (C),2007,17,957.6134414400001,667.20679969,0
New South Wales,Shoalhaven (C),2008,10,363.58894938000003,98.56858835,0
New South Wales,Shoalhaven (C),2009,28,5900.53139389,2089.32589555,0
New South Wales,Shoalhaven (C),2010,12,556.83267108,172.27560442,0
New South Wales,Shoalhaven (C),2011,13,1609.5043606899999,919.89557379,0
New South Wales,Shoalhaven (C),2012,23,666.66399527,204.62827311,0
New South Wales,Shoalhaven (C),2013,37,21703.29964447,9309.41522452,0
New South Wales,Shoalhaven (C),2014,17,1278.45434705,452.52245656,0
New South Wales,Shoalhaven (C),2015,18,1165.2648102,488.11652912,0
New South Wales,Shoalhaven (C),2016,19,3640.1972917499997,1136.12792491,0
New South Wales,Shoalhaven (C),2017,23,1950.2176263600002,1215.73992343,0
New South Wales,Shoalhaven (C),2018,14,2364.04207354,2238.17702109,0
New South Wales,Shoalhaven (C),2019,37,24159.75981742,14511.01645614,1
New South Wales,Shoalhaven (C),2020,1,8.39262915,8.39262915,0
New South Wales,Shoalhaven (C),2021,10,137.26087058,60.93054447,0
New South Wales,Shoalhaven (C),2022,4,10.75534817,10.643941,0
New South Wales,Shoalhaven (C),2023,20,315.46940246,150.71319876,0
New South Wales,Shoalhaven (C),2024,23,48.27083136,14.14628652,0
New South Wales,Shoalhaven (C),2025,11,96.29511484,69.07835785,0
New South Wales,Shoalhaven (C),2026,16,2150.07196508,1196.1185586,0
New South Wales,Singleton (A),1991,1,4105.10970192,4105.10970192,0
New South Wales,Singleton (A),1992,1,0.01634863,0.01634863,0
New South Wales,Singleton (A),1993,2,43.73746369,27.76525251,0
New South Wales,Singleton (A),1995,5,3674.9751975299996,2373.59505336,0
New South Wales,Singleton (A),1996,2,2410.4126717199997,2199.6546025,0
New South Wales,Singleton (A),1997,5,6385.21827235,4267.02545321,0
New South Wales,Singleton (A),1998,4,66.18249948,29.63329978,0
New South Wales,Singleton (A),2000,19,2310.65224292,502.37268833,0
New South Wales,Singleton (A),2001,11,301.52412501000003,129.77917542,0
New South Wales,Singleton (A),2002,18,17203.78830731,11462.17612628,1
New South Wales,Singleton (A),2003,5,1177.30691977,1067.13732117,0
New South Wales,Singleton (A),2004,3,83.70429453999999,79.83546829,0
New South Wales,Singleton (A),2005,1,244.79413182,244.79413182,0
New South Wales,Singleton (A),2006,3,566.54959378,393.7134153,0
New South Wales,Singleton (A),2007,3,248.3686892,172.93767753,0
New South Wales,Singleton (A),2008,2,3079.0482679099996,2667.33334205,0
New South Wales,Singleton (A),2009,27,9952.03600055,3334.79573667,0
New South Wales,Singleton (A),2010,1,4385.35924656,4385.35924656,0
New South Wales,Singleton (A),2011,4,3932.64157462,1911.03228257,0
New South Wales,Singleton (A),2012,22,2053.08742405,622.20239514,0
New South Wales,Singleton (A),2013,13,3148.08478535,1485.88755907,0
New South Wales,Singleton (A),2014,17,2215.53664342,929.80055929,0
New South Wales,Singleton (A),2015,5,654.7702123,623.48941202,0
New South Wales,Singleton (A),2016,17,19245.44035058,8677.09174541,0
New South Wales,Singleton (A),2017,11,3189.08001366,2661.36053687,0
New South Wales,Singleton (A),2018,17,20380.88127588,19125.50194819,1
New South Wales,Singleton (A),2019,21,151148.43517993,136285.78354144,1
New South Wales,Singleton (A),2020,2,14.64653814,14.62478467,0
New South Wales,Singleton (A),2021,1,611.12360433,611.12360433,0
New South Wales,Singleton (A),2023,12,2962.1054545800002,1825.16109059,0
New South Wales,Singleton (A),2024,11,1821.52703025,1387.69134923,0
New South Wales,Singleton (A),2025,566,971.9260771,110.22026156,0
New South Wales,Singleton (A),2026,280,2678.67200216,1241.7899533,0
New South Wales,Snowy River (A),1969,1,6639.36857005,6639.36857005,0
New South Wales,Snowy River (A),1974,1,6052.17074985,6052.17074985,0
New South Wales,Snowy River (A),1976,4,16367.921169,7384.2422572,0
New South Wales,Snowy River (A),1977,1,464.78902385,464.78902385,0
New South Wales,Snowy River (A),1980,2,15123.70272819,8867.39749199,0
New South Wales,Snowy River (A),1981,2,6587.85917458,5058.544374,0
New South Wales,Snowy River (A),1983,2,5219.0883020599995,5190.57637517,0
New South Wales,Snowy River (A),1987,2,1689.18868554,1065.95766716,0
New South Wales,Snowy River (A),1989,1,2942.89505605,2942.89505605,0
New South Wales,Snowy River (A),1990,4,5100.258859019999,2007.49981775,0
New South Wales,Snowy River (A),1991,2,1368.98728807,1088.06873594,0
New South Wales,Snowy River (A),1992,4,2241.8046488,1356.69031405,0
New South Wales,Snowy River (A),1993,2,811.93171405,724.52583007,0
New South Wales,Snowy River (A),1994,1,293.34105262,293.34105262,0
New South Wales,Snowy River (A),1996,3,502.71280331,269.62828587,0
New South Wales,Snowy River (A),1997,2,1373.14531021,1304.58030003,0
New South Wales,Snowy River (A),2000,3,860.9327346,762.17264832,0
New South Wales,Snowy River (A),2001,2,407.29223875,323.7980756,0
New South Wales,Snowy River (A),2002,5,688.1118977699999,263.10867398,0
New South Wales,Snowy River (A),2003,32,47026.90983752655,32788.93040917921,1
New South Wales,Snowy River (A),2004,4,2371.05354344,1206.74731119,0
New South Wales,Snowy River (A),2005,1,615.73864083,615.73864083,0
New South Wales,Snowy River (A),2006,5,581.5537212099999,331.07454562,0
New South Wales,Snowy River (A),2007,5,33.370205080000005,28.51192689,0
New South Wales,Snowy River (A),2008,3,223.59124234,197.41196984,0
New South Wales,Snowy River (A),2009,5,841.91804743,827.17025024,0
New South Wales,Snowy River (A),2010,6,4110.95137155,2972.80929673,0
New South Wales,Snowy River (A),2011,1,560.3689137,560.3689137,0
New South Wales,Snowy River (A),2012,4,545.26163214,538.27507098,0
New South Wales,Snowy River (A),2013,13,2639.9664468700003,1280.58068892,0
New South Wales,Snowy River (A),2014,8,677.3728314,297.34355841,0
New South Wales,Snowy River (A),2015,9,7800.208936460001,3998.32906947,0
New South Wales,Snowy River (A),2016,11,2519.60261649,1353.46373734,0
New South Wales,Snowy River (A),2017,9,1363.84744923,945.20830927,0
New South Wales,Snowy River (A),2018,10,2123.97569196,643.53760404,0
New South Wales,Snowy River (A),2019,20,3830.67615969,1414.16622318,0
New South Wales,Snowy River (A),2020,9,811.7799898657594,523.06970085,0
New South Wales,Snowy River (A),2021,7,2415.30070755,898.91983955,0
New South Wales,Snowy River (A),2022,4,3211.71881338,2621.56588655,0
New South Wales,Snowy River (A),2023,11,742.81311918,422.38321519,0
New South Wales,Snowy River (A),2024,11,1976.84664926,1543.1446016,0
New South Wales,Snowy River (A),2025,14,469.82408563,322.31512973,0
New South Wales,Snowy River (A),2026,5,294.68990222,160.76565019,0
New South Wales,Tenterfield (A),1899,1,2702.92668067,2702.92668067,0
New South Wales,Tenterfield (A),1976,2,172.59374117,113.05144048,0
New South Wales,Tenterfield (A),1977,1,44.61972335,44.61972335,0
New South Wales,Tenterfield (A),1979,4,11389.60648985,8058.31527102,0
New South Wales,Tenterfield (A),1980,1,12.32898251,12.32898251,0
New South Wales,Tenterfield (A),1985,1,262.95941498,262.95941498,0
New South Wales,Tenterfield (A),1986,11,10957.10495501,3805.06249683,0
New South Wales,Tenterfield (A),1987,16,3096.0266672099997,1022.70667365,0
New South Wales,Tenterfield (A),1988,17,11190.02469314,3737.82657349,0
New South Wales,Tenterfield (A),1989,7,5933.09093635,2016.12979081,0
New South Wales,Tenterfield (A),1990,7,7179.24269105,4284.80983914,0
New South Wales,Tenterfield (A),1991,9,9161.93463296,2322.76267458,0
New South Wales,Tenterfield (A),1992,5,1006.01567769,287.83412396,0
New South Wales,Tenterfield (A),1993,4,1813.66535998,1329.30295904,0
New South Wales,Tenterfield (A),1994,18,53593.706355739996,17527.76327916,3
New South Wales,Tenterfield (A),1995,6,1850.5573506,1232.80366269,0
New South Wales,Tenterfield (A),1996,6,2608.86401504,1096.71271838,0
New South Wales,Tenterfield (A),1997,9,4582.06579013,1997.24984794,0
New South Wales,Tenterfield (A),1998,4,3564.93010428,2268.19238503,0
New South Wales,Tenterfield (A),2000,4,1204.02699936,610.95935316,0
New South Wales,Tenterfield (A),2001,14,6204.95528567,2748.36649306,0
New South Wales,Tenterfield (A),2002,24,44623.46685966,21943.66078786,2
New South Wales,Tenterfield (A),2003,17,13104.39867754,5848.14232115,0
New South Wales,Tenterfield (A),2004,22,4145.22175303,1509.84335909,0
New South Wales,Tenterfield (A),2005,22,5714.314508629999,3569.52348594,0
New South Wales,Tenterfield (A),2006,21,3777.69849001,903.83605808,0
New South Wales,Tenterfield (A),2007,44,23550.40659016,3274.39500373,0
New South Wales,Tenterfield (A),2008,2,94.43273042999999,51.59393526,0
New South Wales,Tenterfield (A),2009,54,66623.78349804,22391.56618757,2
New South Wales,Tenterfield (A),2010,1,914.26641456,914.26641456,0
New South Wales,Tenterfield (A),2011,11,1449.3066614299998,916.07268143,0
New South Wales,Tenterfield (A),2012,17,8800.84297811,5869.26225256,0
New South Wales,Tenterfield (A),2013,11,2085.88051977,386.89129189,0
New South Wales,Tenterfield (A),2014,19,9818.63016208,5962.09073622,0
New South Wales,Tenterfield (A),2015,5,1364.04080635,696.72187914,0
New South Wales,Tenterfield (A),2016,15,12186.55612121,6706.63526464,0
New South Wales,Tenterfield (A),2017,20,23586.14109185,6353.97781468,0
New South Wales,Tenterfield (A),2018,20,9918.34280645,3397.36092664,0
New South Wales,Tenterfield (A),2019,38,198994.88674335,70268.43061046,3
New South Wales,Tenterfield (A),2020,5,82.2967165,30.34049726,0
New South Wales,Tenterfield (A),2021,15,908.63270788,761.81264434,0
New South Wales,Tenterfield (A),2022,4,329.01843214999997,292.49777263,0
New South Wales,Tenterfield (A),2023,49,67399.56869772,10938.88177007,2
New South Wales,Tenterfield (A),2024,11,3865.4924260099997,1224.96221183,0
New South Wales,Tenterfield (A),2025,21,2878.85501281,856.14247245,0
New South Wales,Tenterfield (A),2026,4,624.61529489,343.12081338,0
New South Wales,Tumbarumba (A),1972,3,6892.05754705,3642.55874322,0
New South Wales,Tumbarumba (A),1974,1,1576.24833249,1576.24833249,0
New South Wales,Tumbarumba (A),1976,4,16917.08818666,5585.51679052,0
New South Wales,Tumbarumba (A),1977,2,5880.76732071,3266.8496755,0
New South Wales,Tumbarumba (A),1978,2,14326.90408701,10566.05212053,1
New South Wales,Tumbarumba (A),1979,1,826.57084501,826.57084501,0
New South Wales,Tumbarumba (A),1980,2,7360.49840395,3896.47478349,0
New South Wales,Tumbarumba (A),1981,2,6613.89752639,3978.6519539,0
New South Wales,Tumbarumba (A),1982,3,1204.79987836,570.32166153,0
New South Wales,Tumbarumba (A),1983,5,12594.72485621,4458.81859222,0
New South Wales,Tumbarumba (A),1991,1,872.53821798,872.53821798,0
New South Wales,Tumbarumba (A),1992,1,3642.47841956,3642.47841956,0
New South Wales,Tumbarumba (A),1994,1,661.20775988,661.20775988,0
New South Wales,Tumbarumba (A),1997,1,87.96121384,87.96121384,0
New South Wales,Tumbarumba (A),2000,1,87.39132932,87.39132932,0
New South Wales,Tumbarumba (A),2002,2,156.89086737000002,144.05581656,0
New South Wales,Tumbarumba (A),2003,151,142812.39749675707,139848.94102780524,1
New South Wales,Tumbarumba (A),2005,4,892.13594811,498.31882319,0
New South Wales,Tumbarumba (A),2006,8,6922.8851114,4709.35563643,0
New South Wales,Tumbarumba (A),2007,4,2551.1242294623257,2432.37138116,0
New South Wales,Tumbarumba (A),2008,1,0.93416297,0.93416297,0
New South Wales,Tumbarumba (A),2009,9,19059.729737540627,10716.0163534,1
New South Wales,Tumbarumba (A),2010,2,4341.91773466,4340.45007817,0
New South Wales,Tumbarumba (A),2013,14,2612.3299745906006,602.51091235,0
New South Wales,Tumbarumba (A),2014,6,279.44516557000003,274.46588893,0
New South Wales,Tumbarumba (A),2015,8,1220.2236789806175,436.27813572,0
New South Wales,Tumbarumba (A),2016,5,1644.31983045,1141.33235422,0
New South Wales,Tumbarumba (A),2017,2,2927.9205026500003,1777.23305286,0
New South Wales,Tumbarumba (A),2018,4,2118.99275341,1741.10800455,0
New South Wales,Tumbarumba (A),2019,21,29764.746617984598,10067.78449595,1
New South Wales,Tumbarumba (A),2020,5,17755.794653700003,14781.14083953,1
New South Wales,Tumbarumba (A),2021,3,419.28847147,347.37575468,0
New South Wales,Tumbarumba (A),2023,2,0.55062054,0.42851154,0
New South Wales,Tumbarumba (A),2024,4,1686.0873576000001,1511.47065436,0
New South Wales,Tumbarumba (A),2025,1,0.79582489,0.79582489,0
New South Wales,Tumbarumba (A),2026,9,375.29622703,248.81719082,0
New South Wales,Tumut Shire (A),1971,1,1853.57585061,1853.57585061,0
New South Wales,Tumut Shire (A),1972,2,2975.15065942,2603.86271218,0
New South Wales,Tumut Shire (A),1973,1,8428.89655404,8428.89655404,0
New South Wales,Tumut Shire (A),1974,3,18834.78530109,8220.63189893,0
New South Wales,Tumut Shire (A),1976,5,37885.11742632,12350.17990407,2
New South Wales,Tumut Shire (A),1977,2,2379.1315434,2370.18807441,0
New South Wales,Tumut Shire (A),1979,3,15576.71549226,8652.23305852,0
New South Wales,Tumut Shire (A),1980,6,16981.15062777,5194.06793183,0
New South Wales,Tumut Shire (A),1981,9,42579.32632204,9036.62297587,0
New South Wales,Tumut Shire (A),1983,1,268.6000543,268.6000543,0
New South Wales,Tumut Shire (A),1991,1,1758.75781322,1758.75781322,0
New South Wales,Tumut Shire (A),1996,2,110.10377962999999,92.3680213,0
New South Wales,Tumut Shire (A),2002,3,1404.04912505,951.70054302,0
New South Wales,Tumut Shire (A),2003,3,59.45835891,58.96027024,0
New South Wales,Tumut Shire (A),2004,3,291.13135471,217.38321889,0
New South Wales,Tumut Shire (A),2005,3,3.1739848,2.70117065,0
New South Wales,Tumut Shire (A),2006,6,1409.7306316200002,614.52473852,0
New South Wales,Tumut Shire (A),2007,8,14750.22715255,11628.51817421,1
New South Wales,Tumut Shire (A),2008,2,330.78404725,297.45803723,0
New South Wales,Tumut Shire (A),2009,9,1776.55439206,1239.09849906,0
New South Wales,Tumut Shire (A),2010,5,3251.86551408,2000.93013984,0
New South Wales,Tumut Shire (A),2012,2,3.7444021899999997,3.19198578,0
New South Wales,Tumut Shire (A),2013,12,1650.9149763,563.60568644,0
New South Wales,Tumut Shire (A),2014,6,5147.28313541,2542.43064698,0
New South Wales,Tumut Shire (A),2015,15,1632.5659883600001,1262.18189572,0
New South Wales,Tumut Shire (A),2016,19,5213.21697884,2853.84124404,0
New South Wales,Tumut Shire (A),2017,8,1411.62156036,418.90802661,0
New South Wales,Tumut Shire (A),2018,6,1695.08153412,1224.20844005,0
New South Wales,Tumut Shire (A),2019,15,342676.82205181394,333979.94611832,1
New South Wales,Tumut Shire (A),2020,4,7798.92069701,5613.87736035,0
New South Wales,Tumut Shire (A),2021,5,1070.28164537,776.38409055,0
New South Wales,Tumut Shire (A),2022,9,115.48900567,55.17171599,0
New South Wales,Tumut Shire (A),2023,1,34.79971755,34.79971755,0
New South Wales,Tumut Shire (A),2024,4,2353.15620814,935.48367238,0
New South Wales,Tumut Shire (A),2025,4,771.55576081,520.76698662,0
New South Wales,Tumut Shire (A),2026,5,333.84577006,191.29066712,0
New South Wales,Upper Hunter Shire (A),2001,1,1.85080861,1.85080861,0
New South Wales,Upper Hunter Shire (A),2002,22,22302.184525149998,6243.1990132,0
New South Wales,Upper Hunter Shire (A),2004,5,1516.33048779,965.49472687,0
New South Wales,Upper Hunter Shire (A),2005,5,2167.97885473,1276.10342222,0
New South Wales,Upper Hunter Shire (A),2006,12,1565.7739717599998,433.07759558,0
New South Wales,Upper Hunter Shire (A),2007,4,1340.01781575,980.32553418,0
New South Wales,Upper Hunter Shire (A),2008,4,664.8305408699999,264.25956603,0
New South Wales,Upper Hunter Shire (A),2009,13,2236.51040506,713.50773652,0
New South Wales,Upper Hunter Shire (A),2010,4,4448.93470104,3501.59251013,0
New South Wales,Upper Hunter Shire (A),2011,1,661.38236521,661.38236521,0
New South Wales,Upper Hunter Shire (A),2012,7,1376.96853199,1226.04086431,0
New South Wales,Upper Hunter Shire (A),2013,3,880.66994899,771.96258495,0
New South Wales,Upper Hunter Shire (A),2015,6,1722.39131915,471.02812453,0
New South Wales,Upper Hunter Shire (A),2016,4,1966.87176954,958.84704472,0
New South Wales,Upper Hunter Shire (A),2017,4,284.26985543,127.83476318,0
New South Wales,Upper Hunter Shire (A),2018,9,1608.60350069,876.59216453,0
New South Wales,Upper Hunter Shire (A),2019,12,25097.90915435,14128.0325691,1
New South Wales,Upper Hunter Shire (A),2020,2,9.54227838,9.54226595,0
New South Wales,Upper Hunter Shire (A),2023,11,2188.41464366,1157.35477117,0
New South Wales,Upper Hunter Shire (A),2024,1,29.41987069,29.41987069,0
New South Wales,Upper Hunter Shire (A),2025,5,608.7548914299999,454.99361252,0
New South Wales,Walcha (A),1998,2,854.14438455,777.24742024,0
New South Wales,Walcha (A),2000,2,2623.12204646,2394.82797208,0
New South Wales,Walcha (A),2001,3,16407.58195534,8741.16306665,0
New South Wales,Walcha (A),2002,12,8295.12177429,3315.86627574,0
New South Wales,Walcha (A),2003,13,4565.89694409,1159.12577932,0
New South Wales,Walcha (A),2004,8,865.8944238500001,728.87290269,0
New South Wales,Walcha (A),2005,7,1117.90578771,306.14469642,0
New South Wales,Walcha (A),2006,6,1291.08082569,561.66961705,0
New South Wales,Walcha (A),2007,13,3751.5774404100002,2406.94110805,0
New South Wales,Walcha (A),2008,5,257.78162964,94.13928729,0
New South Wales,Walcha (A),2009,15,6378.54769882,1589.72323802,0
New South Wales,Walcha (A),2010,10,4170.09422017,1227.431028,0
New South Wales,Walcha (A),2011,5,3930.25809236,1462.40649102,0
New South Wales,Walcha (A),2012,11,12292.17757247,8069.36596632,0
New South Wales,Walcha (A),2013,21,2972.274665,633.37615817,0
New South Wales,Walcha (A),2014,14,10631.53685057,5249.57003838,0
New South Wales,Walcha (A),2015,3,1761.12004043,1753.30499016,0
New South Wales,Walcha (A),2016,9,1225.70104496,486.4090557,0
New South Wales,Walcha (A),2017,12,7101.77531173,4342.21188458,0
New South Wales,Walcha (A),2018,10,3727.76641661,969.9479044,0
New South Wales,Walcha (A),2019,16,240309.365391,238086.32882845,1
New South Wales,Walcha (A),2021,2,642.4938288000001,572.30432596,0
New South Wales,Walcha (A),2022,1,111.69991233,111.69991233,0
New South Wales,Walcha (A),2023,11,3071.60275542,2110.4521547,0
New South Wales,Walcha (A),2024,4,5032.44074382,3167.3592549,0
New South Wales,Walcha (A),2025,3,6910.68487403,6036.02873216,0
New South Wales,Walcha (A),2026,1,46.50579058,46.50579058,0
New South Wales,Warrumbungle Shire (A),2001,2,12.6855857,10.81387947,0
New South Wales,Warrumbungle Shire (A),2002,3,13085.20445569,13073.82597655,1
New South Wales,Warrumbungle Shire (A),2004,4,143.11611742,90.44894667,0
New South Wales,Warrumbungle Shire (A),2005,11,530.3316254,140.28496362,0
New South Wales,Warrumbungle Shire (A),2006,27,1888.6890598799998,623.06547165,0
New South Wales,Warrumbungle Shire (A),2007,14,10599.136120559999,9853.59677771,0
New South Wales,Warrumbungle Shire (A),2008,8,1868.24104097,1494.18634498,0
New South Wales,Warrumbungle Shire (A),2009,22,1391.65277238,411.32864118,0
New South Wales,Warrumbungle Shire (A),2010,11,895.2092480800001,412.13835185,0
New South Wales,Warrumbungle Shire (A),2011,10,1228.45948809,546.57415291,0
New South Wales,Warrumbungle Shire (A),2012,12,3083.22660902,1552.50041569,0
New South Wales,Warrumbungle Shire (A),2013,33,8916.87349923,3591.54095724,0
New South Wales,Warrumbungle Shire (A),2014,9,791.89094912,259.84476351,0
New South Wales,Warrumbungle Shire (A),2015,9,7216.314952119999,4463.43010934,0
New South Wales,Warrumbungle Shire (A),2016,7,2247.93748421,1021.31739295,0
New South Wales,Warrumbungle Shire (A),2017,7,56572.88637997,55324.47427612,1
New South Wales,Warrumbungle Shire (A),2018,10,2321.78043877,1013.53355718,0
New South Wales,Warrumbungle Shire (A),2019,9,531.66830173,300.62312195,0
New South Wales,Warrumbungle Shire (A),2020,7,7099.7716916300005,3474.35824596,0
New South Wales,Warrumbungle Shire (A),2022,3,654.7184287800001,272.79088079,0
New South Wales,Warrumbungle Shire (A),2023,4,2146.42707917,2047.16735,0
New South Wales,Warrumbungle Shire (A),2024,12,3527.291325,1345.33989532,0
New South Wales,Warrumbungle Shire (A),2025,13,6800.6947689,5410.30432889,0
New South Wales,Warrumbungle Shire (A),2026,11,556.6814839900001,252.48721583,0
New South Wales,Wentworth (A),1974,1,1468743.97268264,1468743.97268264,1
New South Wales,Wentworth (A),1977,1,103533.83826715,103533.83826715,1
New South Wales,Wentworth (A),1984,63,3118.5078868899996,1401.21965704,0
New South Wales,Wentworth (A),1997,2,480.605002,436.72885157,0
New South Wales,Wentworth (A),1998,7,209.82725814,94.52201292,0
New South Wales,Wentworth (A),1999,4,141.3726839,98.4605049,0
New South Wales,Wentworth (A),2000,2,39.812167259999995,21.18324153,0
New South Wales,Wentworth (A),2001,3,74.5077746,46.43400189,0
New South Wales,Wentworth (A),2006,1,46.87482114,46.87482114,0
New South Wales,Wentworth (A),2008,4,395.06963408,266.0294057,0
New South Wales,Wentworth (A),2009,3,129.34735722,88.91158809,0
New South Wales,Wentworth (A),2011,1,6.33434143,6.33434143,0
New South Wales,Wentworth (A),2012,4,11809.1030676,9242.99291426,0
New South Wales,Wentworth (A),2013,1,986.04361326,986.04361326,0
New South Wales,Wentworth (A),2016,1,4908.21810291,4908.21810291,0
New South Wales,Wentworth (A),2017,2,18.49771853,15.6135999,0
New South Wales,Wentworth (A),2018,2,102.63736166600842,101.65340817,0
New South Wales,Wentworth (A),2019,3,850.4739820261847,801.66846105,0
New South Wales,Wentworth (A),2020,3,82.77944529,68.88292862,0
New South Wales,Wentworth (A),2021,4,547.29133474,319.43359709,0
New South Wales,Wentworth (A),2022,1,9.83118929,9.83118929,0
New South Wales,Wentworth (A),2023,16,557.56598116,375.41080864,0
New South Wales,Wentworth (A),2025,4,233.31317,96.10801381,0
New South Wales,Wingecarribee (A),1964,16,105.27721281000001,59.99534897,0
New South Wales,Wingecarribee (A),1965,3,242.76045258999997,217.69775534,0
New South Wales,Wingecarribee (A),1967,2,13.47990187,8.83975335,0
New South Wales,Wingecarribee (A),1968,11,20363.310804660003,19611.92542376,1
New South Wales,Wingecarribee (A),1970,1,2.54184295,2.54184295,0
New South Wales,Wingecarribee (A),1971,1,3.93527534,3.93527534,0
New South Wales,Wingecarribee (A),1972,1,68.8141815,68.8141815,0
New South Wales,Wingecarribee (A),1973,1,13.54057778,13.54057778,0
New South Wales,Wingecarribee (A),1980,3,1.01301921,0.49855841,0
New South Wales,Wingecarribee (A),1981,1,4.43792097,4.43792097,0
New South Wales,Wingecarribee (A),1982,4,1320.32297004,1304.17208654,0
New South Wales,Wingecarribee (A),1983,1,0.47685842,0.47685842,0
New South Wales,Wingecarribee (A),1985,4,109.62529596,76.67905437,0
New South Wales,Wingecarribee (A),1986,1,17.3000321,17.3000321,0
New South Wales,Wingecarribee (A),1987,7,2171.50198077,1944.82072684,0
New South Wales,Wingecarribee (A),1988,1,47.73329365,47.73329365,0
New South Wales,Wingecarribee (A),1990,6,1403.1768867199999,598.41869867,0
New South Wales,Wingecarribee (A),1991,3,180.10130128999998,79.06719195,0
New South Wales,Wingecarribee (A),1992,4,1494.12277455,502.69388593,0
New South Wales,Wingecarribee (A),1993,8,1102.40390494,519.85580688,0
New South Wales,Wingecarribee (A),1994,17,2426.6183757999997,772.57102015,0
New South Wales,Wingecarribee (A),1995,8,3382.35215244,855.23965876,0
New South Wales,Wingecarribee (A),1996,7,113.67091473,44.70131072,0
New South Wales,Wingecarribee (A),1997,5,1018.51489113,393.53807486,0
New South Wales,Wingecarribee (A),1998,3,1018.75353758,520.13686381,0
New South Wales,Wingecarribee (A),1999,15,759.38491893,253.89363461,0
New South Wales,Wingecarribee (A),2000,24,646.37995555,213.9799153,0
New South Wales,Wingecarribee (A),2001,13,421.40665050999996,132.65031236,0
New South Wales,Wingecarribee (A),2002,4,51621.726505709994,47747.54867007,1
New South Wales,Wingecarribee (A),2003,9,984.4680990700001,546.33258794,0
New South Wales,Wingecarribee (A),2004,4,166.29568467,111.95219427,0
New South Wales,Wingecarribee (A),2005,2,0.64940307,0.36125676,0
New South Wales,Wingecarribee (A),2006,3,220.29257245,193.75367627,0
New South Wales,Wingecarribee (A),2007,1,0.44513585,0.44513585,0
New South Wales,Wingecarribee (A),2008,9,163.10503856,109.77729881,0
New South Wales,Wingecarribee (A),2009,10,3276.3230735800003,1492.54379748,0
New South Wales,Wingecarribee (A),2010,9,4260.96612196,1481.37368114,0
New South Wales,Wingecarribee (A),2011,5,2230.50091187,1502.79304514,0
New South Wales,Wingecarribee (A),2012,4,1170.1253256,790.2628415,0
New South Wales,Wingecarribee (A),2013,11,3335.18414008,1092.76760079,0
New South Wales,Wingecarribee (A),2014,4,205.40805291,97.5537364,0
New South Wales,Wingecarribee (A),2015,6,1541.02792838,938.26933757,0
New South Wales,Wingecarribee (A),2016,8,1933.71747061,640.90209089,0
New South Wales,Wingecarribee (A),2017,5,597.73274881,322.16189505,0
New South Wales,Wingecarribee (A),2018,4,4491.09246405,4448.44763185,0
New South Wales,Wingecarribee (A),2019,7,5414.33417893,3445.98173644,0
New South Wales,Wingecarribee (A),2020,9,21724.53616299,10787.3217214,1
New South Wales,Wingecarribee (A),2021,7,1179.31755499,808.49401257,0
New South Wales,Wingecarribee (A),2022,1,4.20982838,4.20982838,0
New South Wales,Wingecarribee (A),2023,11,638.63793974,199.52858056,0
New South Wales,Wingecarribee (A),2024,5,304.41704346999995,136.20741596,0
New South Wales,Wingecarribee (A),2025,86,625.79441004,115.36534596,0
New South Wales,Wingecarribee (A),2026,71,687.90820782,303.84129665,0
New South Wales,Wollondilly (A),1962,2,27.79328833,14.67856196,0
New South Wales,Wollondilly (A),1963,1,1.9991424,1.9991424,0
New South Wales,Wollondilly (A),1964,15,389.27042858,138.32278362,0
New South Wales,Wollondilly (A),1965,10,60311.90614580001,37371.46042396,2
New South Wales,Wollondilly (A),1966,3,4460.45839414,4458.17624045,0
New South Wales,Wollondilly (A),1967,2,20.853096999999998,18.30343983,0
New South Wales,Wollondilly (A),1968,11,26601.25198679,10672.65826707,1
New South Wales,Wollondilly (A),1969,1,0.73037625,0.73037625,0
New South Wales,Wollondilly (A),1970,1,10.11642788,10.11642788,0
New South Wales,Wollondilly (A),1971,1,69.37787166,69.37787166,0
New South Wales,Wollondilly (A),1972,7,1461.1901652099998,1319.06852169,0
New South Wales,Wollondilly (A),1975,2,34.623212429999995,34.28344359,0
New South Wales,Wollondilly (A),1977,4,29.28845569,23.0113909,0
New South Wales,Wollondilly (A),1979,2,22.78136118,20.66955434,0
New South Wales,Wollondilly (A),1980,9,5783.53610047,5279.39169462,0
New South Wales,Wollondilly (A),1981,11,1557.60831512,545.09646962,0
New South Wales,Wollondilly (A),1982,13,1345.35283393,647.23959134,0
New South Wales,Wollondilly (A),1983,6,11.14143316,4.34568709,0
New South Wales,Wollondilly (A),1984,14,2330.59195438,1237.94102311,0
New South Wales,Wollondilly (A),1985,17,20335.25228303,18359.59212738,1
New South Wales,Wollondilly (A),1986,19,976.31630358,445.20054913,0
New South Wales,Wollondilly (A),1987,8,127.85233774,111.60650588,0
New South Wales,Wollondilly (A),1988,7,185.25350779000001,153.17553816,0
New South Wales,Wollondilly (A),1989,7,416.52522726,276.34159597,0
New South Wales,Wollondilly (A),1990,6,11353.849174469999,11074.16756746,1
New South Wales,Wollondilly (A),1991,1,1.42135847,1.42135847,0
New South Wales,Wollondilly (A),1992,3,685.98637903,684.7097248,0
New South Wales,Wollondilly (A),1993,3,547.88365485,433.07476588,0
New South Wales,Wollondilly (A),1994,15,2748.6791503599998,1363.42071104,0
New South Wales,Wollondilly (A),1995,11,503.27891088,211.144482,0
New South Wales,Wollondilly (A),1996,11,661.16510145,371.47993816,0
New South Wales,Wollondilly (A),1997,14,67956.04380933,61366.60784142,1
New South Wales,Wollondilly (A),1998,6,1147.19057282,552.92737933,0
New South Wales,Wollondilly (A),1999,2,47.63756379,42.31061518,0
New South Wales,Wollondilly (A),2000,7,42.68368523,37.79937673,0
New South Wales,Wollondilly (A),2001,7,262.47031641,233.49983883,0
New South Wales,Wollondilly (A),2002,12,8391.00426909,5820.77053279,0
New South Wales,Wollondilly (A),2003,7,3854.67784927,3848.40893202,0
New South Wales,Wollondilly (A),2004,9,802.2990667000001,644.39350218,0
New South Wales,Wollondilly (A),2005,3,1.5078471599999999,0.54268573,0
New South Wales,Wollondilly (A),2006,11,10296.08456008,9151.96665002,0
New South Wales,Wollondilly (A),2007,5,83.63985555000001,78.53036174,0
New South Wales,Wollondilly (A),2008,7,1504.15458892,1325.2317818,0
New South Wales,Wollondilly (A),2009,20,3438.6531176500002,1627.5441028,0
New South Wales,Wollondilly (A),2010,2,236.39882050999998,236.11796008,0
New South Wales,Wollondilly (A),2011,3,947.0004207300001,466.09999747,0
New South Wales,Wollondilly (A),2012,3,540.4859497,539.32259562,0
New South Wales,Wollondilly (A),2013,10,16235.54437912,15720.86247855,1
New South Wales,Wollondilly (A),2014,6,1201.0960429,805.6370118,0
New South Wales,Wollondilly (A),2015,7,5796.40800681,4632.8623656,0
New South Wales,Wollondilly (A),2016,2,370.95904951,296.82603252,0
New South Wales,Wollondilly (A),2017,3,2888.8644295,2665.55033445,0
New South Wales,Wollondilly (A),2018,4,2895.24682477,2825.42997135,0
New South Wales,Wollondilly (A),2019,5,704.13391161,531.62179497,0
New South Wales,Wollondilly (A),2020,1,173.98610839,173.98610839,0
New South Wales,Wollondilly (A),2023,3,11.378945300000002,7.11749878,0
New South Wales,Wollondilly (A),2024,8,293.0433797,141.68365087,0
New South Wales,Wollondilly (A),2025,7,90.04861106999999,80.54256945,0
New South Wales,Wollondilly (A),2026,9,66.49784754,51.13994329,0
Queensland,Banana (S),1982,1,4908.76609405,4908.76609405,0
Queensland,Banana (S),1984,1,317.41435588,317.41435588,0
Queensland,Banana (S),1990,2,69444.84337588001,69187.7042897,1
Queensland,Banana (S),1991,1,21432.7444816,21432.7444816,1
Queensland,Banana (S),1992,2,29222.52958402,22694.4854348,1
Queensland,Banana (S),1993,2,38270.89439539,37644.5418355,1
Queensland,Banana (S),1994,4,6177.61416886,2323.9071889,0
Queensland,Banana (S),1995,3,2472.72520975,1805.01557867,0
Queensland,Banana (S),1996,5,43872.61427288,20953.6878422,1
Queensland,Banana (S),1997,3,9145.41490514,8061.93352071,0
Queensland,Banana (S),1998,3,20029.01268797,10965.3901642,1
Queensland,Banana (S),1999,11,60196.46362621,25903.5149682,1
Queensland,Banana (S),2000,5,9774.967675939999,3107.57071087,0
Queensland,Banana (S),2001,5,39373.00581959,23553.4933977,1
Queensland,Banana (S),2002,5,71973.50773779,40422.0963847,3
Queensland,Banana (S),2003,3,10846.96607358,6793.4866227,0
Queensland,Banana (S),2004,8,108147.98792366999,66858.7591233,3
Queensland,Banana (S),2005,19,50240.92818886,25239.9611052,2
Queensland,Banana (S),2006,8,43119.571606030004,15412.1783949,2
Queensland,Banana (S),2007,4,1590.41714362,1561.37460257,0
Queensland,Banana (S),2008,10,14542.07002837,6586.98669773,0
Queensland,Banana (S),2009,14,178271.40726373,95112.3224728,3
Queensland,Banana (S),2010,2,883.9729742500001,619.20090488,0
Queensland,Banana (S),2011,37,351446.58439246,33859.2758307,14
Queensland,Banana (S),2012,30,297646.0993905,52414.4562919,9
Queensland,Banana (S),2013,13,205890.64032358,70375.4847495,5
Queensland,Banana (S),2014,8,18353.7701253,5361.90132317,0
Queensland,Banana (S),2015,17,55242.32845467,21968.2834918,2
Queensland,Banana (S),2016,20,23581.47849035,5575.684138,0
Queensland,Banana (S),2017,11,64821.11101394,35181.3216078,2
Queensland,Banana (S),2018,16,141250.8149576,42200.842636,4
Queensland,Banana (S),2019,10,91803.61189838,57977.8948165,1
Queensland,Banana (S),2020,26,52364.70651198,12748.067014,1
Queensland,Banana (S),2021,29,52209.517726779995,18144.6403128,1
Queensland,Banana (S),2022,15,10821.526165719999,2357.0044163,0
Queensland,Banana (S),2023,27,89772.0514947,29881.0860206,2
Queensland,Banana (S),2024,27,48041.97220697,13406.5685011,1
Queensland,Banana (S),2025,28,89417.46791153,19956.4572025,3
Queensland,Banana (S),2026,7,14899.91076054,13972.5706944,1
Queensland,Brisbane (C),1969,10,13966.66413139,4931.62611711,0
Queensland,Brisbane (C),1976,1,4832.93839696,4832.93839696,0
Queensland,Brisbane (C),1978,1,174.57858742,174.57858742,0
Queensland,Brisbane (C),1980,1,448.76510038,448.76510038,0
Queensland,Brisbane (C),1981,3,7359.42070504,7000.7199517,0
Queensland,Brisbane (C),1982,1,189.70480575,189.70480575,0
Queensland,Brisbane (C),1983,1,1.21396073,1.21396073,0
Queensland,Brisbane (C),1984,1,238.61573063,238.61573063,0
Queensland,Brisbane (C),1986,3,14079.279177650002,9418.68607782,0
Queensland,Brisbane (C),1987,1,23.30111254,23.30111254,0
Queensland,Brisbane (C),1988,1,391.30646273,391.30646273,0
Queensland,Brisbane (C),1990,3,1910.3000906700001,1177.6287119,0
Queensland,Brisbane (C),1991,1,91.43322162,91.43322162,0
Queensland,Brisbane (C),1993,4,3747.20680238,3353.1434236,0
Queensland,Brisbane (C),1994,4,10862.43748543,10357.3612197,1
Queensland,Brisbane (C),1995,4,568.93386022,283.99728209,0
Queensland,Brisbane (C),1996,8,1594.8879095900002,1219.00539118,0
Queensland,Brisbane (C),1997,4,872.79760476,773.04593198,0
Queensland,Brisbane (C),1998,6,553.02795891,309.98205858,0
Queensland,Brisbane (C),1999,4,349.33766888,227.85507554,0
Queensland,Brisbane (C),2000,16,2826.07936393,811.74987258,0
Queensland,Brisbane (C),2001,7,498.68305631000004,448.95912223,0
Queensland,Brisbane (C),2002,6,10386.10208857,10191.041582,1
Queensland,Brisbane (C),2003,9,1594.0107107000001,727.04878738,0
Queensland,Brisbane (C),2004,11,1976.53458623,562.99559941,0
Queensland,Brisbane (C),2005,5,2501.0812299599997,2379.40160128,0
Queensland,Brisbane (C),2006,6,240.05091652000002,105.11316247,0
Queensland,Brisbane (C),2007,9,2033.30083031,1048.57201606,0
Queensland,Brisbane (C),2008,5,567.45151618,289.92043081,0
Queensland,Brisbane (C),2009,13,1942.4062783499999,570.45441262,0
Queensland,Brisbane (C),2010,7,1078.84334777,657.21617941,0
Queensland,Brisbane (C),2011,4,2106.46761049,1592.6944947,0
Queensland,Brisbane (C),2012,11,11755.78450582,5696.23379634,0
Queensland,Brisbane (C),2013,6,768.42276624,375.34979228,0
Queensland,Brisbane (C),2014,7,1256.01438669,482.26477831,0
Queensland,Brisbane (C),2015,7,2339.26888938,1439.62456106,0
Queensland,Brisbane (C),2016,4,16.78467447,14.64513979,0
Queensland,Brisbane (C),2017,7,933.5610303200001,546.61426673,0
Queensland,Brisbane (C),2018,5,3224.67933022,3200.27467829,0
Queensland,Brisbane (C),2019,8,5847.25011746,5774.42647079,0
Queensland,Brisbane (C),2020,7,1081.87816967,412.40765873,0
Queensland,Brisbane (C),2021,8,2382.91430847,2015.67861246,0
Queensland,Brisbane (C),2022,11,1036.31136926,760.44567822,0
Queensland,Brisbane (C),2023,19,1299.08265365,367.32634981,0
Queensland,Brisbane (C),2024,27,814.63931151,205.50046531,0
Queensland,Brisbane (C),2025,15,2368.80529609,2052.59269208,0
Queensland,Brisbane (C),2026,7,162.61732016,91.94099373,0
Queensland,Bundaberg (R),1972,2,983.30513703,934.49588727,0
Queensland,Bundaberg (R),1974,1,73.38692519,73.38692519,0
Queensland,Bundaberg (R),1975,1,221.39010889,221.39010889,0
Queensland,Bundaberg (R),1976,6,3186.31889384,2115.82592113,0
Queensland,Bundaberg (R),1977,3,3098.2033550899996,1952.29955097,0
Queensland,Bundaberg (R),1978,3,670.06322561,503.22561884,0
Queensland,Bundaberg (R),1979,2,2353.41194821,1871.08382653,0
Queensland,Bundaberg (R),1980,4,630.55569137,467.40331846,0
Queensland,Bundaberg (R),1981,1,837.24685103,837.24685103,0
Queensland,Bundaberg (R),1982,3,519.07608008,205.57424419,0
Queensland,Bundaberg (R),1983,1,914.05454276,914.05454276,0
Queensland,Bundaberg (R),1984,2,5467.457931970001,5105.51979715,0
Queensland,Bundaberg (R),1985,5,5239.74210345,2689.47919825,0
Queensland,Bundaberg (R),1986,10,2557.60780429,893.64341194,0
Queensland,Bundaberg (R),1987,3,7104.6377860600005,6084.73612751,0
Queensland,Bundaberg (R),1988,2,1164.1374517,843.53288638,0
Queensland,Bundaberg (R),1989,3,4014.02034412,3901.26343884,0
Queensland,Bundaberg (R),1990,10,18436.62986288,7357.09243571,0
Queensland,Bundaberg (R),1991,9,5813.851429429999,4218.43290267,0
Queensland,Bundaberg (R),1992,12,6737.05662459,3573.15461671,0
Queensland,Bundaberg (R),1993,5,3220.3300288899995,2513.21947389,0
Queensland,Bundaberg (R),1994,6,8828.31562888,3845.25997891,0
Queensland,Bundaberg (R),1995,17,12023.1150108,3467.33816064,0
Queensland,Bundaberg (R),1996,16,12202.530031690001,4062.98075086,0
Queensland,Bundaberg (R),1997,7,7713.656100159999,4162.79406736,0
Queensland,Bundaberg (R),1998,9,7017.10967479,3359.77385958,0
Queensland,Bundaberg (R),1999,5,2148.6470483900002,1134.28026019,0
Queensland,Bundaberg (R),2000,7,2281.75159896,552.11158722,0
Queensland,Bundaberg (R),2001,5,3272.22078106,1661.65812097,0
Queensland,Bundaberg (R),2002,3,14900.39234913,12062.4334315,1
Queensland,Bundaberg (R),2003,18,15390.21690283,5438.42271188,0
Queensland,Bundaberg (R),2004,17,23062.25451585,12812.7166756,1
Queensland,Bundaberg (R),2005,22,5824.6268516499995,1260.01380394,0
Queensland,Bundaberg (R),2006,21,3754.06878285,1191.78177006,0
Queensland,Bundaberg (R),2007,7,429.47141123,139.83993748,0
Queensland,Bundaberg (R),2008,9,2102.75695708,513.22045879,0
Queensland,Bundaberg (R),2009,23,6231.09299714,2198.69542302,0
Queensland,Bundaberg (R),2010,8,2526.1052871399997,638.64041495,0
Queensland,Bundaberg (R),2011,14,4612.80732739,1363.84610478,0
Queensland,Bundaberg (R),2012,14,14820.84342435,5075.36294107,0
Queensland,Bundaberg (R),2013,14,8942.8150323,4824.57635816,0
Queensland,Bundaberg (R),2014,15,4658.39413023,2296.74771121,0
Queensland,Bundaberg (R),2015,19,6953.48621341,1665.34244712,0
Queensland,Bundaberg (R),2016,18,8264.80617044,2028.67476278,0
Queensland,Bundaberg (R),2017,10,2899.82213121,1375.35794401,0
Queensland,Bundaberg (R),2018,18,36309.03198964999,23166.2555115,1
Queensland,Bundaberg (R),2019,11,23209.31971182,8606.80882352,0
Queensland,Bundaberg (R),2020,18,4483.6965794200005,2043.98334977,0
Queensland,Bundaberg (R),2021,7,2520.54291804,947.98414521,0
Queensland,Bundaberg (R),2022,8,970.02723646,520.76025325,0
Queensland,Bundaberg (R),2023,28,16534.16549231,4294.34718663,0
Queensland,Bundaberg (R),2024,15,1859.5516443299998,533.51993513,0
Queensland,Bundaberg (R),2025,22,25341.891328089998,17443.1596281,1
Queensland,Bundaberg (R),2026,7,939.06447628,489.24299543,0
Queensland,Cairns (R),1987,2,173.89392779000002,98.43106432,0
Queensland,Cairns (R),1991,2,569.86597226,507.62207892,0
Queensland,Cairns (R),1992,2,299.19677817,250.43346613,0
Queensland,Cairns (R),1993,1,58.48408398,58.48408398,0
Queensland,Cairns (R),1994,1,78.5002363,78.5002363,0
Queensland,Cairns (R),1996,2,122.11357513,65.1618038,0
Queensland,Cairns (R),1997,1,559.34225572,559.34225572,0
Queensland,Cairns (R),2000,1,120.60215967,120.60215967,0
Queensland,Cairns (R),2001,1,2200.96504111,2200.96504111,0
Queensland,Cairns (R),2002,2,982.46962431,507.62207892,0
Queensland,Cairns (R),2003,7,2663.31040321,1196.82735753,0
Queensland,Cairns (R),2004,10,1852.66685701,927.54829489,0
Queensland,Cairns (R),2005,14,5495.38670029,2170.75397034,0
Queensland,Cairns (R),2006,3,1571.7255187800001,1514.98267637,0
Queensland,Cairns (R),2007,12,2688.40632493,799.11063203,0
Queensland,Cairns (R),2008,15,1626.15156606,467.13873409,0
Queensland,Cairns (R),2009,16,9462.24498591,4681.12331719,0
Queensland,Cairns (R),2010,5,1202.9374356,958.54527775,0
Queensland,Cairns (R),2011,19,2861.26988796,1195.8986123,0
Queensland,Cairns (R),2012,8,306.18199669,116.41279959,0
Queensland,Cairns (R),2013,20,4690.19475147,1544.87402288,0
Queensland,Cairns (R),2014,20,12721.792210460002,10637.4189327,1
Queensland,Cairns (R),2015,4,305.17658394,121.73801439,0
Queensland,Cairns (R),2016,7,1012.5451312099999,386.84892261,0
Queensland,Cairns (R),2017,12,12723.58056516,11356.6260176,1
Queensland,Cairns (R),2018,6,431.93325602,303.16646089,0
Queensland,Cairns (R),2019,11,3063.43595262,1221.96114674,0
Queensland,Cairns (R),2020,16,4743.855152,1394.87109831,0
Queensland,Cairns (R),2021,18,22848.94207453,21336.6708027,1
Queensland,Cairns (R),2022,15,2233.38995479,1167.61893882,0
Queensland,Cairns (R),2023,22,5199.54651954,3366.69229818,0
Queensland,Cairns (R),2024,23,3025.99725841,956.7040897,0
Queensland,Cairns (R),2025,23,7860.18017073,4101.75175694,0
Queensland,Cairns (R),2026,9,971.63479866,493.62924608,0
Queensland,Cassowary Coast (R),1988,1,537.41526135,537.41526135,0
Queensland,Cassowary Coast (R),1989,2,141.54181809,138.94049893,0
Queensland,Cassowary Coast (R),1990,6,1981.1899642600001,1266.96781721,0
Queensland,Cassowary Coast (R),1993,2,313.76885912,163.58831325,0
Queensland,Cassowary Coast (R),1994,3,3483.95607136,2861.31277284,0
Queensland,Cassowary Coast (R),1995,1,105.06083254,105.06083254,0
Queensland,Cassowary Coast (R),1996,2,772.3269587000001,700.34641795,0
Queensland,Cassowary Coast (R),1997,3,1984.2968618199998,1175.66718114,0
Queensland,Cassowary Coast (R),1999,9,3243.14998666,1689.65118696,0
Queensland,Cassowary Coast (R),2000,2,1051.1549757500002,533.79423635,0
Queensland,Cassowary Coast (R),2001,13,4995.50840865,1388.58189681,0
Queensland,Cassowary Coast (R),2002,5,1783.94241161,649.84500392,0
Queensland,Cassowary Coast (R),2003,6,2223.73515199,1318.70021383,0
Queensland,Cassowary Coast (R),2004,8,3701.6666631099997,941.63304448,0
Queensland,Cassowary Coast (R),2005,13,7855.95027114,4801.49215145,0
Queensland,Cassowary Coast (R),2006,10,1992.5555681,1260.42861888,0
Queensland,Cassowary Coast (R),2007,2,3803.88998102,2574.27286107,0
Queensland,Cassowary Coast (R),2008,4,1232.0119298700001,1059.23668687,0
Queensland,Cassowary Coast (R),2009,10,4776.55901627,1798.20082731,0
Queensland,Cassowary Coast (R),2010,7,1015.05495918,484.83254817,0
Queensland,Cassowary Coast (R),2011,11,4599.30171835,2952.89542462,0
Queensland,Cassowary Coast (R),2012,21,2768.02453679,837.28752598,0
Queensland,Cassowary Coast (R),2013,28,5444.42495146,814.45018752,0
Queensland,Cassowary Coast (R),2014,23,7606.44872983,3107.34678548,0
Queensland,Cassowary Coast (R),2015,15,3709.22304028,1122.1153454,0
Queensland,Cassowary Coast (R),2016,31,4645.53069477,950.12195896,0
Queensland,Cassowary Coast (R),2017,22,2989.14990143,925.50516215,0
Queensland,Cassowary Coast (R),2018,32,14637.160622489999,4177.27189896,0
Queensland,Cassowary Coast (R),2019,29,5722.77742024,1315.64232991,0
Queensland,Cassowary Coast (R),2020,18,5818.53773962,2187.63830632,0
Queensland,Cassowary Coast (R),2021,19,9197.870858,5542.75113744,0
Queensland,Cassowary Coast (R),2022,20,3557.8745811999997,1675.97573651,0
Queensland,Cassowary Coast (R),2023,21,3085.13396045,971.98373676,0
Queensland,Cassowary Coast (R),2024,15,2392.59142372,739.44066517,0
Queensland,Cassowary Coast (R),2025,20,5061.23521872,1112.08060514,0
Queensland,Cassowary Coast (R),2026,7,1156.89153779,472.35702862,0
Queensland,Central Highlands (R),1972,2,285.76407423,264.0349314,0
Queensland,Central Highlands (R),1974,2,1016.7524025900001,1012.7305386,0
Queensland,Central Highlands (R),1975,2,5761.74459631,5749.85649819,0
Queensland,Central Highlands (R),1978,2,8855.676645419999,8605.0150306,0
Queensland,Central Highlands (R),1979,2,3511.82897138,1866.89200944,0
Queensland,Central Highlands (R),1980,9,14101.246873650001,6337.63649394,0
Queensland,Central Highlands (R),1981,3,5365.1629031600005,3197.34389744,0
Queensland,Central Highlands (R),1982,2,21097.020978470002,20655.2704415,1
Queensland,Central Highlands (R),1983,5,2740.95299243,1850.25282609,0
Queensland,Central Highlands (R),1984,24,10027.141325460001,5589.83736082,0
Queensland,Central Highlands (R),1985,11,20657.25356889,7615.04375724,0
Queensland,Central Highlands (R),1986,5,58249.263556289996,47927.8249879,1
Queensland,Central Highlands (R),1987,10,11508.90784803,6361.59653293,0
Queensland,Central Highlands (R),1988,4,33225.52096009,19830.5613421,1
Queensland,Central Highlands (R),1989,12,14693.78545282,5789.73729485,0
Queensland,Central Highlands (R),1990,14,19112.63157378,5655.98037979,0
Queensland,Central Highlands (R),1991,7,32232.062134109998,23842.0965043,1
Queensland,Central Highlands (R),1992,5,58543.49366410001,35446.9570344,2
Queensland,Central Highlands (R),1994,9,28985.792451269997,10821.8134911,1
Queensland,Central Highlands (R),1995,5,1950.28783299,782.41299882,0
Queensland,Central Highlands (R),1996,6,2632.15537818,1756.09352629,0
Queensland,Central Highlands (R),1997,18,13421.48192704,4212.81027005,0
Queensland,Central Highlands (R),1998,10,9510.80218508,1599.98030056,0
Queensland,Central Highlands (R),1999,7,117122.013031,109819.633518,1
Queensland,Central Highlands (R),2000,6,7456.76585483,4786.54548009,0
Queensland,Central Highlands (R),2001,2,3244.97729762,2478.66521981,0
Queensland,Central Highlands (R),2002,10,122761.86030723,52320.8728409,3
Queensland,Central Highlands (R),2003,7,3161.6488022,2793.46975657,0
Queensland,Central Highlands (R),2004,13,62466.51353332,32126.8321705,2
Queensland,Central Highlands (R),2005,19,50260.02937657,12953.4245631,2
Queensland,Central Highlands (R),2006,8,35546.14219474,34742.364144,1
Queensland,Central Highlands (R),2007,11,8035.21023121,4651.53255357,0
Queensland,Central Highlands (R),2008,25,47559.54969511,7770.57986479,0
Queensland,Central Highlands (R),2009,36,546058.64388653,160196.248948,10
Queensland,Central Highlands (R),2010,21,19231.13029636,6974.63495201,0
Queensland,Central Highlands (R),2011,39,151360.28565591,56029.5282742,2
Queensland,Central Highlands (R),2012,36,311253.40778339,83123.5868633,8
Queensland,Central Highlands (R),2013,33,161192.72331564,27763.7278814,7
Queensland,Central Highlands (R),2014,11,72251.12636917,24733.9635762,2
Queensland,Central Highlands (R),2015,17,62302.65180671,28925.5905838,2
Queensland,Central Highlands (R),2016,19,101735.47887401999,36206.1563339,3
Queensland,Central Highlands (R),2017,17,55761.51904959,15669.5961082,1
Queensland,Central Highlands (R),2018,34,495184.89997806,167819.029159,10
Queensland,Central Highlands (R),2019,15,118918.20410827,42789.5552184,5
Queensland,Central Highlands (R),2020,18,41606.50362272,26088.178052,1
Queensland,Central Highlands (R),2021,27,45496.23024935,14125.6708049,1
Queensland,Central Highlands (R),2022,20,13770.97634288,2457.71206633,0
Queensland,Central Highlands (R),2023,37,541756.40578271,348210.633255,4
Queensland,Central Highlands (R),2024,35,99017.57738119,13978.0356001,3
Queensland,Central Highlands (R),2025,40,168917.09985879,45912.7295301,5
Queensland,Central Highlands (R),2026,16,66594.56473771,14863.7662151,2
Queensland,Charters Towers (R),1956,1,22477.3168587,22477.3168587,1
Queensland,Charters Towers (R),1968,1,108019.002777,108019.002777,1
Queensland,Charters Towers (R),1975,1,14068.6520993,14068.6520993,1
Queensland,Charters Towers (R),1980,1,18962.2411376,18962.2411376,1
Queensland,Charters Towers (R),1987,1,21516.774555,21516.774555,1
Queensland,Charters Towers (R),1989,7,10528.36837524,7113.24044677,0
Queensland,Charters Towers (R),1990,1,45044.2347997,45044.2347997,1
Queensland,Charters Towers (R),1997,1,818.29370811,818.29370811,0
Queensland,Charters Towers (R),1999,1,115.73120626,115.73120626,0
Queensland,Charters Towers (R),2000,1,128.67759306,128.67759306,0
Queensland,Charters Towers (R),2001,4,82304.38399974,46301.9151974,2
Queensland,Charters Towers (R),2002,2,1063.70774796,1063.70257693,0
Queensland,Charters Towers (R),2003,6,8548.44170392,4210.58533345,0
Queensland,Charters Towers (R),2004,2,168.29429269999997,135.47048954,0
Queensland,Charters Towers (R),2005,4,4274.080736710001,2971.05216258,0
Queensland,Charters Towers (R),2006,3,2078.96293777,1833.47205233,0
Queensland,Charters Towers (R),2007,14,9862.5560462,6033.07131508,0
Queensland,Charters Towers (R),2008,3,205.66813769,198.02802839,0
Queensland,Charters Towers (R),2009,11,15238.638792810001,9443.07589716,0
Queensland,Charters Towers (R),2010,9,26049.61961044,17910.6452886,1
Queensland,Charters Towers (R),2011,14,19579.102651909998,7223.27675411,0
Queensland,Charters Towers (R),2012,11,11364.77566623,3390.89917104,0
Queensland,Charters Towers (R),2013,6,33178.33419984,17997.3269622,2
Queensland,Charters Towers (R),2014,2,441.09841726,418.1342965,0
Queensland,Charters Towers (R),2015,3,9030.86805055,7750.23871028,0
Queensland,Charters Towers (R),2016,9,10309.70514543,9525.83908328,0
Queensland,Charters Towers (R),2017,5,35044.22579631,33338.7818688,1
Queensland,Charters Towers (R),2018,10,30910.31441741,17910.7188954,1
Queensland,Charters Towers (R),2019,5,11892.91727455,8577.03046097,0
Queensland,Charters Towers (R),2020,9,16522.49120317,8436.26545426,0
Queensland,Charters Towers (R),2021,8,45876.25196537,16173.5021013,1
Queensland,Charters Towers (R),2022,5,18848.18055928,12465.7727789,1
Queensland,Charters Towers (R),2023,6,29015.8524456,14340.304318,2
Queensland,Charters Towers (R),2024,5,396140.66230415,389508.088602,1
Queensland,Charters Towers (R),2025,6,19621.89491242,12462.7582818,1
Queensland,Charters Towers (R),2026,3,8158.30982868,3528.12820714,0
Queensland,Cook (S),1986,1,58.16654356,58.16654356,0
Queensland,Cook (S),1987,2,242.33505723,143.12454881,0
Queensland,Cook (S),1988,1,19.19491299,19.19491299,0
Queensland,Cook (S),1989,1,66.62750345,66.62750345,0
Queensland,Cook (S),1991,1,703.89302012,703.89302012,0
Queensland,Cook (S),1994,4,200.5024748,142.66572888,0
Queensland,Cook (S),1997,1,172.92263591,172.92263591,0
Queensland,Cook (S),1999,1,597257.596924,597257.596924,1
Queensland,Cook (S),2000,3,570107.8779118699,563736.645999,1
Queensland,Cook (S),2001,2,706682.39201701,706682.184514,1
Queensland,Cook (S),2002,15,1268360.0833075,734413.084371,6
Queensland,Cook (S),2003,13,448194.70096015,310252.930658,4
Queensland,Cook (S),2004,17,158347.87276549,42219.875998,4
Queensland,Cook (S),2005,49,901057.49980202,128362.534908,17
Queensland,Cook (S),2006,23,624737.88276193,100354.169468,9
Queensland,Cook (S),2007,34,824133.60654718,308358.990301,11
Queensland,Cook (S),2008,28,710307.04587915,180822.836492,7
Queensland,Cook (S),2009,64,2403691.91188647,382232.772773,34
Queensland,Cook (S),2010,34,326005.92067464,62123.0266166,8
Queensland,Cook (S),2011,67,1534773.58004819,322249.179443,22
Queensland,Cook (S),2012,75,2263082.07867346,277392.522091,24
Queensland,Cook (S),2013,28,269915.6271663,77142.9281773,7
Queensland,Cook (S),2014,29,1267076.01761017,261048.434121,13
Queensland,Cook (S),2015,21,340407.53812531003,111575.551751,8
Queensland,Cook (S),2016,52,1216802.30185992,424251.333871,15
Queensland,Cook (S),2017,51,1122370.88326518,430710.173242,15
Queensland,Cook (S),2018,71,1044489.02541488,89634.9098726,23
Queensland,Cook (S),2019,55,1609306.77158207,404483.676071,20
Queensland,Cook (S),2020,72,930604.92992319,253783.959618,17
Queensland,Cook (S),2021,67,778885.93640627,120503.16772,15
Queensland,Cook (S),2022,95,812664.9065289199,103261.526509,18
Queensland,Cook (S),2023,112,1978352.78646285,335762.372315,27
Queensland,Cook (S),2024,86,732229.362171,114749.48107,18
Queensland,Cook (S),2025,101,1303082.08580101,173928.929034,26
Queensland,Cook (S),2026,30,440514.69133304,115905.503081,6
Queensland,Etheridge (S),2001,3,7788.53263381,5119.55662079,0
Queensland,Etheridge (S),2002,4,36281.66551918,31266.9608264,1
Queensland,Etheridge (S),2003,16,140710.08500066,135713.687513,1
Queensland,Etheridge (S),2004,10,7218.658340770001,2444.21404771,0
Queensland,Etheridge (S),2005,3,24903.975234420002,16011.3825503,1
Queensland,Etheridge (S),2006,7,42269.47238872,15733.6772089,2
Queensland,Etheridge (S),2007,10,38157.10159359,18480.5490996,2
Queensland,Etheridge (S),2008,8,100746.78889439,64320.6297455,3
Queensland,Etheridge (S),2009,7,121428.61966526,45881.2339263,4
Queensland,Etheridge (S),2010,4,24474.36769632,10419.3820199,2
Queensland,Etheridge (S),2011,9,79921.27819728,22419.2458731,3
Queensland,Etheridge (S),2012,12,61368.44515950001,17683.5673596,2
Queensland,Etheridge (S),2013,8,60865.89595535,27495.6088669,2
Queensland,Etheridge (S),2014,8,47132.46419855,12725.2703925,2
Queensland,Etheridge (S),2015,9,104772.77887574,44401.6974537,3
Queensland,Etheridge (S),2016,9,139567.90665905998,52397.9524026,4
Queensland,Etheridge (S),2017,18,89508.23402573001,20366.8958982,5
Queensland,Etheridge (S),2018,20,139680.30143148,69592.7983782,3
Queensland,Etheridge (S),2019,27,203329.09241891,50679.406484,7
Queensland,Etheridge (S),2020,17,69829.76149535,18856.9033025,1
Queensland,Etheridge (S),2021,20,148429.36483223,65579.8380437,3
Queensland,Etheridge (S),2022,22,118871.34380755,17142.3616423,6
Queensland,Etheridge (S),2023,17,473056.69612445,174828.633688,7
Queensland,Etheridge (S),2024,28,287778.8558036,64119.4052803,6
Queensland,Etheridge (S),2025,22,424252.40669847996,156683.395659,11
Queensland,Etheridge (S),2026,12,63178.71522891,20348.2099438,2
Queensland,Fraser Coast (R),1960,1,4708.02495397,4708.02495397,0
Queensland,Fraser Coast (R),1962,1,644.31318076,644.31318076,0
Queensland,Fraser Coast (R),1965,3,44397.612785339996,39335.1117147,1
Queensland,Fraser Coast (R),1966,2,5842.5513393500005,3401.32813573,0
Queensland,Fraser Coast (R),1967,9,4167.78046351,3085.34217847,0
Queensland,Fraser Coast (R),1968,6,45657.24008549,27005.1363861,2
Queensland,Fraser Coast (R),1969,3,503.87913475,391.61582288,0
Queensland,Fraser Coast (R),1970,1,70.29871711,70.29871711,0
Queensland,Fraser Coast (R),1971,6,21229.746662499998,16018.0574649,1
Queensland,Fraser Coast (R),1972,2,25592.43179086,20540.9426049,1
Queensland,Fraser Coast (R),1974,3,10450.29916009,5346.28430696,0
Queensland,Fraser Coast (R),1975,1,4589.61393504,4589.61393504,0
Queensland,Fraser Coast (R),1976,4,39586.40971412,30651.8143749,1
Queensland,Fraser Coast (R),1977,6,16865.25899199,10540.3227961,1
Queensland,Fraser Coast (R),1978,4,15657.703112480001,10531.3909943,1
Queensland,Fraser Coast (R),1979,4,13897.145098190002,6420.89863595,0
Queensland,Fraser Coast (R),1980,7,27947.19106487,10598.8415747,2
Queensland,Fraser Coast (R),1981,1,5.05176306,5.05176306,0
Queensland,Fraser Coast (R),1982,11,32869.4005078,16643.5617585,1
Queensland,Fraser Coast (R),1983,13,39626.84057813,25887.4529554,1
Queensland,Fraser Coast (R),1984,10,3435.40734655,1345.60722453,0
Queensland,Fraser Coast (R),1985,2,22718.804472159998,15811.7253928,1
Queensland,Fraser Coast (R),1986,5,17407.85572422,14349.7279548,1
Queensland,Fraser Coast (R),1987,7,16253.62536075,7496.44007996,0
Queensland,Fraser Coast (R),1988,4,7133.09679967,5141.41105805,0
Queensland,Fraser Coast (R),1989,5,25943.522327370003,15270.0290373,1
Queensland,Fraser Coast (R),1990,6,950.89959839,934.60531345,0
Queensland,Fraser Coast (R),1991,10,5394.62976323,2394.09505406,0
Queensland,Fraser Coast (R),1992,11,44657.15380584,16852.7857375,2
Queensland,Fraser Coast (R),1993,9,517.32232271,362.26510801,0
Queensland,Fraser Coast (R),1994,14,43028.58603018,25728.4133933,2
Queensland,Fraser Coast (R),1995,22,1119.72981117,287.82913404,0
Queensland,Fraser Coast (R),1996,36,8272.97715908,3260.09355328,0
Queensland,Fraser Coast (R),1997,9,1066.94211344,529.78774253,0
Queensland,Fraser Coast (R),1998,8,9187.294485960001,3887.13205892,0
Queensland,Fraser Coast (R),1999,4,709.77203849,314.50539586,0
Queensland,Fraser Coast (R),2000,31,46143.84609221,23611.6379679,2
Queensland,Fraser Coast (R),2001,35,27635.599884080002,18650.476456,1
Queensland,Fraser Coast (R),2002,12,6331.43591969,1896.06945249,0
Queensland,Fraser Coast (R),2003,17,4627.1835454,3195.1403887,0
Queensland,Fraser Coast (R),2004,18,12010.57868128,3936.44756681,0
Queensland,Fraser Coast (R),2005,32,14484.70045391,4202.92385933,0
Queensland,Fraser Coast (R),2006,7,19339.62616534,18917.2104618,1
Queensland,Fraser Coast (R),2007,39,5894.62536481,2215.4821585,0
Queensland,Fraser Coast (R),2008,29,1958.6490024900002,569.67941499,0
Queensland,Fraser Coast (R),2009,23,34387.251227990004,21579.6630579,1
Queensland,Fraser Coast (R),2010,11,6837.32971048,3153.68051785,0
Queensland,Fraser Coast (R),2011,42,10385.87563302,2908.79643463,0
Queensland,Fraser Coast (R),2012,12,2053.71246464,1072.96511694,0
Queensland,Fraser Coast (R),2013,30,52452.8660821,22751.5908554,2
Queensland,Fraser Coast (R),2014,15,3927.3998586000002,1255.11119136,0
Queensland,Fraser Coast (R),2015,28,12472.54028589,3814.66688316,0
Queensland,Fraser Coast (R),2016,31,37063.04712884,12235.109441,2
Queensland,Fraser Coast (R),2017,24,37046.61616148,27317.1991454,1
Queensland,Fraser Coast (R),2018,24,2301.0568283899997,648.10998906,0
Queensland,Fraser Coast (R),2019,27,30660.162104979998,18639.3915351,1
Queensland,Fraser Coast (R),2020,20,98521.88794232,84653.3143607,1
Queensland,Fraser Coast (R),2021,21,7098.20707433,2008.35195969,0
Queensland,Fraser Coast (R),2022,16,1091.34246912,554.52269569,0
Queensland,Fraser Coast (R),2023,23,3502.32243538,899.13372821,0
Queensland,Fraser Coast (R),2024,26,5595.5799927,1878.39456986,0
Queensland,Fraser Coast (R),2025,39,12248.12829008,2298.44848765,0
Queensland,Fraser Coast (R),2026,22,5053.27308422,1505.91109054,0
Queensland,Gladstone (R),1991,4,11226.61262734,4397.51491505,0
Queensland,Gladstone (R),1992,2,1820.78859223,915.93954619,0
Queensland,Gladstone (R),1993,1,65.24190162,65.24190162,0
Queensland,Gladstone (R),1994,3,17201.0660121,9252.94245523,0
Queensland,Gladstone (R),1995,6,1727.10761279,883.44503332,0
Queensland,Gladstone (R),1996,10,1401.2170062300002,319.18478954,0
Queensland,Gladstone (R),1997,4,527.44874875,395.9564949,0
Queensland,Gladstone (R),1998,7,2505.67490635,707.18770393,0
Queensland,Gladstone (R),1999,6,3983.9315775799996,1664.15858994,0
Queensland,Gladstone (R),2000,6,32260.89722865,26740.041734,1
Queensland,Gladstone (R),2001,4,26762.292747060004,22820.1241263,1
Queensland,Gladstone (R),2002,14,6095.35731281,2273.67036818,0
Queensland,Gladstone (R),2003,14,22339.62907917,9281.54558011,0
Queensland,Gladstone (R),2004,13,68709.86671864,18313.3833795,3
Queensland,Gladstone (R),2005,16,17622.60423143,4018.8438746,0
Queensland,Gladstone (R),2006,14,32900.84597273,16740.7372758,1
Queensland,Gladstone (R),2007,18,36422.71780501,12576.3237098,1
Queensland,Gladstone (R),2008,21,18480.36037851,3481.72086722,0
Queensland,Gladstone (R),2009,12,19417.32553009,10941.0945135,1
Queensland,Gladstone (R),2010,8,5195.97886351,1437.74970703,0
Queensland,Gladstone (R),2011,28,59999.65249431,6107.08062013,0
Queensland,Gladstone (R),2012,20,30954.657092960002,12124.1139977,1
Queensland,Gladstone (R),2013,13,24628.21480135,13060.4905929,1
Queensland,Gladstone (R),2014,11,6553.459027989999,1421.73305418,0
Queensland,Gladstone (R),2015,30,35205.4373628,6955.37504175,0
Queensland,Gladstone (R),2016,26,30862.258493459998,11314.7892651,2
Queensland,Gladstone (R),2017,11,9364.81328588,3061.20204886,0
Queensland,Gladstone (R),2018,31,112604.03894374,28656.4413826,3
Queensland,Gladstone (R),2019,15,26060.52155868,13937.5961896,1
Queensland,Gladstone (R),2020,21,18558.93328038,6156.14379233,0
Queensland,Gladstone (R),2021,18,15460.09386313,5512.9556504,0
Queensland,Gladstone (R),2022,23,4928.14829382,1408.41146943,0
Queensland,Gladstone (R),2023,25,31454.41121599,10320.5457032,1
Queensland,Gladstone (R),2024,24,16052.2615172,5240.05142721,0
Queensland,Gladstone (R),2025,33,26982.357037589998,7509.57067542,0
Queensland,Gladstone (R),2026,16,6214.49167636,1816.92866691,0
Queensland,Goondiwindi (R),1939,2,3592.2152349400003,2045.57003037,0
Queensland,Goondiwindi (R),1940,1,3090.74666922,3090.74666922,0
Queensland,Goondiwindi (R),1941,1,692.61548181,692.61548181,0
Queensland,Goondiwindi (R),1942,1,2669.13629489,2669.13629489,0
Queensland,Goondiwindi (R),1944,2,12068.4073759,7502.76512034,0
Queensland,Goondiwindi (R),1945,2,3603.7120897699997,2902.15453877,0
Queensland,Goondiwindi (R),1946,3,8344.61069357,6298.23089353,0
Queensland,Goondiwindi (R),1948,1,487.99708458,487.99708458,0
Queensland,Goondiwindi (R),1951,2,890.4211166,729.85015869,0
Queensland,Goondiwindi (R),1952,2,693.82822023,676.80068642,0
Queensland,Goondiwindi (R),1953,2,4388.53246741,3356.77487555,0
Queensland,Goondiwindi (R),1954,1,4478.54424299,4478.54424299,0
Queensland,Goondiwindi (R),1955,1,90.57396152,90.57396152,0
Queensland,Goondiwindi (R),1957,4,3895.89813576,3127.97068806,0
Queensland,Goondiwindi (R),1959,1,753.87546147,753.87546147,0
Queensland,Goondiwindi (R),1961,1,451.0883029,451.0883029,0
Queensland,Goondiwindi (R),1962,1,258.54363358,258.54363358,0
Queensland,Goondiwindi (R),1963,4,24114.18091144,16561.3997364,1
Queensland,Goondiwindi (R),1964,3,1196.17916118,555.31444078,0
Queensland,Goondiwindi (R),1965,1,929.70876165,929.70876165,0
Queensland,Goondiwindi (R),1967,1,1086.4476376,1086.4476376,0
Queensland,Goondiwindi (R),1971,1,381.29895232,381.29895232,0
Queensland,Goondiwindi (R),1972,1,399.80160037,399.80160037,0
Queensland,Goondiwindi (R),1973,1,272.89812766,272.89812766,0
Queensland,Goondiwindi (R),1974,2,862.3856857599999,596.68950589,0
Queensland,Goondiwindi (R),1976,1,20243.0060169,20243.0060169,1
Queensland,Goondiwindi (R),1977,1,807.92330073,807.92330073,0
Queensland,Goondiwindi (R),1979,2,4882.70309388,4700.57692906,0
Queensland,Goondiwindi (R),1980,3,10763.55083138,7202.43063991,0
Queensland,Goondiwindi (R),1981,2,88.6455953,45.30998284,0
Queensland,Goondiwindi (R),1982,1,4125.31090376,4125.31090376,0
Queensland,Goondiwindi (R),1983,3,2891.45430686,2001.88749608,0
Queensland,Goondiwindi (R),1985,2,10940.52063593,10575.219034,1
Queensland,Goondiwindi (R),1986,2,906.0659384200001,632.82099584,0
Queensland,Goondiwindi (R),1989,1,214.31785624,214.31785624,0
Queensland,Goondiwindi (R),1990,4,2003.02293891,833.19706935,0
Queensland,Goondiwindi (R),1991,4,6428.67241658,3549.75681331,0
Queensland,Goondiwindi (R),1992,6,4316.1799720399995,1972.34279645,0
Queensland,Goondiwindi (R),1993,2,2039.69717982,1373.2106532,0
Queensland,Goondiwindi (R),1994,1,234.364616,234.364616,0
Queensland,Goondiwindi (R),1996,5,20613.5305631,10453.4107767,1
Queensland,Goondiwindi (R),1997,3,448.75889893,245.71309415,0
Queensland,Goondiwindi (R),1998,2,426.0613662,230.82281544,0
Queensland,Goondiwindi (R),1999,4,7823.53640439,3871.41977881,0
Queensland,Goondiwindi (R),2000,6,13667.68928154,6497.97363267,0
Queensland,Goondiwindi (R),2001,3,10086.93606458,6412.97807549,0
Queensland,Goondiwindi (R),2002,5,13149.29691995,6213.04384389,0
Queensland,Goondiwindi (R),2003,7,61.919396330000005,16.52028509,0
Queensland,Goondiwindi (R),2004,7,8883.81712155,2893.88984877,0
Queensland,Goondiwindi (R),2005,12,17697.14518987,3945.4327872,0
Queensland,Goondiwindi (R),2006,3,281.1690683,263.73971328,0
Queensland,Goondiwindi (R),2007,3,416.69124217,372.39438958,0
Queensland,Goondiwindi (R),2008,2,5178.96557975,2955.41140114,0
Queensland,Goondiwindi (R),2009,11,41273.72710381,9333.14872627,0
Queensland,Goondiwindi (R),2010,1,1661.76907773,1661.76907773,0
Queensland,Goondiwindi (R),2011,3,5005.31037682,4217.44822876,0
Queensland,Goondiwindi (R),2012,13,7172.26092301,3098.62816697,0
Queensland,Goondiwindi (R),2013,9,16161.62459057,6296.11190816,0
Queensland,Goondiwindi (R),2014,4,5899.82486972,4204.90253173,0
Queensland,Goondiwindi (R),2015,9,8145.967886,4640.24230937,0
Queensland,Goondiwindi (R),2016,8,12663.76873013,6241.10177463,0
Queensland,Goondiwindi (R),2017,7,4852.33895491,1966.16562827,0
Queensland,Goondiwindi (R),2018,7,3055.25305489,1681.43090735,0
Queensland,Goondiwindi (R),2019,8,275.76568913,204.19648014,0
Queensland,Goondiwindi (R),2020,10,11387.224870959999,2917.17191607,0
Queensland,Goondiwindi (R),2021,6,11364.66973601,4245.7121528,0
Queensland,Goondiwindi (R),2022,7,14793.99293997,6278.64306516,0
Queensland,Goondiwindi (R),2023,17,70658.7381765,23230.3522196,2
Queensland,Goondiwindi (R),2024,10,21715.82502784,6753.04561678,0
Queensland,Goondiwindi (R),2025,10,13536.76430199,4880.64903004,0
Queensland,Goondiwindi (R),2026,3,7414.41666755,7365.72134266,0
Queensland,Gympie (R),1964,1,6135.61965916,6135.61965916,0
Queensland,Gympie (R),1965,3,8595.404994749999,5057.08887069,0
Queensland,Gympie (R),1966,1,9443.69187753,9443.69187753,0
Queensland,Gympie (R),1967,4,5351.25857041,2176.57909682,0
Queensland,Gympie (R),1968,2,9892.74062068,6611.19245258,0
Queensland,Gympie (R),1971,3,39039.09217864,23609.8065674,1
Queensland,Gympie (R),1972,2,5746.39700528,4971.14393347,0
Queensland,Gympie (R),1973,2,2676.38618963,1388.3579289,0
Queensland,Gympie (R),1974,4,9565.65300222,3745.43674336,0
Queensland,Gympie (R),1975,4,12147.734504209999,5958.46344333,0
Queensland,Gympie (R),1976,4,14922.15480215,6357.99130681,0
Queensland,Gympie (R),1977,4,17167.10249927,7574.34419316,0
Queensland,Gympie (R),1978,5,19268.27904215,8532.09790048,0
Queensland,Gympie (R),1979,3,13609.14408015,6216.95423715,0
Queensland,Gympie (R),1980,8,13808.680769629998,5953.56920045,0
Queensland,Gympie (R),1981,6,8809.50635821,3487.25212187,0
Queensland,Gympie (R),1982,6,9399.13234019,2781.56926601,0
Queensland,Gympie (R),1983,9,12072.98447422,5231.21100958,0
Queensland,Gympie (R),1984,4,4120.80471823,1833.10367328,0
Queensland,Gympie (R),1985,3,3868.9947675000003,2856.05758431,0
Queensland,Gympie (R),1986,5,8258.62330298,6356.71147132,0
Queensland,Gympie (R),1987,12,902.79192744,793.37155219,0
Queensland,Gympie (R),1988,2,3.61886053,2.77622834,0
Queensland,Gympie (R),1989,4,2852.6600683799998,1348.27183683,0
Queensland,Gympie (R),1990,5,4266.16996436,3340.78435033,0
Queensland,Gympie (R),1991,2,6703.24779175,6420.61577892,0
Queensland,Gympie (R),1992,3,10033.24767642,5958.46344333,0
Queensland,Gympie (R),1994,1,815.44277462,815.44277462,0
Queensland,Gympie (R),1995,1,1972.12284617,1972.12284617,0
Queensland,Gympie (R),1996,2,12420.92026511,11042.1291595,1
Queensland,Gympie (R),1998,1,3388.56348015,3388.56348015,0
Queensland,Gympie (R),2000,1,1234.52787768,1234.52787768,0
Queensland,Gympie (R),2001,2,657.35027949,369.71299769,0
Queensland,Gympie (R),2002,7,14596.1506238,8092.62815358,0
Queensland,Gympie (R),2003,15,25591.63203769,12840.0798653,1
Queensland,Gympie (R),2004,14,5831.233512299999,1197.72340767,0
Queensland,Gympie (R),2005,13,14046.35257217,9510.52984014,0
Queensland,Gympie (R),2006,16,7771.23842971,2894.03996541,0
Queensland,Gympie (R),2007,17,4737.14131135,850.24613846,0
Queensland,Gympie (R),2008,7,1284.7665754700001,517.02318375,0
Queensland,Gympie (R),2009,17,63457.59787405001,35936.0458745,2
Queensland,Gympie (R),2010,5,890.14446798,729.94314441,0
Queensland,Gympie (R),2011,14,13743.18185739,3284.99262125,0
Queensland,Gympie (R),2012,20,11447.69473532,3866.69411806,0
Queensland,Gympie (R),2013,13,6968.390475020001,4635.74977441,0
Queensland,Gympie (R),2014,13,7295.5978872,2411.60247896,0
Queensland,Gympie (R),2015,13,8780.25436058,3607.29218301,0
Queensland,Gympie (R),2016,29,18539.01149161,4260.45492565,0
Queensland,Gympie (R),2017,10,4655.32083158,2326.68062267,0
Queensland,Gympie (R),2018,23,11106.779103519999,2580.51113423,0
Queensland,Gympie (R),2019,16,7055.74810429,1981.12419542,0
Queensland,Gympie (R),2020,15,22501.98735906,14051.8575527,1
Queensland,Gympie (R),2021,14,5742.164065450001,3014.41293707,0
Queensland,Gympie (R),2022,13,1978.84661233,1143.21192948,0
Queensland,Gympie (R),2023,20,11317.50706733,5190.24642961,0
Queensland,Gympie (R),2024,25,6020.93855015,1127.26966481,0
Queensland,Gympie (R),2025,20,12673.0872016,2458.73602125,0
Queensland,Gympie (R),2026,7,3703.21530937,2001.34457063,0
Queensland,Hinchinbrook (S),1986,1,17.36922612,17.36922612,0
Queensland,Hinchinbrook (S),1991,1,766.3079895,766.3079895,0
Queensland,Hinchinbrook (S),1994,6,8117.05517338,4471.11538986,0
Queensland,Hinchinbrook (S),1995,1,255.63956005,255.63956005,0
Queensland,Hinchinbrook (S),1996,3,4882.90806833,3315.15705362,0
Queensland,Hinchinbrook (S),1999,1,179.53920181,179.53920181,0
Queensland,Hinchinbrook (S),2000,1,91.27179731,91.27179731,0
Queensland,Hinchinbrook (S),2001,9,15246.079432,8176.64505384,0
Queensland,Hinchinbrook (S),2002,8,17320.17166134,13558.1801619,1
Queensland,Hinchinbrook (S),2003,13,6071.66598065,1631.25750984,0
Queensland,Hinchinbrook (S),2004,8,2201.57487985,625.42279328,0
Queensland,Hinchinbrook (S),2005,12,10453.95655452,6353.27653724,0
Queensland,Hinchinbrook (S),2006,7,1334.89063886,780.68726625,0
Queensland,Hinchinbrook (S),2007,14,7276.6956251,3222.04133652,0
Queensland,Hinchinbrook (S),2008,10,8106.67983584,3319.95620861,0
Queensland,Hinchinbrook (S),2009,9,5576.843766520001,2376.229161,0
Queensland,Hinchinbrook (S),2010,4,692.7509939,414.61591532,0
Queensland,Hinchinbrook (S),2011,9,2725.98802793,984.41347596,0
Queensland,Hinchinbrook (S),2012,13,17760.00590814,9517.13766347,0
Queensland,Hinchinbrook (S),2013,15,4439.1875311,779.50673908,0
Queensland,Hinchinbrook (S),2014,19,14954.74777892,6627.02800707,0
Queensland,Hinchinbrook (S),2015,14,4236.70616531,794.25025926,0
Queensland,Hinchinbrook (S),2016,14,6392.45240251,4641.35745911,0
Queensland,Hinchinbrook (S),2017,4,994.96016366,682.90554462,0
Queensland,Hinchinbrook (S),2018,13,15143.31062411,5404.2972108,0
Queensland,Hinchinbrook (S),2019,12,34212.83246625,19441.6938085,1
Queensland,Hinchinbrook (S),2020,11,2770.46207894,933.74023693,0
Queensland,Hinchinbrook (S),2021,8,924.2923019699999,300.85646849,0
Queensland,Hinchinbrook (S),2022,9,906.4783584200001,219.96000719,0
Queensland,Hinchinbrook (S),2023,16,5947.19153088,1286.74820802,0
Queensland,Hinchinbrook (S),2024,10,4470.121663,1764.34372484,0
Queensland,Hinchinbrook (S),2025,11,2193.15335348,719.95841546,0
Queensland,Hinchinbrook (S),2026,4,1045.8634205100002,525.74732329,0
Queensland,Isaac (R),2002,2,659.38561166,652.70993352,0
Queensland,Isaac (R),2003,2,2645.24603016,1959.95438009,0
Queensland,Isaac (R),2004,9,12149.32620542,3878.90789817,0
Queensland,Isaac (R),2005,3,16584.00321141,13149.7166476,1
Queensland,Isaac (R),2006,3,10558.01489684,6355.69967565,0
Queensland,Isaac (R),2007,6,5572.7470421299995,3058.01211539,0
Queensland,Isaac (R),2008,7,4754.42951254,2203.31632557,0
Queensland,Isaac (R),2009,10,28477.49343452,14873.3692253,1
Queensland,Isaac (R),2010,14,11202.92573834,4491.28577743,0
Queensland,Isaac (R),2011,19,55397.936408249996,12536.4976792,1
Queensland,Isaac (R),2012,9,33313.16109292,19397.9273399,1
Queensland,Isaac (R),2013,16,53356.89009978,12378.69881,1
Queensland,Isaac (R),2014,6,8347.24566995,7903.21161734,0
Queensland,Isaac (R),2015,10,44282.35529839,28698.0136032,2
Queensland,Isaac (R),2016,4,616.0014484000001,356.51668645,0
Queensland,Isaac (R),2017,9,31320.87010646,14227.6358565,1
Queensland,Isaac (R),2018,12,28313.69084559,23567.3973684,1
Queensland,Isaac (R),2019,11,11204.32218444,4028.86468874,0
Queensland,Isaac (R),2020,6,12943.10456958,3720.97817218,0
Queensland,Isaac (R),2021,13,31920.44492426,12367.6352635,1
Queensland,Isaac (R),2022,8,12576.73087204,4778.00987624,0
Queensland,Isaac (R),2023,9,15244.48381678,5556.73540131,0
Queensland,Isaac (R),2024,12,20963.08154552,9857.21286602,0
Queensland,Isaac (R),2025,12,92044.04811363001,21142.8637758,4
Queensland,Isaac (R),2026,10,30002.17064403,13778.8223454,1
Queensland,Lockyer Valley (R),1980,1,1106.66753556,1106.66753556,0
Queensland,Lockyer Valley (R),1990,1,69.4707001,69.4707001,0
Queensland,Lockyer Valley (R),1992,1,1585.9418231,1585.9418231,0
Queensland,Lockyer Valley (R),1994,1,666.32478156,666.32478156,0
Queensland,Lockyer Valley (R),1996,1,865.75982361,865.75982361,0
Queensland,Lockyer Valley (R),1997,3,2548.3782582,1316.35122361,0
Queensland,Lockyer Valley (R),2000,2,2515.53641221,2077.07857615,0
Queensland,Lockyer Valley (R),2001,10,3672.58389251,865.58934417,0
Queensland,Lockyer Valley (R),2002,7,12388.846318299999,10039.6332412,1
Queensland,Lockyer Valley (R),2003,11,7501.4020285,1541.79389828,0
Queensland,Lockyer Valley (R),2004,13,3225.81518356,1195.26603915,0
Queensland,Lockyer Valley (R),2005,9,8300.02585516,5222.45601973,0
Queensland,Lockyer Valley (R),2006,17,5561.99760514,1733.60574317,0
Queensland,Lockyer Valley (R),2007,5,1386.26211771,774.31518542,0
Queensland,Lockyer Valley (R),2008,6,2975.03632558,1276.58179626,0
Queensland,Lockyer Valley (R),2009,9,9004.516833999998,5099.73851108,0
Queensland,Lockyer Valley (R),2010,1,2636.90372501,2636.90372501,0
Queensland,Lockyer Valley (R),2011,17,3317.09781294,1697.98991748,0
Queensland,Lockyer Valley (R),2012,18,13590.94922534,6424.83070747,0
Queensland,Lockyer Valley (R),2013,7,6294.54804403,2108.43730072,0
Queensland,Lockyer Valley (R),2014,6,1391.08639199,633.77585335,0
Queensland,Lockyer Valley (R),2015,5,2452.56917857,877.20781611,0
Queensland,Lockyer Valley (R),2016,18,7723.222059770001,5662.87162169,0
Queensland,Lockyer Valley (R),2017,2,643.6545194,377.15080252,0
Queensland,Lockyer Valley (R),2018,6,1821.04550295,1105.27210578,0
Queensland,Lockyer Valley (R),2019,5,22778.31048842,22626.9713194,1
Queensland,Lockyer Valley (R),2020,8,6150.80852135,2037.95133719,0
Queensland,Lockyer Valley (R),2021,3,799.6605817699999,353.73103996,0
Queensland,Lockyer Valley (R),2022,9,3236.77283876,963.45511311,0
Queensland,Lockyer Valley (R),2023,13,11463.00265807,4449.11566118,0
Queensland,Lockyer Valley (R),2024,5,2753.1351501199997,962.96323351,0
Queensland,Lockyer Valley (R),2025,8,1873.29793575,658.19084367,0
Queensland,Lockyer Valley (R),2026,5,626.69519258,410.73370486,0
Queensland,Mackay (R),1971,2,92.17532242,56.79348657,0
Queensland,Mackay (R),1973,1,89.38776138,89.38776138,0
Queensland,Mackay (R),1976,2,163.77522464,147.33400646,0
Queensland,Mackay (R),1978,2,147.00535452,92.38552803,0
Queensland,Mackay (R),1984,1,41.57106873,41.57106873,0
Queensland,Mackay (R),1985,4,180.82491033,86.63148757,0
Queensland,Mackay (R),1986,1,252.59914549,252.59914549,0
Queensland,Mackay (R),1987,3,616.24530708,236.44415397,0
Queensland,Mackay (R),1988,1,94.37964683,94.37964683,0
Queensland,Mackay (R),1990,2,292.28076876,234.76972726,0
Queensland,Mackay (R),1991,2,194.52730531,100.93054201,0
Queensland,Mackay (R),1992,3,449.44612782,236.20368454,0
Queensland,Mackay (R),1993,3,104.60929589,81.5089162,0
Queensland,Mackay (R),1994,4,632.25794793,426.3541482,0
Queensland,Mackay (R),1995,5,490.04169406,181.61865437,0
Queensland,Mackay (R),1996,3,453.71894538000004,237.88295147,0
Queensland,Mackay (R),1997,4,351.84672455,176.41367122,0
Queensland,Mackay (R),1998,1,25.88556163,25.88556163,0
Queensland,Mackay (R),1999,4,235.50547229999998,105.89596393,0
Queensland,Mackay (R),2002,2,182.2658446,160.73594317,0
Queensland,Mackay (R),2003,5,493.08323019,315.93152732,0
Queensland,Mackay (R),2004,3,1150.9214166,523.186501,0
Queensland,Mackay (R),2005,8,46985.07403753,30290.8547712,2
Queensland,Mackay (R),2007,7,2247.31017981,903.53130207,0
Queensland,Mackay (R),2008,16,11153.79389465,4031.3488128,0
Queensland,Mackay (R),2009,12,17945.77648877,9495.17151919,0
Queensland,Mackay (R),2010,7,3131.70864039,1587.65913661,0
Queensland,Mackay (R),2011,6,2061.07559219,1170.17299733,0
Queensland,Mackay (R),2012,13,30181.99680865,23542.6077206,1
Queensland,Mackay (R),2013,25,11699.00148023,2084.0346746,0
Queensland,Mackay (R),2014,7,966.92478819,341.05115799,0
Queensland,Mackay (R),2015,13,1928.67904051,940.91406183,0
Queensland,Mackay (R),2016,7,4748.05034808,3761.94051142,0
Queensland,Mackay (R),2017,17,9562.913190199999,4968.77002379,0
Queensland,Mackay (R),2018,11,92703.59052451,38516.656581,3
Queensland,Mackay (R),2019,10,884.3555122,303.83528326,0
Queensland,Mackay (R),2020,12,4255.89283635,1889.06101113,0
Queensland,Mackay (R),2021,13,8922.493338150001,4167.4355277,0
Queensland,Mackay (R),2022,18,5489.0226932000005,3505.52455916,0
Queensland,Mackay (R),2023,6,1855.33406253,1142.21848891,0
Queensland,Mackay (R),2024,13,63993.73989265001,48319.6376422,2
Queensland,Mackay (R),2025,9,13585.39144012,5167.3866467,0
Queensland,Mackay (R),2026,10,1654.5869761699998,1052.89991182,0
Queensland,Maranoa (R),1972,1,7911.09760008,7911.09760008,0
Queensland,Maranoa (R),1975,1,220.3772098,220.3772098,0
Queensland,Maranoa (R),1976,1,426.97271122,426.97271122,0
Queensland,Maranoa (R),1982,2,3549.93348325,2510.19900114,0
Queensland,Maranoa (R),1984,10,720.2375169,170.28308181,0
Queensland,Maranoa (R),1985,9,2847.5383973000003,1066.05418503,0
Queensland,Maranoa (R),1986,1,155.52807825,155.52807825,0
Queensland,Maranoa (R),1990,1,44.04078892,44.04078892,0
Queensland,Maranoa (R),1991,3,24203.25488077,20696.7096341,1
Queensland,Maranoa (R),1992,2,20589.45363855,20355.5559138,1
Queensland,Maranoa (R),1993,1,15215.380063,15215.380063,1
Queensland,Maranoa (R),1994,3,15244.41306581,7654.65858573,0
Queensland,Maranoa (R),1995,1,1541.56976426,1541.56976426,0
Queensland,Maranoa (R),1996,3,6494.29395321,2812.28506014,0
Queensland,Maranoa (R),1997,4,3669.32248278,1748.51730994,0
Queensland,Maranoa (R),1998,3,2670.4245216599998,1253.71119979,0
Queensland,Maranoa (R),1999,6,31129.45564774,19581.3174158,1
Queensland,Maranoa (R),2000,5,7658.03480201,4821.73507383,0
Queensland,Maranoa (R),2001,14,76831.97527944,40258.8832412,3
Queensland,Maranoa (R),2002,5,28449.7997969,21280.391491,1
Queensland,Maranoa (R),2003,5,1792.75321776,736.75996357,0
Queensland,Maranoa (R),2004,21,172749.47563615,43320.9396485,5
Queensland,Maranoa (R),2005,3,10225.96726319,5474.96708399,0
Queensland,Maranoa (R),2006,6,54966.87510538,39678.5021997,2
Queensland,Maranoa (R),2007,2,885.64627154,792.70297688,0
Queensland,Maranoa (R),2008,6,8165.40007778,2500.20568487,0
Queensland,Maranoa (R),2009,31,787149.1140523,343606.643366,12
Queensland,Maranoa (R),2010,1,20.59422218,20.59422218,0
Queensland,Maranoa (R),2011,17,109790.38078128,33075.7993546,3
Queensland,Maranoa (R),2012,23,267892.20541144,163774.858116,4
Queensland,Maranoa (R),2013,14,74105.96893727999,26635.5716315,2
Queensland,Maranoa (R),2014,4,110292.49596726999,64548.0518929,2
Queensland,Maranoa (R),2015,9,19813.3766324,8011.97627987,0
Queensland,Maranoa (R),2016,10,43898.85659132,21957.2086052,2
Queensland,Maranoa (R),2017,15,111569.76502868,56375.3916593,3
Queensland,Maranoa (R),2018,13,41553.78460707,18511.5305882,1
Queensland,Maranoa (R),2019,13,11006.0844887,5376.74760763,0
Queensland,Maranoa (R),2020,16,88694.37576350001,31857.0599677,2
Queensland,Maranoa (R),2021,12,39359.88421568,20094.2114729,1
Queensland,Maranoa (R),2022,7,27398.888055670002,8342.6493453,0
Queensland,Maranoa (R),2023,15,86100.35196657,27580.4808962,3
Queensland,Maranoa (R),2024,16,61133.93995118,24585.544895,2
Queensland,Maranoa (R),2025,19,118953.12074284,66262.4786695,3
Queensland,Maranoa (R),2026,2,23624.07386181,23330.4800397,1
Queensland,North Burnett (R),1974,1,6604.40674364,6604.40674364,0
Queensland,North Burnett (R),1982,5,37378.20653597,12707.2060267,1
Queensland,North Burnett (R),1983,1,587.57874235,587.57874235,0
Queensland,North Burnett (R),1984,1,7864.07311517,7864.07311517,0
Queensland,North Burnett (R),1990,1,3021.89810324,3021.89810324,0
Queensland,North Burnett (R),1991,6,8252.4507381,2629.15373998,0
Queensland,North Burnett (R),1992,4,7903.463610720001,4986.4691595,0
Queensland,North Burnett (R),1993,4,11518.24763669,5653.37636776,0
Queensland,North Burnett (R),1994,12,29694.81044466,12885.5475521,1
Queensland,North Burnett (R),1995,9,7725.89852999,2634.20505991,0
Queensland,North Burnett (R),1996,27,30336.30511709,4407.61516679,0
Queensland,North Burnett (R),1997,12,7918.92440753,1524.21477111,0
Queensland,North Burnett (R),1998,9,5728.050344310001,1819.54810083,0
Queensland,North Burnett (R),1999,15,9804.15107672,2124.40045432,0
Queensland,North Burnett (R),2000,8,17636.31330548,4206.79034688,0
Queensland,North Burnett (R),2001,11,26829.21763351,11257.8489925,1
Queensland,North Burnett (R),2002,6,5716.53684132,2336.29939452,0
Queensland,North Burnett (R),2003,20,26007.26979708,5501.99171712,0
Queensland,North Burnett (R),2004,10,10233.09590199,2837.96839669,0
Queensland,North Burnett (R),2005,18,42302.45319735,8118.44364046,0
Queensland,North Burnett (R),2006,17,44160.79249852,11598.5078906,1
Queensland,North Burnett (R),2007,3,1511.12097485,798.93663341,0
Queensland,North Burnett (R),2008,12,38881.97194076,12045.5590069,1
Queensland,North Burnett (R),2009,23,45870.142835650004,7501.04443262,0
Queensland,North Burnett (R),2010,14,8405.86717046,3612.40925281,0
Queensland,North Burnett (R),2011,33,88535.11577967,11052.7022821,2
Queensland,North Burnett (R),2012,46,133703.74383351,34423.7744597,1
Queensland,North Burnett (R),2013,8,7237.71590735,1653.4644343,0
Queensland,North Burnett (R),2014,15,15175.60679976,7032.43233349,0
Queensland,North Burnett (R),2015,23,17611.253646279998,5330.35604009,0
Queensland,North Burnett (R),2016,25,62618.49377237,16819.5964492,1
Queensland,North Burnett (R),2017,7,7719.6692895900005,4784.15878154,0
Queensland,North Burnett (R),2018,19,34734.43998464,16385.8211866,1
Queensland,North Burnett (R),2019,16,31995.00156128,12090.2845615,2
Queensland,North Burnett (R),2020,22,27459.17732133,7690.07022761,0
Queensland,North Burnett (R),2021,12,11269.6807982,4615.77304336,0
Queensland,North Burnett (R),2022,16,1004.1889121,266.25377859,0
Queensland,North Burnett (R),2023,33,31372.06726395,14659.4627347,1
Queensland,North Burnett (R),2024,27,12270.17826249,4731.28544634,0
Queensland,North Burnett (R),2025,40,94731.84114334,19562.1947146,3
Queensland,North Burnett (R),2026,19,8377.01809447,2154.51406805,0
Queensland,Rockhampton (R),1982,1,3816.13948269,3816.13948269,0
Queensland,Rockhampton (R),1989,1,3.93836168,3.93836168,0
Queensland,Rockhampton (R),1990,2,15878.27478699,15859.1767119,1
Queensland,Rockhampton (R),1991,3,53.822613360000005,39.26062883,0
Queensland,Rockhampton (R),1992,5,2005.97038898,1211.63210987,0
Queensland,Rockhampton (R),1993,3,113.70870592,49.16005253,0
Queensland,Rockhampton (R),1995,1,19.67653974,19.67653974,0
Queensland,Rockhampton (R),1996,3,774.10793233,569.53583124,0
Queensland,Rockhampton (R),1999,3,687.7181533199999,686.06446419,0
Queensland,Rockhampton (R),2000,2,2481.65579865,2411.26258107,0
Queensland,Rockhampton (R),2001,6,2675.49537396,1995.98629593,0
Queensland,Rockhampton (R),2002,5,242.14595660999998,115.5169589,0
Queensland,Rockhampton (R),2003,6,12998.000687149999,12247.708241,1
Queensland,Rockhampton (R),2004,15,16475.54131191,9943.4120561,0
Queensland,Rockhampton (R),2005,14,14187.0212085,8975.3808792,0
Queensland,Rockhampton (R),2006,14,6530.88255165,1639.34372265,0
Queensland,Rockhampton (R),2007,12,901.16539681,316.19061952,0
Queensland,Rockhampton (R),2008,13,8252.96191032,6213.37275067,0
Queensland,Rockhampton (R),2009,12,22827.64686645,8894.41560678,0
Queensland,Rockhampton (R),2010,15,4656.8320319,1212.58840313,0
Queensland,Rockhampton (R),2011,20,36734.74752943,23816.4365418,1
Queensland,Rockhampton (R),2012,10,28848.7977043,23486.6294074,1
Queensland,Rockhampton (R),2013,19,10233.97257387,5497.17425412,0
Queensland,Rockhampton (R),2014,9,4141.81810613,2660.57082445,0
Queensland,Rockhampton (R),2015,16,12088.75697926,4094.37756604,0
Queensland,Rockhampton (R),2016,22,23418.51424104,14361.5826774,1
Queensland,Rockhampton (R),2017,15,31269.52375596,17809.5682199,1
Queensland,Rockhampton (R),2018,17,14426.929019270001,6909.82282428,0
Queensland,Rockhampton (R),2019,17,20507.40052572,10919.3920363,1
Queensland,Rockhampton (R),2020,36,8593.35236694,4654.74227317,0
Queensland,Rockhampton (R),2021,19,1551.9313327500001,436.36823449,0
Queensland,Rockhampton (R),2022,24,9610.132414169999,5289.22989946,0
Queensland,Rockhampton (R),2023,24,6503.428678249999,3027.59189012,0
Queensland,Rockhampton (R),2024,29,60675.94136566,42345.5681223,1
Queensland,Rockhampton (R),2025,22,47249.56883967,30772.726558,2
Queensland,Rockhampton (R),2026,15,1555.87212674,990.03964447,0
Queensland,Scenic Rim (R),1970,1,22.50635147,22.50635147,0
Queensland,Scenic Rim (R),1980,7,5993.22876138,4630.50085506,0
Queensland,Scenic Rim (R),1981,3,2012.42723522,920.5667941,0
Queensland,Scenic Rim (R),1982,7,4710.026147500001,1584.00221383,0
Queensland,Scenic Rim (R),1984,26,9139.77872998,1220.90344769,0
Queensland,Scenic Rim (R),1985,14,3514.92915252,940.58678516,0
Queensland,Scenic Rim (R),1986,11,1747.9200192,981.09809002,0
Queensland,Scenic Rim (R),1987,14,3469.46415862,1011.91361234,0
Queensland,Scenic Rim (R),1988,1,18.42436015,18.42436015,0
Queensland,Scenic Rim (R),1989,17,4163.05211615,815.65727915,0
Queensland,Scenic Rim (R),1990,9,2874.07353771,1115.4752922,0
Queensland,Scenic Rim (R),1991,8,3543.06225648,1677.55465821,0
Queensland,Scenic Rim (R),1992,11,2121.97101711,757.16537367,0
Queensland,Scenic Rim (R),1993,7,1077.00552165,525.8641708,0
Queensland,Scenic Rim (R),1994,5,509.31876434000003,211.21640617,0
Queensland,Scenic Rim (R),1995,4,299.70512671,234.74111378,0
Queensland,Scenic Rim (R),1996,3,396.20193634,190.75814935,0
Queensland,Scenic Rim (R),1997,4,1075.167766,730.24011355,0
Queensland,Scenic Rim (R),1998,4,181.73548598,100.24534359,0
Queensland,Scenic Rim (R),1999,1,396.86085088,396.86085088,0
Queensland,Scenic Rim (R),2000,7,1425.53133017,1302.04788477,0
Queensland,Scenic Rim (R),2001,10,3017.27557504,1666.87629749,0
Queensland,Scenic Rim (R),2002,8,7737.4572935,2477.00171876,0
Queensland,Scenic Rim (R),2003,4,4358.9727971600005,4224.06592358,0
Queensland,Scenic Rim (R),2004,18,10059.52183822,6468.48405163,0
Queensland,Scenic Rim (R),2005,12,466.92395361,185.42099421,0
Queensland,Scenic Rim (R),2006,23,5295.53308852,1989.62980811,0
Queensland,Scenic Rim (R),2007,11,6587.83034447,2212.83163922,0
Queensland,Scenic Rim (R),2008,10,1465.12089466,667.25215857,0
Queensland,Scenic Rim (R),2009,8,6670.57323965,5297.08965354,0
Queensland,Scenic Rim (R),2010,9,1562.75352373,575.47293749,0
Queensland,Scenic Rim (R),2011,11,4890.2623830600005,1077.18482021,0
Queensland,Scenic Rim (R),2012,29,8913.37158246,1852.40057075,0
Queensland,Scenic Rim (R),2013,10,7470.6171932199995,2682.40904864,0
Queensland,Scenic Rim (R),2014,12,3139.1450153,1484.69922776,0
Queensland,Scenic Rim (R),2015,4,1002.02799876,439.47833307,0
Queensland,Scenic Rim (R),2016,12,3202.75778085,1128.16752391,0
Queensland,Scenic Rim (R),2017,13,7240.0270178,3900.01958706,0
Queensland,Scenic Rim (R),2018,10,3478.5833654900002,1128.41860224,0
Queensland,Scenic Rim (R),2019,11,64636.7254915,27276.3742514,2
Queensland,Scenic Rim (R),2020,5,1285.8297059,1016.62220462,0
Queensland,Scenic Rim (R),2021,7,1033.98904191,559.77588237,0
Queensland,Scenic Rim (R),2022,10,1851.92725847,1283.78189629,0
Queensland,Scenic Rim (R),2023,31,4312.21629302,777.6384685,0
Queensland,Scenic Rim (R),2024,29,10721.25832692,1464.38465397,0
Queensland,Scenic Rim (R),2025,23,3646.76449482,1696.9124236,0
Queensland,Scenic Rim (R),2026,12,967.0916519,314.08144158,0
Queensland,Somerset (R),1982,8,1769.0155851,690.9689574,0
Queensland,Somerset (R),1984,1,114.43016506,114.43016506,0
Queensland,Somerset (R),1985,2,383.54505981,199.76892543,0
Queensland,Somerset (R),1986,6,3422.37582798,2502.15220425,0
Queensland,Somerset (R),1987,5,1887.01304358,758.65478128,0
Queensland,Somerset (R),1988,7,2535.87307747,1068.15377958,0
Queensland,Somerset (R),1989,1,103.96478309,103.96478309,0
Queensland,Somerset (R),1990,10,2655.10967303,615.44273674,0
Queensland,Somerset (R),1991,14,1087.7639082800001,173.1023184,0
Queensland,Somerset (R),1993,10,1769.12418771,936.49880621,0
Queensland,Somerset (R),1994,12,6013.0192508400005,1468.3188387,0
Queensland,Somerset (R),1995,3,500.65846538000005,319.98587386,0
Queensland,Somerset (R),1996,10,2625.50593454,755.23719615,0
Queensland,Somerset (R),1997,10,2920.1140261500004,1555.49487889,0
Queensland,Somerset (R),1998,7,1085.03469311,338.23229628,0
Queensland,Somerset (R),1999,4,1211.17034624,875.3577559,0
Queensland,Somerset (R),2000,10,3105.79355299,1125.15557936,0
Queensland,Somerset (R),2001,12,11118.77670447,5688.55426402,0
Queensland,Somerset (R),2002,12,11235.45080885,3166.66050965,0
Queensland,Somerset (R),2003,3,244.46963340000002,164.97225958,0
Queensland,Somerset (R),2004,15,26679.00201505,16472.6421016,1
Queensland,Somerset (R),2005,5,3238.31315067,2361.11103904,0
Queensland,Somerset (R),2006,24,10807.99314513,1874.33222703,0
Queensland,Somerset (R),2007,21,3445.44114481,1486.68954699,0
Queensland,Somerset (R),2008,8,143.99379826999998,116.26814522,0
Queensland,Somerset (R),2009,52,25128.53158952,6382.34246526,0
Queensland,Somerset (R),2010,9,764.15690421,289.77445823,0
Queensland,Somerset (R),2011,31,13634.63039996,4380.9481641,0
Queensland,Somerset (R),2012,29,11558.42078529,2051.86119413,0
Queensland,Somerset (R),2013,17,10037.46496459,2311.23892088,0
Queensland,Somerset (R),2014,28,6672.95159155,1289.79410809,0
Queensland,Somerset (R),2015,16,4461.60415024,1314.202636,0
Queensland,Somerset (R),2016,29,12462.24846787,2209.85687663,0
Queensland,Somerset (R),2017,14,3871.82677005,949.98917034,0
Queensland,Somerset (R),2018,21,5493.99858202,1510.54626101,0
Queensland,Somerset (R),2019,27,42555.41857589,21159.5574606,1
Queensland,Somerset (R),2020,22,5062.37647288,1234.52869955,0
Queensland,Somerset (R),2021,19,8437.86710556,2176.00680855,0
Queensland,Somerset (R),2022,11,989.00883329,312.9649498,0
Queensland,Somerset (R),2023,40,9488.50958044,1663.08553762,0
Queensland,Somerset (R),2024,21,4972.28032238,1587.84482247,0
Queensland,Somerset (R),2025,25,9250.01993099,1652.37468887,0
Queensland,Somerset (R),2026,5,948.83851593,587.25250351,0
Queensland,South Burnett (R),1985,1,372.43355933,372.43355933,0
Queensland,South Burnett (R),1990,2,4.3521124,2.1760562,0
Queensland,South Burnett (R),1991,3,7231.61835421,5012.34959412,0
Queensland,South Burnett (R),1992,1,8792.98691089,8792.98691089,0
Queensland,South Burnett (R),1994,1,410.70951624,410.70951624,0
Queensland,South Burnett (R),1995,5,5513.5935473,5485.93568125,0
Queensland,South Burnett (R),1996,4,4230.83624203,2210.35144364,0
Queensland,South Burnett (R),1997,1,6.38875949,6.38875949,0
Queensland,South Burnett (R),2000,2,2055.1231595000004,2052.43495444,0
Queensland,South Burnett (R),2001,1,432.90509613,432.90509613,0
Queensland,South Burnett (R),2002,5,15488.82374526,12689.3107887,1
Queensland,South Burnett (R),2003,21,3391.55041721,856.99618147,0
Queensland,South Burnett (R),2004,23,2732.62283273,868.23922545,0
Queensland,South Burnett (R),2005,18,8123.5539779,3334.90254898,0
Queensland,South Burnett (R),2006,16,13743.48879709,4316.79198423,0
Queensland,South Burnett (R),2007,11,5603.10314346,2480.2562213,0
Queensland,South Burnett (R),2008,4,760.83812419,466.97286314,0
Queensland,South Burnett (R),2009,11,17038.94038752,11200.1710514,1
Queensland,South Burnett (R),2010,6,393.80682027,267.92919051,0
Queensland,South Burnett (R),2011,15,23321.18663706,12152.4025612,1
Queensland,South Burnett (R),2012,11,10503.43682239,2989.48131202,0
Queensland,South Burnett (R),2013,14,13053.46103247,6577.36347233,0
Queensland,South Burnett (R),2014,6,8669.24871802,4728.7912163,0
Queensland,South Burnett (R),2015,8,7409.95265592,4430.56484135,0
Queensland,South Burnett (R),2016,19,17886.65366964,5738.31064552,0
Queensland,South Burnett (R),2017,14,7460.26329404,3239.96048824,0
Queensland,South Burnett (R),2018,14,11245.92796321,5355.71621727,0
Queensland,South Burnett (R),2019,12,10023.459513400001,5398.62630604,0
Queensland,South Burnett (R),2020,14,10647.91466362,6634.65118872,0
Queensland,South Burnett (R),2021,8,5441.9162225,1513.27240015,0
Queensland,South Burnett (R),2022,6,4390.59701895,3642.07100301,0
Queensland,South Burnett (R),2023,6,1678.30791553,1078.65764743,0
Queensland,South Burnett (R),2024,6,713.48057442,437.18140303,0
Queensland,South Burnett (R),2025,13,15834.782805370001,4411.36233761,0
Queensland,South Burnett (R),2026,2,395.13948231,219.71992592,0
Queensland,Southern Downs (R),1950,1,478.79290651,478.79290651,0
Queensland,Southern Downs (R),1965,2,5523.3846514199995,3141.84700396,0
Queensland,Southern Downs (R),1971,1,2946.59450211,2946.59450211,0
Queensland,Southern Downs (R),1974,2,4002.88741727,2001.44836371,0
Queensland,Southern Downs (R),1975,2,1651.14473941,825.57491815,0
Queensland,Southern Downs (R),1976,3,520.27413039,249.44199804,0
Queensland,Southern Downs (R),1977,17,9367.88360539,1343.01323331,0
Queensland,Southern Downs (R),1978,6,1077.64361316,607.86873009,0
Queensland,Southern Downs (R),1979,4,368.1931198,182.43318603,0
Queensland,Southern Downs (R),1980,5,11964.01308834,4486.72984544,0
Queensland,Southern Downs (R),1981,3,767.9842337700001,373.11666773,0
Queensland,Southern Downs (R),1982,10,4431.33555672,2025.62636442,0
Queensland,Southern Downs (R),1984,15,2933.01428402,591.62084011,0
Queensland,Southern Downs (R),1985,7,697.77868621,203.53828501,0
Queensland,Southern Downs (R),1986,8,5012.28148535,3244.75720996,0
Queensland,Southern Downs (R),1987,7,1278.12158785,464.68804189,0
Queensland,Southern Downs (R),1989,5,14264.90653601,6464.23024146,0
Queensland,Southern Downs (R),1990,12,3972.1863742,783.14688847,0
Queensland,Southern Downs (R),1991,6,849.5230717100001,463.37859865,0
Queensland,Southern Downs (R),1992,11,625.42920116,131.44708475,0
Queensland,Southern Downs (R),1993,6,234.3437962,99.8523869,0
Queensland,Southern Downs (R),1994,8,18648.972266049997,8482.50965909,0
Queensland,Southern Downs (R),1995,11,562.01195554,210.06895425,0
Queensland,Southern Downs (R),1996,10,703.3179324099999,311.0568459,0
Queensland,Southern Downs (R),1997,4,104.72358146,43.17390625,0
Queensland,Southern Downs (R),1998,8,1145.17802026,824.05514605,0
Queensland,Southern Downs (R),1999,21,793.09047577,105.88858764,0
Queensland,Southern Downs (R),2000,19,8081.82761902,1515.54337502,0
Queensland,Southern Downs (R),2001,12,4641.27526476,2032.99260964,0
Queensland,Southern Downs (R),2002,8,11253.66845497,6399.15040224,0
Queensland,Southern Downs (R),2003,10,1124.59427348,386.87749606,0
Queensland,Southern Downs (R),2004,9,4230.83182443,1238.44560777,0
Queensland,Southern Downs (R),2005,16,5157.9767349,1549.11204113,0
Queensland,Southern Downs (R),2006,8,1925.47654436,1461.08988565,0
Queensland,Southern Downs (R),2007,12,3167.17943101,2041.21230585,0
Queensland,Southern Downs (R),2008,5,873.4857067999999,617.7206798,0
Queensland,Southern Downs (R),2009,18,8751.24442051,2897.86225007,0
Queensland,Southern Downs (R),2010,11,1106.04653224,499.28978445,0
Queensland,Southern Downs (R),2011,11,1799.5103851,730.42843717,0
Queensland,Southern Downs (R),2012,15,3027.04330974,1389.21387574,0
Queensland,Southern Downs (R),2013,9,3670.6125334,2151.41883353,0
Queensland,Southern Downs (R),2014,11,5133.36678374,4710.97101453,0
Queensland,Southern Downs (R),2015,7,704.35838893,193.07208995,0
Queensland,Southern Downs (R),2016,12,1714.92139318,374.47578166,0
Queensland,Southern Downs (R),2017,18,4636.404347240001,2207.099251,0
Queensland,Southern Downs (R),2018,10,1994.00886169,1152.54090098,0
Queensland,Southern Downs (R),2019,6,38461.822409759996,34750.4502178,1
Queensland,Southern Downs (R),2020,8,2368.04602061,1625.9400984,0
Queensland,Southern Downs (R),2021,3,307.56311125,305.48435561,0
Queensland,Southern Downs (R),2022,5,901.65686929,373.00475823,0
Queensland,Southern Downs (R),2023,20,11180.92447574,2479.23048491,0
Queensland,Southern Downs (R),2024,13,1327.9799929600001,456.36014846,0
Queensland,Southern Downs (R),2025,12,1906.09807991,368.72304401,0
Queensland,Southern Downs (R),2026,5,462.2395021,273.14652299,0
Queensland,Tablelands (R),1984,1,21.14132683,21.14132683,0
Queensland,Tablelands (R),1985,1,56.46371896,56.46371896,0
Queensland,Tablelands (R),1986,1,117.79484521,117.79484521,0
Queensland,Tablelands (R),1987,2,747.73054629,665.84124201,0
Queensland,Tablelands (R),1988,3,291.68429354,215.52456753,0
Queensland,Tablelands (R),1989,7,13431.78652394,9773.23182183,0
Queensland,Tablelands (R),1990,7,13135.728918449999,5535.94310291,0
Queensland,Tablelands (R),1991,4,2116.82389501,894.54078693,0
Queensland,Tablelands (R),1992,11,24139.57549212,5160.57537679,0
Queensland,Tablelands (R),1993,1,186.4551733,186.4551733,0
Queensland,Tablelands (R),1994,2,1433.4485739,1423.97993281,0
Queensland,Tablelands (R),1995,2,5231.97938644,5060.63939492,0
Queensland,Tablelands (R),1996,7,24325.369016340002,18593.8221038,1
Queensland,Tablelands (R),1997,12,21509.3962998,16988.4631758,1
Queensland,Tablelands (R),1998,9,54791.73896689,20634.0822269,2
Queensland,Tablelands (R),1999,1,347.51275064,347.51275064,0
Queensland,Tablelands (R),2000,4,55151.34152026,29174.5430545,2
Queensland,Tablelands (R),2001,10,8596.95723603,5480.44195407,0
Queensland,Tablelands (R),2002,12,87173.6746484,48599.9889146,2
Queensland,Tablelands (R),2003,32,921158.65011831,865287.109723,3
Queensland,Tablelands (R),2004,45,1116582.13642096,598812.45206,4
Queensland,Tablelands (R),2005,50,175498.95456002,42976.9821513,4
Queensland,Tablelands (R),2006,38,1155539.60486346,1039385.02484,3
Queensland,Tablelands (R),2007,42,283459.30286985,135056.95942,6
Queensland,Tablelands (R),2008,33,206967.9052505,59137.7108239,5
Queensland,Tablelands (R),2009,53,281249.78586169,103777.464466,6
Queensland,Tablelands (R),2010,25,248809.36907618,92630.8359372,5
Queensland,Tablelands (R),2011,55,299425.38872362,107021.867234,6
Queensland,Tablelands (R),2012,45,737193.5825466,244517.471952,6
Queensland,Tablelands (R),2013,37,215013.1280796,80074.7527806,5
Queensland,Tablelands (R),2014,37,1441553.82604181,1261060.5992,5
Queensland,Tablelands (R),2015,55,372123.65074871,195984.262333,4
Queensland,Tablelands (R),2016,48,1205342.08905551,461651.157908,7
Queensland,Tablelands (R),2017,49,799442.17361939,433476.773134,11
Queensland,Tablelands (R),2018,49,577432.60959892,324863.779888,7
Queensland,Tablelands (R),2019,55,1138106.0147841,755862.992415,9
Queensland,Tablelands (R),2020,62,789844.8031695801,546217.885167,6
Queensland,Tablelands (R),2021,43,749339.8520030701,476598.897252,5
Queensland,Tablelands (R),2022,59,518879.15475361,287498.944399,6
Queensland,Tablelands (R),2023,64,302440.34566213,74136.6782272,7
Queensland,Tablelands (R),2024,63,1258633.9726177799,619459.525388,7
Queensland,Tablelands (R),2025,66,610315.22365079,157991.674704,8
Queensland,Tablelands (R),2026,23,153146.86812641,119872.69377,2
Queensland,Toowoomba (R),1940,2,10914.17457183,9980.17851759,0
Queensland,Toowoomba (R),1941,2,7400.578594279999,4316.10290119,0
Queensland,Toowoomba (R),1942,1,2249.96600325,2249.96600325,0
Queensland,Toowoomba (R),1948,1,698.45628208,698.45628208,0
Queensland,Toowoomba (R),1949,1,601.35344122,601.35344122,0
Queensland,Toowoomba (R),1951,1,2057.13489555,2057.13489555,0
Queensland,Toowoomba (R),1953,2,5474.709744780001,3130.25564213,0
Queensland,Toowoomba (R),1956,1,2412.7148216,2412.7148216,0
Queensland,Toowoomba (R),1957,4,20066.111950960003,15342.9177603,1
Queensland,Toowoomba (R),1960,1,1609.83565928,1609.83565928,0
Queensland,Toowoomba (R),1963,2,3008.13255154,2891.86252426,0
Queensland,Toowoomba (R),1964,2,19474.30529723,11638.2338098,1
Queensland,Toowoomba (R),1972,2,4142.19454684,4017.10608372,0
Queensland,Toowoomba (R),1973,2,188.25916987,109.94655831,0
Queensland,Toowoomba (R),1976,2,1083.9828382800001,700.67128296,0
Queensland,Toowoomba (R),1979,5,12855.4507587,5722.47736245,0
Queensland,Toowoomba (R),1980,5,5661.22433376,2518.45656526,0
Queensland,Toowoomba (R),1981,1,470.69031448,470.69031448,0
Queensland,Toowoomba (R),1985,1,7.14447652,7.14447652,0
Queensland,Toowoomba (R),1986,3,267.38392814,153.79115461,0
Queensland,Toowoomba (R),1989,1,127.59133373,127.59133373,0
Queensland,Toowoomba (R),1990,1,67.25134918,67.25134918,0
Queensland,Toowoomba (R),1991,9,5870.16112843,2521.13661737,0
Queensland,Toowoomba (R),1992,5,7168.52359956,3586.76013205,0
Queensland,Toowoomba (R),1993,2,1838.94070267,1461.06556888,0
Queensland,Toowoomba (R),1994,1,398.10334995,398.10334995,0
Queensland,Toowoomba (R),1995,1,329.88320793,329.88320793,0
Queensland,Toowoomba (R),1996,7,1777.24461067,1076.60957841,0
Queensland,Toowoomba (R),1997,7,4722.66165077,3626.36000478,0
Queensland,Toowoomba (R),1998,2,6338.3951523,3551.04367731,0
Queensland,Toowoomba (R),1999,6,10430.33931164,3974.17203735,0
Queensland,Toowoomba (R),2000,8,11244.1828093,5583.78837971,0
Queensland,Toowoomba (R),2001,3,5415.7049298,3794.18307768,0
Queensland,Toowoomba (R),2002,3,1671.1588440799999,1577.56650367,0
Queensland,Toowoomba (R),2003,8,13075.36405362,4486.30483408,0
Queensland,Toowoomba (R),2004,9,15291.633830589999,4721.2503947,0
Queensland,Toowoomba (R),2005,13,30507.27243045,5834.35028815,0
Queensland,Toowoomba (R),2006,9,489.727239,258.8995177,0
Queensland,Toowoomba (R),2007,10,2736.92440389,2091.09288763,0
Queensland,Toowoomba (R),2008,7,9223.201976870001,4112.83365794,0
Queensland,Toowoomba (R),2009,5,3987.42862885,2040.01666128,0
Queensland,Toowoomba (R),2011,2,478.88096247,437.34365321,0
Queensland,Toowoomba (R),2012,9,6998.03917826,2942.30730039,0
Queensland,Toowoomba (R),2013,3,226.63426108,172.33187411,0
Queensland,Toowoomba (R),2014,8,7575.78637686,3927.87092782,0
Queensland,Toowoomba (R),2015,4,3396.10611584,3298.69128131,0
Queensland,Toowoomba (R),2016,6,135.69519578,54.35658887,0
Queensland,Toowoomba (R),2017,8,2828.86484635,2052.20137872,0
Queensland,Toowoomba (R),2018,11,3750.32912928,1899.89234526,0
Queensland,Toowoomba (R),2019,16,1838.6033312,1216.52162551,0
Queensland,Toowoomba (R),2020,22,22820.90940815,4519.47909682,0
Queensland,Toowoomba (R),2021,7,868.65709866,373.54798847,0
Queensland,Toowoomba (R),2022,13,10630.67747048,2340.9346223,0
Queensland,Toowoomba (R),2023,16,9805.34867801,2747.4844611,0
Queensland,Toowoomba (R),2024,7,12348.12786915,4314.71706776,0
Queensland,Toowoomba (R),2025,9,14115.683403250001,10736.8482399,1
Queensland,Toowoomba (R),2026,5,3057.12035567,1554.29836549,0
Queensland,Townsville (C),1984,8,14.48213031,7.87614328,0
Queensland,Townsville (C),1985,3,14.0310688,8.78911264,0
Queensland,Townsville (C),1986,1,31.54505469,31.54505469,0
Queensland,Townsville (C),1987,5,1006.60049408,492.46144815,0
Queensland,Townsville (C),1988,2,121.51301438,120.11889746,0
Queensland,Townsville (C),1989,5,606.03685492,270.61826235,0
Queensland,Townsville (C),1990,7,2397.4593030799997,1162.0758059,0
Queensland,Townsville (C),1992,1,47.39139126,47.39139126,0
Queensland,Townsville (C),1993,2,41.106290810000004,35.94294699,0
Queensland,Townsville (C),1994,2,1190.0502268500002,1063.64714309,0
Queensland,Townsville (C),1996,4,1828.34423045,1039.63050134,0
Queensland,Townsville (C),1997,5,2496.78576007,1693.155827,0
Queensland,Townsville (C),2000,3,11329.74689609,9154.64196081,0
Queensland,Townsville (C),2001,2,24.01258722,16.80036082,0
Queensland,Townsville (C),2002,15,5829.310872370001,2085.12559865,0
Queensland,Townsville (C),2003,15,11755.083970220001,3874.63514057,0
Queensland,Townsville (C),2004,33,7146.60248451,3974.32591173,0
Queensland,Townsville (C),2005,27,3592.9017462799998,900.33704139,0
Queensland,Townsville (C),2006,22,11361.99336986,2674.96191029,0
Queensland,Townsville (C),2007,31,10180.01558819,2836.69708813,0
Queensland,Townsville (C),2008,38,8371.53645688,2147.85418129,0
Queensland,Townsville (C),2009,32,55892.05883876,26207.9980418,1
Queensland,Townsville (C),2010,13,4037.48334919,1033.14939665,0
Queensland,Townsville (C),2011,35,26766.59027947,8285.25576358,0
Queensland,Townsville (C),2012,21,10094.7827708,2546.69806954,0
Queensland,Townsville (C),2013,25,9634.97806333,2101.40531518,0
Queensland,Townsville (C),2014,14,6093.77447124,2341.06664197,0
Queensland,Townsville (C),2015,13,4992.88159646,2511.80362338,0
Queensland,Townsville (C),2016,25,14635.70146442,6710.62508744,0
Queensland,Townsville (C),2017,17,4005.39533393,1417.45440889,0
Queensland,Townsville (C),2018,23,27031.68969489,7979.91459123,0
Queensland,Townsville (C),2019,23,13913.941118499999,2835.12788045,0
Queensland,Townsville (C),2020,31,28568.055718440002,13290.7882453,1
Queensland,Townsville (C),2021,25,10797.13024744,2924.11278388,0
Queensland,Townsville (C),2022,18,5628.564405489999,2152.75574241,0
Queensland,Townsville (C),2023,27,19021.033837839997,6207.3682345,0
Queensland,Townsville (C),2024,34,18392.3214104,6550.8856449,0
Queensland,Townsville (C),2025,31,33556.25042984,12183.7456149,1
Queensland,Townsville (C),2026,18,4752.37670296,1622.49200076,0
Queensland,Western Downs (R),1930,1,8.29348455,8.29348455,0
Queensland,Western Downs (R),1937,3,561.54731299,290.61856641,0
Queensland,Western Downs (R),1938,1,5.63464139,5.63464139,0
Queensland,Western Downs (R),1939,3,3533.8827822000003,3345.37852883,0
Queensland,Western Downs (R),1940,11,128108.416421,125767.504187,1
Queensland,Western Downs (R),1941,7,17498.13543764,6476.88742731,0
Queensland,Western Downs (R),1942,7,12661.00264262,8426.25138112,0
Queensland,Western Downs (R),1943,8,3841.96826509,1163.82093505,0
Queensland,Western Downs (R),1944,12,26623.775668950002,8917.74659165,0
Queensland,Western Downs (R),1945,4,561.7693454,226.97219969,0
Queensland,Western Downs (R),1946,6,10270.84032319,5397.00987608,0
Queensland,Western Downs (R),1947,2,1017.48581285,752.87876871,0
Queensland,Western Downs (R),1948,10,34833.9476536,20731.1169658,1
Queensland,Western Downs (R),1949,3,5516.608095590001,5174.28596233,0
Queensland,Western Downs (R),1950,3,49.087521880000004,26.54768595,0
Queensland,Western Downs (R),1951,14,101495.55789493001,43445.818012,2
Queensland,Western Downs (R),1952,8,44494.15595168,22154.1640083,2
Queensland,Western Downs (R),1953,6,6859.83380547,2450.61567517,0
Queensland,Western Downs (R),1954,1,343.57098854,343.57098854,0
Queensland,Western Downs (R),1955,4,3018.27670253,2311.50453828,0
Queensland,Western Downs (R),1956,6,25840.99638228,23533.2640818,1
Queensland,Western Downs (R),1957,16,58033.17445719,23093.2621873,2
Queensland,Western Downs (R),1958,6,21246.660108300002,20793.0184794,1
Queensland,Western Downs (R),1959,2,454.44721359999994,320.53891931,0
Queensland,Western Downs (R),1960,9,1789.21283961,544.20466554,0
Queensland,Western Downs (R),1961,7,591.1792889000001,248.46850249,0
Queensland,Western Downs (R),1962,3,9832.093648940001,5283.66415106,0
Queensland,Western Downs (R),1963,7,1046.2004232699999,328.82934184,0
Queensland,Western Downs (R),1964,6,3425.67792387,1671.41113279,0
Queensland,Western Downs (R),1965,5,4739.5333994699995,4473.8273953,0
Queensland,Western Downs (R),1966,3,57.23864474,42.86682088,0
Queensland,Western Downs (R),1967,9,4188.02609444,1747.17585459,0
Queensland,Western Downs (R),1968,3,1165.94705207,594.46642319,0
Queensland,Western Downs (R),1969,6,217.60819418,121.28066902,0
Queensland,Western Downs (R),1970,6,238.28408819,186.19245511,0
Queensland,Western Downs (R),1971,4,10318.823104340001,9974.32941129,0
Queensland,Western Downs (R),1972,7,19466.605295089998,10502.2747484,1
Queensland,Western Downs (R),1973,4,5017.165144279999,4426.60033891,0
Queensland,Western Downs (R),1974,6,1269.60980697,480.88286765,0
Queensland,Western Downs (R),1975,5,1424.7278055400002,1086.53012601,0
Queensland,Western Downs (R),1976,5,1563.9879022700002,1138.31386997,0
Queensland,Western Downs (R),1977,7,1460.86347688,452.27658422,0
Queensland,Western Downs (R),1978,4,1559.8535605299999,1034.166579,0
Queensland,Western Downs (R),1979,7,10452.4681167,6678.02350226,0
Queensland,Western Downs (R),1980,7,8794.28848051,2201.90109671,0
Queensland,Western Downs (R),1981,1,525.34549468,525.34549468,0
Queensland,Western Downs (R),1982,2,6777.15311358,4377.564572,0
Queensland,Western Downs (R),1983,2,2596.8573302,2103.37354418,0
Queensland,Western Downs (R),1984,1,78.30887903,78.30887903,0
Queensland,Western Downs (R),1989,2,4.24165819,2.70683866,0
Queensland,Western Downs (R),1990,8,5981.697412420001,1756.55556619,0
Queensland,Western Downs (R),1991,8,18739.70625613,5016.68520947,0
Queensland,Western Downs (R),1992,7,10084.58537286,4908.36612188,0
Queensland,Western Downs (R),1993,13,25133.85034186,6871.37834663,0
Queensland,Western Downs (R),1994,9,23226.200712550002,11494.4240014,1
Queensland,Western Downs (R),1995,12,9703.312441600001,5571.13101571,0
Queensland,Western Downs (R),1996,10,13623.2021455,5367.39736147,0
Queensland,Western Downs (R),1997,7,16908.91593675,7910.37350765,0
Queensland,Western Downs (R),1998,8,10348.3094068,3492.81610004,0
Queensland,Western Downs (R),1999,27,60735.88564449,10035.5839568,1
Queensland,Western Downs (R),2000,23,58127.56037169,9883.33576092,0
Queensland,Western Downs (R),2001,13,26879.74799168,7794.5400897,0
Queensland,Western Downs (R),2002,26,47828.98551321,7605.39891007,0
Queensland,Western Downs (R),2003,21,30210.32828988,7756.87291744,0
Queensland,Western Downs (R),2004,26,41192.44626193,6397.39068824,0
Queensland,Western Downs (R),2005,21,43483.8069177,9519.42741878,0
Queensland,Western Downs (R),2006,25,19258.04535256,4863.19816735,0
Queensland,Western Downs (R),2007,28,36655.39719901,5967.29678014,0
Queensland,Western Downs (R),2008,16,24843.14004862,6163.77668154,0
Queensland,Western Downs (R),2009,24,38640.754121599995,5821.64679027,0
Queensland,Western Downs (R),2010,5,3905.93879688,3089.27133474,0
Queensland,Western Downs (R),2011,34,89260.98759784,9700.84811177,0
Queensland,Western Downs (R),2012,27,111297.22653544,18751.6103944,4
Queensland,Western Downs (R),2013,18,63034.083736040004,22123.9844506,1
Queensland,Western Downs (R),2014,19,14187.90095997,4208.06040249,0
Queensland,Western Downs (R),2015,18,25003.2018589,6416.14639589,0
Queensland,Western Downs (R),2016,24,31088.36528189,7076.8057421,0
Queensland,Western Downs (R),2017,17,14704.92647539,2365.57151277,0
Queensland,Western Downs (R),2018,20,21389.74173155,4978.87882428,0
Queensland,Western Downs (R),2019,35,54117.19162224,7945.38410605,0
Queensland,Western Downs (R),2020,30,27843.9433707,3723.14474398,0
Queensland,Western Downs (R),2021,32,40802.40737612,4321.96008888,0
Queensland,Western Downs (R),2022,11,16524.00071289,5154.27664518,0
Queensland,Western Downs (R),2023,40,159885.34005923,45674.1626285,3
Queensland,Western Downs (R),2024,41,63827.92509076,6079.23494785,0
Queensland,Western Downs (R),2025,40,97328.87272052,26679.0422721,1
Queensland,Western Downs (R),2026,12,15059.61474719,5466.75689913,0
Queensland,Whitsunday (R),1977,1,332.27793719,332.27793719,0
Queensland,Whitsunday (R),1980,5,834.59720351,621.80360896,0
Queensland,Whitsunday (R),1985,3,1408.3271608,1357.98286301,0
Queensland,Whitsunday (R),1986,9,325.9773438,115.96674145,0
Queensland,Whitsunday (R),1987,6,415.89592879,131.75488935,0
Queensland,Whitsunday (R),1988,3,163.66215183,72.1887029,0
Queensland,Whitsunday (R),1989,6,168.19053636,84.12790268,0
Queensland,Whitsunday (R),1990,4,829.8927095000001,596.16136509,0
Queensland,Whitsunday (R),1991,4,524.60606075,217.77184009,0
Queensland,Whitsunday (R),1992,13,1004.46447045,258.29479447,0
Queensland,Whitsunday (R),1993,3,136.50901206999998,62.61704623,0
Queensland,Whitsunday (R),1994,6,544.9344884200001,343.61833023,0
Queensland,Whitsunday (R),1995,8,477.23177444,258.94358026,0
Queensland,Whitsunday (R),1996,5,6470.10584525,6065.3513157,0
Queensland,Whitsunday (R),1997,7,241.07985202999998,114.17403266,0
Queensland,Whitsunday (R),1998,7,1959.49661824,1718.19483625,0
Queensland,Whitsunday (R),1999,7,4982.60281174,4387.74220896,0
Queensland,Whitsunday (R),2002,2,3465.5798508099997,3460.01257813,0
Queensland,Whitsunday (R),2003,1,360.98023049,360.98023049,0
Queensland,Whitsunday (R),2004,1,15.43637648,15.43637648,0
Queensland,Whitsunday (R),2005,7,9416.57893512,6786.14907607,0
Queensland,Whitsunday (R),2006,6,3116.17957601,2573.04887816,0
Queensland,Whitsunday (R),2007,4,115.08007423000001,78.75046862,0
Queensland,Whitsunday (R),2008,6,926.84517339,374.69786577,0
Queensland,Whitsunday (R),2009,2,1539.76901555,1530.28780633,0
Queensland,Whitsunday (R),2010,7,177.69824008,58.74131314,0
Queensland,Whitsunday (R),2011,6,670.2031428700001,354.36598477,0
Queensland,Whitsunday (R),2012,6,5814.137709619999,5480.39849094,0
Queensland,Whitsunday (R),2013,9,2458.26590074,943.49569381,0
Queensland,Whitsunday (R),2014,4,747.03699897,698.95026783,0
Queensland,Whitsunday (R),2015,4,2966.62003529,2316.07467547,0
Queensland,Whitsunday (R),2016,2,394.23170458,326.49954274,0
Queensland,Whitsunday (R),2017,3,1734.1085765399998,1709.76701973,0
Queensland,Whitsunday (R),2018,9,10072.531599560001,8078.7175145,0
Queensland,Whitsunday (R),2019,5,266.94804843,108.7993756,0
Queensland,Whitsunday (R),2020,9,1989.8193937199999,1364.28786458,0
Queensland,Whitsunday (R),2021,8,2510.63657951,1459.38552925,0
Queensland,Whitsunday (R),2022,8,5208.03472341,3282.51166361,0
Queensland,Whitsunday (R),2023,13,2529.10437862,1790.04121477,0
Queensland,Whitsunday (R),2024,11,63178.04552932,59438.7594982,1
Queensland,Whitsunday (R),2025,14,3055.79775707,1684.09871507,0
Queensland,Whitsunday (R),2026,5,3.34078259,1.49832249,0
