ADM1_NAME,ADM2_NAME,year,hot_days_ge35,hot_days_ge40,mean_tmax_c
New South Wales,Wentworth (A),1982,43.40204452941904,8.395291106451214,24.57676139628865
Queensland,Cairns (R),1982,0.1436789480893028,0.0,24.864367346300703
Queensland,Cassowary Coast (R),1982,2.0008226583617343,0.0,25.320196299387515
Queensland,Charters Towers (R),1982,28.4612662966995,0.2491569528159103,28.116757002035
Queensland,Cook (S),1982,17.142333525928073,0.0,29.78875052643298
Queensland,Hinchinbrook (S),1982,3.019338959212377,0.0,25.861730946528606
Queensland,Tablelands (R),1982,29.308642767968603,0.0007775994292848223,28.907045145967206
Queensland,Townsville (C),1982,3.3340653662317536,0.0,27.10608254221231
Queensland,Etheridge (S),1982,33.60816188001778,0.030112585726657762,29.4793925116524
New South Wales,Armidale Dumaresq (A),1982,0.38356979859113005,0.0,19.810321685098085
New South Wales,Clarence Valley (A),1982,4.5156151485855975,0.0,22.82395969205211
New South Wales,Cooma-Monaro (A),1982,0.0831245729902072,0.0,17.05878429157156
New South Wales,Glen Innes Severn (A),1982,0.1429665951578302,0.0,19.947964627078406
New South Wales,Lithgow (C),1982,2.215948934639935,0.0,19.31260726961844
New South Wales,Mid-Western Regional (A),1982,3.8953961205889236,0.0,20.691185519215193
New South Wales,Oberon (A),1982,0.554180602006689,0.0,17.892086800036278
New South Wales,Palerang (A),1982,1.2197150558336538,0.0,18.4884451493891
New South Wales,Richmond Valley (A),1982,11.02996637918433,0.0,24.332181932379115
New South Wales,Tumut Shire (A),1982,0.5769396737723309,0.0,17.14859070700871
New South Wales,Upper Hunter Shire (A),1982,5.503144016227182,0.0,21.355864399921636
New South Wales,Warrumbungle Shire (A),1982,10.643612393762966,0.03580271699123336,22.620143154581182
New South Wales,Bega Valley (A),1982,2.102920227920228,0.0,19.039288546469134
New South Wales,Blue Mountains (C),1982,6.373871331828442,0.3016365688487585,20.458888902454536
New South Wales,Bombala (A),1982,1.1406926406926403,0.005116096025186931,17.547802357226022
New South Wales,Cabonne (A),1982,7.954661301140173,0.11026156941649899,21.18856485518668
New South Wales,Cessnock (C),1982,9.513043478260869,0.45113871635610764,22.136761291723765
New South Wales,Eurobodalla (A),1982,1.8888743455497383,0.0,19.701237588332692
New South Wales,Gloucester (A),1982,2.2295173181249126,0.0,21.024557012892526
New South Wales,Great Lakes (A),1982,2.0831784386617103,0.0,21.66317341586238
New South Wales,Greater Taree (C),1982,2.214363968350578,0.0,21.96833813153524
New South Wales,Guyra (A),1982,0.04876183191509703,0.0,19.249720577764837
New South Wales,Hawkesbury (C),1982,14.154488212036902,1.19475765119344,22.27161168436842
New South Wales,Inverell (A),1982,7.911988980174152,0.051409455404142275,23.325968352738826
New South Wales,Kempsey (A),1982,1.0535617183251769,0.0,22.056143564976434
New South Wales,Muswellbrook (A),1982,10.217695274831245,0.062801350048216,22.159307742353494
New South Wales,Nambucca (A),1982,0.3351335133513352,0.0,21.942152362986555
New South Wales,Narrabri (A),1982,30.976889946001545,0.6404924145024429,24.913454562431415
New South Wales,Port Macquarie-Hastings (A),1982,0.9712311557788946,0.0,21.55597993002139
New South Wales,Shoalhaven (C),1982,3.1276150627615054,0.0,20.162083135598216
New South Wales,Singleton (A),1982,12.725859041886128,0.34704456149151414,22.44668507067186
New South Wales,Snowy River (A),1982,0.06010503793036372,0.0,16.16258587170768
New South Wales,Tenterfield (A),1982,1.4453147664635912,0.0,21.315104762365312
New South Wales,Tumbarumba (A),1982,0.32331774019431436,0.0,16.115676457994052
New South Wales,Walcha (A),1982,0.33079318799284346,0.0,19.127130966500065
New South Wales,Wingecarribee (A),1982,3.0106065132954885,0.0,19.60363651091734
New South Wales,Wollondilly (A),1982,6.32733585858586,0.2577335858585859,20.694425815128618
Queensland,Banana (S),1982,27.284304532948024,1.2537006010114204,27.423821302788
Queensland,Brisbane (C),1982,1.817617384555685,0.0,24.092545306367864
Queensland,Bundaberg (R),1982,4.605623950755454,0.0,26.18563073977908
Queensland,Central Highlands (R),1982,36.75441953237543,1.7888966867358629,27.891215182449677
Queensland,Fraser Coast (R),1982,4.937632212415203,0.0,25.59252063640527
Queensland,Gladstone (R),1982,2.8531088426355558,0.0,26.16700607041474
Queensland,Goondiwindi (R),1982,33.73259700303237,1.2951149870515064,25.874885727781688
Queensland,Gympie (R),1982,5.374683864441068,0.0,24.80739368328739
Queensland,Isaac (R),1982,41.31804175864608,1.0055724184449346,28.482845338759866
Queensland,Lockyer Valley (R),1982,6.58691975192633,0.0,24.179419873733313
Queensland,Mackay (R),1982,1.590932442846134,0.0,25.56619344043325
Queensland,Maranoa (R),1982,42.02479954561215,2.2952931023036585,26.430014882849516
Queensland,North Burnett (R),1982,12.451481580352382,0.005672717565403099,26.326475730907198
Queensland,Rockhampton (R),1982,11.022797496949082,0.07459818762495782,27.085514970522343
Queensland,Scenic Rim (R),1982,3.912055735056543,0.0,23.63184078820667
Queensland,Somerset (R),1982,7.283756549778315,0.0,24.41019177281952
Queensland,South Burnett (R),1982,6.633765027604357,0.0,24.794139349772575
Queensland,Southern Downs (R),1982,2.1248131092638003,0.0,22.14537886477493
Queensland,Toowoomba (R),1982,11.207955639671944,0.08324202277783309,24.526987611761765
Queensland,Western Downs (R),1982,29.51697469434175,1.3820870059709984,26.280842504684642
Queensland,Whitsunday (R),1982,22.927011020904438,0.028022904655449665,28.12806215169204
New South Wales,Wentworth (A),1983,41.15759528802272,8.687738990995438,23.415761659554736
Queensland,Cairns (R),1983,0.2457197644158334,0.0,25.710348935003854
Queensland,Cassowary Coast (R),1983,2.6368550946057105,0.0,26.041903861810237
Queensland,Charters Towers (R),1983,29.42519449828733,0.3636918828496322,28.234073258598105
Queensland,Cook (S),1983,37.05317871587462,0.0,30.81521340761748
Queensland,Hinchinbrook (S),1983,4.883087201125176,0.0,26.38121027075447
Queensland,Tablelands (R),1983,62.55961476725519,0.38441947565543066,30.103097768755372
Queensland,Townsville (C),1983,7.859320501227232,0.08371011497222583,27.47756687812924
Queensland,Etheridge (S),1983,59.00232895629987,0.7887086580998522,30.09839747956391
New South Wales,Armidale Dumaresq (A),1983,0.7137612858418493,0.0,18.753598552643677
New South Wales,Clarence Valley (A),1983,4.090622504308353,0.010718338867639022,22.028380050173823
New South Wales,Cooma-Monaro (A),1983,0.047749183936840495,0.0,15.999480187886194
New South Wales,Glen Innes Severn (A),1983,0.48138216365308,0.0,18.86631621504749
New South Wales,Lithgow (C),1983,2.5686415535377143,0.0,18.462526031705124
New South Wales,Mid-Western Regional (A),1983,4.236176676793643,0.0,19.70099685460901
New South Wales,Oberon (A),1983,0.3057971014492753,0.0,16.85910396706482
New South Wales,Palerang (A),1983,0.7641124374278012,0.0,17.30880268342229
New South Wales,Richmond Valley (A),1983,7.957754714223064,0.07455050431223503,23.73772787915996
New South Wales,Tumut Shire (A),1983,1.22326745490636,0.0,16.045416392392568
New South Wales,Upper Hunter Shire (A),1983,8.10603448275862,0.0026876267748478706,20.75176114717017
New South Wales,Warrumbungle Shire (A),1983,8.906377568092086,0.07060161948738541,21.461874570140008
New South Wales,Bega Valley (A),1983,2.3672364672364674,0.0,18.153707323975453
New South Wales,Blue Mountains (C),1983,4.939051918735892,0.0,19.68830549309181
New South Wales,Bombala (A),1983,1.0314836678473038,0.0,16.65258435243073
New South Wales,Cabonne (A),1983,8.941113346747148,0.02937625754527163,19.677289020991207
New South Wales,Cessnock (C),1983,12.926086956521742,0.1163561076604555,21.780415284819952
New South Wales,Eurobodalla (A),1983,3.329319371727748,0.0,18.807862591503078
New South Wales,Gloucester (A),1983,6.592850187786897,0.0,20.75252596258027
New South Wales,Great Lakes (A),1983,6.636771995043373,0.0,21.66905872498245
New South Wales,Greater Taree (C),1983,7.132684114424832,0.03104077906269019,21.77619912775019
New South Wales,Guyra (A),1983,0.16703317716798924,0.0,18.093091431010215
New South Wales,Hawkesbury (C),1983,15.073949333723824,0.0,21.70139366740049
New South Wales,Inverell (A),1983,7.439907512175923,0.059526737836375264,21.783434912999514
New South Wales,Kempsey (A),1983,2.985861881457314,0.0,21.540223578725076
New South Wales,Muswellbrook (A),1983,13.949975891996145,0.30713596914175506,21.5375363987558
New South Wales,Nambucca (A),1983,1.8454845484548452,0.0,21.488126893384518
New South Wales,Narrabri (A),1983,20.892935201851376,1.0715479557726924,23.53839231316337
New South Wales,Port Macquarie-Hastings (A),1983,3.038065326633166,0.0,21.152770755038098
New South Wales,Shoalhaven (C),1983,3.81297071129707,0.0,19.32705919624436
New South Wales,Singleton (A),1983,17.460329403895997,0.5706880695594014,21.96579710062641
New South Wales,Snowy River (A),1983,0.0,0.0,15.262184502785637
New South Wales,Tenterfield (A),1983,2.131128517551494,0.0,20.44553717469351
New South Wales,Tumbarumba (A),1983,0.6130802446923351,0.0,15.25944143341538
New South Wales,Walcha (A),1983,0.36637731098005444,0.0,18.259320937943453
New South Wales,Wingecarribee (A),1983,2.333731700029877,0.0,18.677313949943645
New South Wales,Wollondilly (A),1983,5.972380050505052,0.0,19.87256136067895
Queensland,Banana (S),1983,13.574480839878872,0.05078623361052614,26.114898970188065
Queensland,Brisbane (C),1983,1.93558401241754,0.0,23.86866392072284
Queensland,Bundaberg (R),1983,2.291340235030777,0.0,25.62550838321413
Queensland,Central Highlands (R),1983,19.217500831086312,1.205902559745872,26.711650561600006
Queensland,Fraser Coast (R),1983,2.865635713764681,0.0,25.038388946089437
Queensland,Gladstone (R),1983,1.7546069203234786,0.0,25.613249537526634
Queensland,Goondiwindi (R),1983,22.09431372983023,1.2736227008123242,24.42561684422027
Queensland,Gympie (R),1983,3.2450050581689416,0.0,24.20305579431153
Queensland,Isaac (R),1983,25.111134105960275,1.4532821314692168,27.579023051921105
Queensland,Lockyer Valley (R),1983,4.785002819018983,0.0,23.467506967487285
Queensland,Mackay (R),1983,2.484844592858977,0.03313639866426919,25.743226416604667
Queensland,Maranoa (R),1983,23.951337714930627,0.8323559568331528,25.297926887203296
Queensland,North Burnett (R),1983,6.948589606691587,0.0,25.543330156279147
Queensland,Rockhampton (R),1983,4.343001064575597,0.4607275465427259,26.30927223757323
Queensland,Scenic Rim (R),1983,2.2716074313408727,0.0,23.04478032076689
Queensland,Somerset (R),1983,5.918984280532042,0.0,23.88593754611515
Queensland,South Burnett (R),1983,4.164594190186264,0.0,23.975814097498755
Queensland,Southern Downs (R),1983,2.8872675079241676,0.0,21.178819966658345
Queensland,Toowoomba (R),1983,7.570541554603712,0.0,23.421186727211722
Queensland,Western Downs (R),1983,17.63120841626386,0.1570543076485641,24.97459544448472
Queensland,Whitsunday (R),1983,17.87829940777347,0.3923794956269365,28.109693856568523
New South Wales,Wentworth (A),1984,15.093098556802763,0.01591217466387073,22.70641389107121
Queensland,Cairns (R),1984,0.4199424736337487,0.0,25.27837458309125
Queensland,Cassowary Coast (R),1984,2.6354448231284517,0.0,25.55134597366002
Queensland,Charters Towers (R),1984,21.719258649531348,0.3490414487135232,27.755664388315935
Queensland,Cook (S),1984,16.503511844576053,0.0,30.157383282051004
Queensland,Hinchinbrook (S),1984,4.068741209563994,0.0,25.95122089343918
Queensland,Tablelands (R),1984,27.35448546459782,0.41747101836989464,29.31109686076213
Queensland,Townsville (C),1984,4.589587908538949,0.4321147138612582,26.984490987224845
Queensland,Etheridge (S),1984,31.466879666690083,1.2108232099805718,29.211393056972646
New South Wales,Armidale Dumaresq (A),1984,0.0,0.0,18.211381582962996
New South Wales,Clarence Valley (A),1984,1.7427598671766629,0.0,21.688893797726852
New South Wales,Cooma-Monaro (A),1984,0.0,0.0,15.053271338732037
New South Wales,Glen Innes Severn (A),1984,0.0,0.0,18.465984796727298
New South Wales,Lithgow (C),1984,0.0005394228175851838,0.0,17.519770335965653
New South Wales,Mid-Western Regional (A),1984,0.0,0.0,18.704612885264527
New South Wales,Oberon (A),1984,0.0,0.0,15.880038445265079
New South Wales,Palerang (A),1984,0.0,0.0,16.446826532293116
New South Wales,Richmond Valley (A),1984,5.6762169273498015,0.0,23.325286604313256
New South Wales,Tumut Shire (A),1984,0.00379735910934668,0.0,15.040423145348212
New South Wales,Upper Hunter Shire (A),1984,0.009837728194726166,0.0,19.82032838144531
New South Wales,Warrumbungle Shire (A),1984,0.4470655156260458,0.0,20.732819150758626
New South Wales,Bega Valley (A),1984,0.0,0.0,17.2977654823534
New South Wales,Blue Mountains (C),1984,0.4748871331828443,0.0,18.89648594278136
New South Wales,Bombala (A),1984,0.0,0.0,15.552911002032344
New South Wales,Cabonne (A),1984,0.27283702213279676,0.0,18.582689060734456
New South Wales,Cessnock (C),1984,1.2859213250517596,0.0,20.974043425384675
New South Wales,Eurobodalla (A),1984,0.0,0.0,18.000632221134747
New South Wales,Gloucester (A),1984,0.5391570454861593,0.0,20.080265469849028
New South Wales,Great Lakes (A),1984,0.5235439900867411,0.0,21.02203102124347
New South Wales,Greater Taree (C),1984,1.1824710894704804,0.0,21.16081552658853
New South Wales,Guyra (A),1984,0.0,0.0,17.484742762187988
New South Wales,Hawkesbury (C),1984,2.447356860448089,0.0,20.771356558170858
New South Wales,Inverell (A),1984,0.35125694888571846,0.0,21.002520858135068
New South Wales,Kempsey (A),1984,0.37724306688417625,0.0,21.19209063638757
New South Wales,Muswellbrook (A),1984,0.5822082931533269,0.0,20.613964358426475
New South Wales,Nambucca (A),1984,0.0084008400840084,0.0,21.188162461045533
New South Wales,Narrabri (A),1984,3.957636924659297,0.0,23.106137699146217
New South Wales,Port Macquarie-Hastings (A),1984,0.12148241206030151,0.0,20.7302639017677
New South Wales,Shoalhaven (C),1984,0.043828451882845176,0.0,18.568673201523332
New South Wales,Singleton (A),1984,1.5185185185185188,0.0,21.07897325742346
New South Wales,Snowy River (A),1984,0.0,0.0,14.235453249061601
New South Wales,Tenterfield (A),1984,0.04044096315636785,0.0,20.02443407564736
New South Wales,Tumbarumba (A),1984,0.0,0.0,14.219201646129358
New South Wales,Walcha (A),1984,0.0,0.0,17.652282299264687
New South Wales,Wingecarribee (A),1984,0.10531819539886465,0.0,17.845088721521897
New South Wales,Wollondilly (A),1984,0.3573232323232323,0.0,19.113572933441343
Queensland,Banana (S),1984,7.205081697588266,0.0,25.59806713858685
Queensland,Brisbane (C),1984,1.190531625921614,0.0,23.45028803817426
Queensland,Bundaberg (R),1984,4.890878567431447,0.0,25.41142947300235
Queensland,Central Highlands (R),1984,9.246821556532334,0.007535182654305025,26.287062849037696
Queensland,Fraser Coast (R),1984,3.613611496097455,0.0,24.857379696041946
Queensland,Gladstone (R),1984,2.043263069512572,0.0,25.430719130126793
Queensland,Goondiwindi (R),1984,5.3260807012107385,0.0,23.5975571365039
Queensland,Gympie (R),1984,2.8012771876580675,0.0,23.936480292146886
Queensland,Isaac (R),1984,15.49441225165563,0.28036086583272013,27.66104528116432
Queensland,Lockyer Valley (R),1984,0.8874271753429809,0.0,23.042844219221248
Queensland,Mackay (R),1984,1.8919856152067807,0.0,25.544143892419015
Queensland,Maranoa (R),1984,13.93952805623787,0.03300950821365082,24.60332176467351
Queensland,North Burnett (R),1984,5.758609183128676,0.0,24.98486998826627
Queensland,Rockhampton (R),1984,2.8769766053021066,0.0,26.29417259219167
Queensland,Scenic Rim (R),1984,0.9759693053311794,0.0,22.61726345015046
Queensland,Somerset (R),1984,1.7770253929866988,0.0,23.48557702889626
Queensland,South Burnett (R),1984,1.328930395748414,0.0,23.37466086027185
Queensland,Southern Downs (R),1984,0.0,0.0,20.607701644460636
Queensland,Toowoomba (R),1984,1.1091742205398938,0.0,22.879735196750385
Queensland,Western Downs (R),1984,6.142428205857261,0.0,24.201384144776664
Queensland,Whitsunday (R),1984,13.979566223477267,0.42069655253559257,28.127245954286153
New South Wales,Wentworth (A),1985,21.001233501911923,3.710867151844085,23.17882898709968
Queensland,Cairns (R),1985,0.0,0.0,25.191822247838275
Queensland,Cassowary Coast (R),1985,0.5991303325890232,0.0,25.626504454987373
Queensland,Charters Towers (R),1985,39.13618199198109,0.665907702928759,28.20427573141626
Queensland,Cook (S),1985,20.588220424671395,0.0,30.013618551652648
Queensland,Hinchinbrook (S),1985,2.715541490857947,0.0,25.9270509058048
Queensland,Tablelands (R),1985,35.427893704298185,0.3908970929195646,29.49415514651258
Queensland,Townsville (C),1985,5.838392972484176,0.11897687637256169,27.022064087873858
Queensland,Etheridge (S),1985,48.626243475411364,1.2445989279779033,30.15051415565713
New South Wales,Armidale Dumaresq (A),1985,0.06667328107947217,0.0,18.595869183355695
New South Wales,Clarence Valley (A),1985,3.3893489134546684,0.0,22.049415948921823
New South Wales,Cooma-Monaro (A),1985,0.0,0.0,15.30213796591644
New South Wales,Glen Innes Severn (A),1985,0.051946061906221266,0.0,18.804621260921458
New South Wales,Lithgow (C),1985,0.9481255057088913,0.0,18.02201893907177
New South Wales,Mid-Western Regional (A),1985,3.321383500817948,0.0,19.447738173434985
New South Wales,Oberon (A),1985,0.07079152731326643,0.0,16.306481682908835
New South Wales,Palerang (A),1985,0.003311513284559105,0.0,16.745877043718508
New South Wales,Richmond Valley (A),1985,7.221458851045166,0.0,23.591590927280514
New South Wales,Tumut Shire (A),1985,0.6356261327349614,0.0,15.643268259786572
New South Wales,Upper Hunter Shire (A),1985,4.552332657200812,0.0,20.32012750023713
New South Wales,Warrumbungle Shire (A),1985,7.716656628521715,0.0,21.51670280355461
New South Wales,Bega Valley (A),1985,0.006339031339031339,0.0,17.643573014944533
New South Wales,Blue Mountains (C),1985,1.3386004514672682,0.0,19.11392940156865
New South Wales,Bombala (A),1985,0.08166076347894526,0.0,15.927160782042407
New South Wales,Cabonne (A),1985,4.408316566063045,0.0,19.30766727871344
New South Wales,Cessnock (C),1985,7.468530020703934,0.0,21.089744829857153
New South Wales,Eurobodalla (A),1985,0.0,0.0,18.2762232921179
New South Wales,Gloucester (A),1985,2.0197523994992346,0.0,20.12017046226742
New South Wales,Great Lakes (A),1985,2.184324659231723,0.0,20.95807320581726
New South Wales,Greater Taree (C),1985,3.2068167985392564,0.0,21.158850054996446
New South Wales,Guyra (A),1985,0.0,0.0,17.96673044980539
New South Wales,Hawkesbury (C),1985,7.41514130912286,0.0,20.99991176202888
New South Wales,Inverell (A),1985,4.141683475180795,0.031042455846903134,22.13682133522828
New South Wales,Kempsey (A),1985,0.5644371941272431,0.0,21.273927567477546
New South Wales,Muswellbrook (A),1985,7.883317261330761,0.0,21.149368998836874
New South Wales,Nambucca (A),1985,0.0042004200420042,0.0,21.310890256899153
New South Wales,Narrabri (A),1985,20.263788891745953,0.0,23.846987447855337
New South Wales,Port Macquarie-Hastings (A),1985,0.33115577889447234,0.0,20.721764296046363
New South Wales,Shoalhaven (C),1985,0.23985355648535558,0.0,18.71759372002118
New South Wales,Singleton (A),1985,8.964467853858373,0.0,21.40850555965404
New South Wales,Snowy River (A),1985,0.0,0.0,14.631252197593946
New South Wales,Tenterfield (A),1985,0.7914708442123586,0.0,20.427022959058384
New South Wales,Tumbarumba (A),1985,0.1939546599496221,0.0,14.839812034491079
New South Wales,Walcha (A),1985,0.01484328407660195,0.0,17.88644274526687
New South Wales,Wingecarribee (A),1985,0.6042724828204361,0.0,18.07679581304935
New South Wales,Wollondilly (A),1985,1.3524305555555556,0.0,19.336468875921195
Queensland,Banana (S),1985,16.52981231842844,0.6522434173109732,26.3167056929353
Queensland,Brisbane (C),1985,3.276678308110206,0.2072176949941793,23.738163561123475
Queensland,Bundaberg (R),1985,6.330092333519863,0.0,25.603265468144958
Queensland,Central Highlands (R),1985,25.377202378753726,0.7208436449599228,26.89114771140125
Queensland,Fraser Coast (R),1985,6.815887373258443,0.0,25.09947548987036
Queensland,Gladstone (R),1985,3.737637544743471,0.0,25.433758699444294
Queensland,Goondiwindi (R),1985,26.072091015737403,1.3605214812191506,25.172357664191185
Queensland,Gympie (R),1985,6.047420333839149,0.0,24.301746143955338
Queensland,Isaac (R),1985,37.28449227373069,1.4712641035074803,27.780186762383863
Queensland,Lockyer Valley (R),1985,3.9011464010524346,0.019545198271001693,23.533824364315617
Queensland,Mackay (R),1985,2.885949139481119,0.0,25.476479862781048
Queensland,Maranoa (R),1985,29.80002507984981,1.6100747231995989,25.695230720471553
Queensland,North Burnett (R),1985,9.761968321765446,0.0,25.437548929246546
Queensland,Rockhampton (R),1985,9.32617557707787,0.07241710591228936,26.249652354389937
Queensland,Scenic Rim (R),1985,3.588752019386107,0.0,22.999845925498565
Queensland,Somerset (R),1985,5.778073357517126,0.07521160822249091,23.917656619423255
Queensland,South Burnett (R),1985,4.536814405861408,0.0,24.02809303690758
Queensland,Southern Downs (R),1985,1.0313378386460141,0.0,21.32031768197522
Queensland,Toowoomba (R),1985,7.005213002623103,0.1955706079622804,23.856894169716526
Queensland,Western Downs (R),1985,17.704953085015642,1.094978675007108,25.52561491111294
Queensland,Whitsunday (R),1985,25.828352355179053,0.24232262619131664,27.926331934502304
New South Wales,Wentworth (A),1986,24.219763784383865,1.931771925496484,22.767083746526808
Queensland,Cairns (R),1986,0.0,0.0,25.637637922701398
Queensland,Cassowary Coast (R),1986,0.14184980608767186,0.0,26.092820563503736
Queensland,Charters Towers (R),1986,41.01680783834738,1.3768487294548737,29.09804428252583
Queensland,Cook (S),1986,24.109986638740427,0.0,30.62985284812311
Queensland,Hinchinbrook (S),1986,0.9214135021097047,0.0,26.40939809730368
Queensland,Tablelands (R),1986,50.220688425182814,1.3964401640806132,30.083282109964784
Queensland,Townsville (C),1986,3.9392843301898983,0.0,27.51892980179606
Queensland,Etheridge (S),1986,62.83499520164782,3.1888093064625602,30.735337644212017
New South Wales,Armidale Dumaresq (A),1986,0.06607798392697689,0.0,19.59057550552671
New South Wales,Clarence Valley (A),1986,2.940019335042663,0.0,23.204295810873653
New South Wales,Cooma-Monaro (A),1986,0.0,0.0,15.42909618431673
New South Wales,Glen Innes Severn (A),1986,0.012182041066503217,0.0,19.73710925629549
New South Wales,Lithgow (C),1986,0.10276004674997752,0.0,18.022184686140395
New South Wales,Mid-Western Regional (A),1986,0.28361766767936425,0.0,19.430423092705006
New South Wales,Oberon (A),1986,0.0,0.0,16.38111589642391
New South Wales,Palerang (A),1986,0.0,0.0,16.7429879545633
New South Wales,Richmond Valley (A),1986,6.8234176290016055,0.0,24.782942705811575
New South Wales,Tumut Shire (A),1986,0.0,0.0,15.36330126596823
New South Wales,Upper Hunter Shire (A),1986,0.6227180527383368,0.0,20.55129648768439
New South Wales,Warrumbungle Shire (A),1986,2.3348055945927864,0.0,21.653050718569204
New South Wales,Bega Valley (A),1986,0.0,0.0,17.76242189949936
New South Wales,Blue Mountains (C),1986,0.9043453724604965,0.0,19.16882087102153
New South Wales,Bombala (A),1986,0.0,0.0,15.980997300520642
New South Wales,Cabonne (A),1986,0.21019450033534537,0.0,19.28406776110622
New South Wales,Cessnock (C),1986,2.3068322981366456,0.0,21.214958217567524
New South Wales,Eurobodalla (A),1986,0.0,0.0,18.379623848404133
New South Wales,Gloucester (A),1986,0.8400333843371818,0.0,20.684636337622834
New South Wales,Great Lakes (A),1986,0.8398389095415119,0.0,21.304474299185248
New South Wales,Greater Taree (C),1986,1.0147291539866095,0.0,21.776440886488132
New South Wales,Guyra (A),1986,0.004780571756382062,0.0,18.851313475288265
New South Wales,Hawkesbury (C),1986,2.9647093278664527,0.0,21.07246445565582
New South Wales,Inverell (A),1986,3.7679441137403455,0.016480543119988193,22.72902737564145
New South Wales,Kempsey (A),1986,0.5074768896139207,0.0,22.148607280497394
New South Wales,Muswellbrook (A),1986,1.9041706846673094,0.0,21.20002556838374
New South Wales,Nambucca (A),1986,0.05490549054905491,0.0,22.1792784305721
New South Wales,Narrabri (A),1986,15.392613782463359,0.0,24.329152565888084
New South Wales,Port Macquarie-Hastings (A),1986,0.1756281407035176,0.0,21.413367395280893
New South Wales,Shoalhaven (C),1986,0.0,0.0,18.86849273711815
New South Wales,Singleton (A),1986,2.4813142713819927,0.0,21.486927271632617
New South Wales,Snowy River (A),1986,0.0,0.0,14.6522083709834
New South Wales,Tenterfield (A),1986,0.36199593849724393,0.0,21.37556098555991
New South Wales,Tumbarumba (A),1986,0.0,0.0,14.563746296923645
New South Wales,Walcha (A),1986,0.00046385262739381095,0.0,18.6854550727964
New South Wales,Wingecarribee (A),1986,0.0,0.0,18.111699667436397
New South Wales,Wollondilly (A),1986,0.6845012626262625,0.0,19.34545917141501
Queensland,Banana (S),1986,9.639792797085624,0.059532410040426066,26.64382839211031
Queensland,Brisbane (C),1986,0.3344974776872332,0.0,24.306192511317256
Queensland,Bundaberg (R),1986,0.8688444320089534,0.0,25.919224705663847
Queensland,Central Highlands (R),1986,20.54702471096664,0.3029512798729361,27.319238893861932
Queensland,Fraser Coast (R),1986,0.6210518637391496,0.0,25.49581946680293
Queensland,Gladstone (R),1986,0.39449379115294525,0.0,25.881013785517112
Queensland,Goondiwindi (R),1986,25.97312910865668,1.020451979902167,25.568674055713515
Queensland,Gympie (R),1986,1.0170080930703083,0.0,24.71744102865098
Queensland,Isaac (R),1986,35.55885148393427,1.0247194628403238,28.334258123966407
Queensland,Lockyer Valley (R),1986,0.8799097913925956,0.0,24.295198432211034
Queensland,Mackay (R),1986,0.4630747495504752,0.0,25.792061607610222
Queensland,Maranoa (R),1986,21.353876680903177,0.8379915466153269,26.029374559494627
Queensland,North Burnett (R),1986,1.7740478732870617,0.0,25.875083027211943
Queensland,Rockhampton (R),1986,4.0767533040791415,0.002570560589930673,26.560615543313617
Queensland,Scenic Rim (R),1986,0.36025848142164785,0.0,23.722362487995266
Queensland,Somerset (R),1986,1.498589278516727,0.0,24.50016833156265
Queensland,South Burnett (R),1986,1.0459212630927197,0.0,24.49307352319748
Queensland,Southern Downs (R),1986,0.4655822020214103,0.0,22.01229882392069
Queensland,Toowoomba (R),1986,3.900288873393764,0.0,24.46362292142562
Queensland,Western Downs (R),1986,13.484071651976112,0.4016036394654536,25.838201428826466
Queensland,Whitsunday (R),1986,25.16637251441346,0.24928422951719814,28.538849647395008
New South Wales,Wentworth (A),1987,23.1662298014062,3.228860860984337,23.194738891819124
Queensland,Cairns (R),1987,0.16244350089028894,0.0,25.49872221883527
Queensland,Cassowary Coast (R),1987,1.4364790222117751,0.0,25.964424118937586
Queensland,Charters Towers (R),1987,38.99148323199062,0.036357239584716275,29.237161807626407
Queensland,Cook (S),1987,36.02949859165101,0.465707605084501,30.640422958809992
Queensland,Hinchinbrook (S),1987,3.6571729957805914,0.0,26.436563903145377
Queensland,Tablelands (R),1987,50.72597824148383,0.48629213483146044,30.368451192745724
Queensland,Townsville (C),1987,4.90763467252293,0.0,28.081095747662992
Queensland,Etheridge (S),1987,55.83414086089459,0.459260819698991,30.811673748882196
New South Wales,Armidale Dumaresq (A),1987,0.20676654430002972,0.0,19.29162659065367
New South Wales,Clarence Valley (A),1987,3.506494052372747,0.0,22.441182780973683
New South Wales,Cooma-Monaro (A),1987,0.0,0.0,16.04617603082423
New South Wales,Glen Innes Severn (A),1987,0.011569108182654,0.0,19.338767327806288
New South Wales,Lithgow (C),1987,0.6897419760855883,0.0,18.106044444453495
New South Wales,Mid-Western Regional (A),1987,1.1503154942743627,0.0,19.25502811955755
New South Wales,Oberon (A),1987,0.10222965440356745,0.0,16.610146084567297
New South Wales,Palerang (A),1987,0.0,0.0,17.358189036847996
New South Wales,Richmond Valley (A),1987,9.591287823417625,0.0,24.06066673001939
New South Wales,Tumut Shire (A),1987,0.30680935531198744,0.0,15.8706328746104
New South Wales,Upper Hunter Shire (A),1987,2.1423935091277895,0.0,20.390083877083132
New South Wales,Warrumbungle Shire (A),1987,5.517098306899554,0.031218630797028715,21.490917205212586
New South Wales,Bega Valley (A),1987,0.43910256410256404,0.0,18.16789876388435
New South Wales,Blue Mountains (C),1987,2.623871331828443,0.0,19.413984023293878
New South Wales,Bombala (A),1987,0.13252656434474608,0.0,16.586840154119898
New South Wales,Cabonne (A),1987,3.927766599597584,0.0,19.43778580129546
New South Wales,Cessnock (C),1987,5.289026915113872,0.0,21.24263878242345
New South Wales,Eurobodalla (A),1987,0.024083769633507855,0.0,18.812357046486717
New South Wales,Gloucester (A),1987,2.457226317985812,0.0,20.743590314737325
New South Wales,Great Lakes (A),1987,2.7738537794299885,0.0,21.51534690516332
New South Wales,Greater Taree (C),1987,4.399878271454654,0.0,21.958631614681448
New South Wales,Guyra (A),1987,0.0,0.0,18.553320865009006
New South Wales,Hawkesbury (C),1987,5.682823253770684,0.0,21.111382855439643
New South Wales,Inverell (A),1987,2.7695183745756875,0.00978993456978403,22.698467044233677
New South Wales,Kempsey (A),1987,2.7947253942359973,0.0,21.9594195423213
New South Wales,Muswellbrook (A),1987,4.709739633558342,0.0,21.092701208426302
New South Wales,Nambucca (A),1987,2.216021602160216,0.0,21.905503329288702
New South Wales,Narrabri (A),1987,17.075854975572135,0.6987336076112112,24.313733908531805
New South Wales,Port Macquarie-Hastings (A),1987,1.4402010050251257,0.0,21.510954644074605
New South Wales,Shoalhaven (C),1987,0.23200836820083676,0.0,19.261384680092018
New South Wales,Singleton (A),1987,6.573697851350221,0.0,21.465876704428755
New South Wales,Snowy River (A),1987,0.0,0.0,15.264690273356099
New South Wales,Tenterfield (A),1987,0.7419785320568609,0.0,20.926585450692073
New South Wales,Tumbarumba (A),1987,0.14339690536164082,0.0,15.093682805544391
New South Wales,Walcha (A),1987,0.01577098933138957,0.0,18.53073980211417
New South Wales,Wingecarribee (A),1987,0.33970720047804004,0.0,18.59985243500516
New South Wales,Wollondilly (A),1987,2.394097222222223,0.0,19.6520581524188
Queensland,Banana (S),1987,13.19953271746314,0.308360360914275,26.78259884541165
Queensland,Brisbane (C),1987,2.4978657353511835,0.0,24.240470984837824
Queensland,Bundaberg (R),1987,4.736639619473976,0.0,26.040643332531307
Queensland,Central Highlands (R),1987,19.765123924204932,0.6751819155616297,27.358837047806176
Queensland,Fraser Coast (R),1987,4.6629951126996865,0.0,25.5513110260195
Queensland,Gladstone (R),1987,3.288214238366696,0.0,26.010185440403234
Queensland,Goondiwindi (R),1987,23.42718962349764,1.2319661789769585,25.65020416984634
Queensland,Gympie (R),1987,4.7290085988872015,0.0,24.73051244908967
Queensland,Isaac (R),1987,37.22378587196469,0.5212319107186655,28.616972882973208
Queensland,Lockyer Valley (R),1987,4.753805675624883,0.0,24.042150633230793
Queensland,Mackay (R),1987,1.736450038530696,0.0,26.13983398256075
Queensland,Maranoa (R),1987,20.316006107681062,0.36626907728281954,25.841256525219837
Queensland,North Burnett (R),1987,6.185486741413069,0.0,25.910693994508776
Queensland,Rockhampton (R),1987,8.750733518552178,0.25214862513956326,27.142148934037788
Queensland,Scenic Rim (R),1987,3.39206381260097,0.0,23.481050232884694
Queensland,Somerset (R),1987,5.6828698105602555,0.0,24.476982222185427
Queensland,South Burnett (R),1987,2.3435323254734017,0.0,24.430824432927096
Queensland,Southern Downs (R),1987,0.6969080796603073,0.0,21.83969931767041
Queensland,Toowoomba (R),1987,4.69764584786001,0.0,24.407432380686842
Queensland,Western Downs (R),1987,12.60318453227182,0.18036963321012225,25.85521997294351
Queensland,Whitsunday (R),1987,29.65937169078715,0.07557751892379498,28.998554432168437
New South Wales,Wentworth (A),1988,29.49401751572716,5.491010854816827,24.013833554411836
Queensland,Cairns (R),1988,0.07423640597178467,0.0,25.780707118488923
Queensland,Cassowary Coast (R),1988,0.2781760488894111,0.0,25.881288855856326
Queensland,Charters Towers (R),1988,33.33603727994476,0.005290618942672791,28.68380247037257
Queensland,Cook (S),1988,32.42078939765998,0.05833363426260292,31.00301383843013
Queensland,Hinchinbrook (S),1988,1.6051336146272857,0.0,26.359906027902397
Queensland,Tablelands (R),1988,61.42507579810949,1.9373996789727117,30.50304636545618
Queensland,Townsville (C),1988,4.8257331094173885,0.0,27.54346959831943
Queensland,Etheridge (S),1988,70.24734920300541,2.9315591133581433,31.02158633736563
New South Wales,Armidale Dumaresq (A),1988,0.22115289215199915,0.0,19.38061767011508
New South Wales,Clarence Valley (A),1988,4.542852339119836,0.10184523559329159,22.60829898851571
New South Wales,Cooma-Monaro (A),1988,0.27062931754346004,0.0,16.69793187720051
New South Wales,Glen Innes Severn (A),1988,0.06550720196138522,0.0,19.42217530374421
New South Wales,Lithgow (C),1988,0.18439269981120196,0.0,18.47918402592616
New South Wales,Mid-Western Regional (A),1988,0.2121991119420425,0.0,19.714425386870104
New South Wales,Oberon (A),1988,0.0,0.0,16.97884383108501
New South Wales,Palerang (A),1988,0.1580284944166345,0.0,17.923653058091652
New South Wales,Richmond Valley (A),1988,10.761146031281971,0.6501973395702382,24.15277732578605
New South Wales,Tumut Shire (A),1988,0.9879174937429872,0.0,16.654553089721038
New South Wales,Upper Hunter Shire (A),1988,0.9653144016227182,0.0,20.782573837680538
New South Wales,Warrumbungle Shire (A),1988,3.7302081242053156,0.0,21.833427585927247
New South Wales,Bega Valley (A),1988,0.5126780626780626,0.0,19.164960210436515
New South Wales,Blue Mountains (C),1988,1.2429458239277653,0.0,19.896001930849962
New South Wales,Bombala (A),1988,1.5674931129476575,0.0,17.52337741801316
New South Wales,Cabonne (A),1988,1.9706237424547284,0.0,19.99261866682126
New South Wales,Cessnock (C),1988,4.950724637681159,0.005175983436853002,21.78388716293272
New South Wales,Eurobodalla (A),1988,0.26400523560209427,0.0,19.852851515345897
New South Wales,Gloucester (A),1988,3.498400333843371,0.0,21.105836659447966
New South Wales,Great Lakes (A),1988,4.6053283767038415,0.0,22.06177529084023
New South Wales,Greater Taree (C),1988,5.93268411442483,0.03104077906269019,22.242934696970973
New South Wales,Guyra (A),1988,0.004780571756382062,0.0,18.681761873319303
New South Wales,Hawkesbury (C),1988,4.3080978181285685,0.10616488504905551,21.680348520198287
New South Wales,Inverell (A),1988,3.0622324986471194,0.0,22.452340868009646
New South Wales,Kempsey (A),1988,4.058183795541055,0.0,22.210065679653596
New South Wales,Muswellbrook (A),1988,3.0494214079074258,0.0,21.513027994630395
New South Wales,Nambucca (A),1988,3.4890489048904896,0.0,22.150237841024353
New South Wales,Narrabri (A),1988,19.444040884546155,0.013113911031113399,24.25607917130572
New South Wales,Port Macquarie-Hastings (A),1988,3.9052763819095473,0.0,21.828723378507124
New South Wales,Shoalhaven (C),1988,0.646338912133891,0.0,20.036512088463848
New South Wales,Singleton (A),1988,4.7895660897918235,0.0,21.901933018743765
New South Wales,Snowy River (A),1988,0.5673345004214484,0.0,16.023646623966954
New South Wales,Tenterfield (A),1988,1.0131708732230924,0.0,20.868410599256666
New South Wales,Tumbarumba (A),1988,1.209247930910399,0.0,15.928250307941164
New South Wales,Walcha (A),1988,0.05619243257570738,0.0,18.67771567631018
New South Wales,Wingecarribee (A),1988,0.41723931879294895,0.0,19.085900883172496
New South Wales,Wollondilly (A),1988,1.627209595959596,0.0,20.18666529472273
Queensland,Banana (S),1988,23.01567855880227,0.0,26.949515672414694
Queensland,Brisbane (C),1988,2.5122235157159483,0.09351959642995732,24.241048947126565
Queensland,Bundaberg (R),1988,7.651930609960828,0.0,26.261175165355443
Queensland,Central Highlands (R),1988,28.348864182026368,0.0,27.450008194421024
Queensland,Fraser Coast (R),1988,7.127069808155226,0.0,25.635746205063846
Queensland,Gladstone (R),1988,4.657740068054265,0.0,26.264421932606584
Queensland,Goondiwindi (R),1988,22.163903583523318,0.07888620819407245,25.164419126638126
Queensland,Gympie (R),1988,6.607549317147193,0.0,24.90811862663824
Queensland,Isaac (R),1988,33.36166298749079,0.0,27.89593270448608
Queensland,Lockyer Valley (R),1988,6.16444277391468,0.0,23.85022132139833
Queensland,Mackay (R),1988,0.6217569997431286,0.0,25.56241064553395
Queensland,Maranoa (R),1988,28.74732788953065,0.14005620836929344,25.949897988131873
Queensland,North Burnett (R),1988,12.090630005339033,0.017018152696209297,26.220513035262925
Queensland,Rockhampton (R),1988,10.791213356528962,0.0,26.816788296581507
Queensland,Scenic Rim (R),1988,3.2246567043618746,0.0,23.47165038841622
Queensland,Somerset (R),1988,7.619024586860135,0.009189842805320434,24.470389409865064
Queensland,South Burnett (R),1988,3.5746865486817003,0.0,24.54478382456773
Queensland,Southern Downs (R),1988,0.9129836732252856,0.0,21.432580573143202
Queensland,Toowoomba (R),1988,5.625029053358568,0.0,23.89266895848774
Queensland,Western Downs (R),1988,16.472357122547628,0.0,25.630374590913654
Queensland,Whitsunday (R),1988,20.339392869749386,0.0,27.98405586044506
New South Wales,Wentworth (A),1989,29.83208955223882,1.352118539533736,22.793665473283383
Queensland,Cairns (R),1989,0.0,0.0,25.521936229442275
Queensland,Cassowary Coast (R),1989,0.5100481842754729,0.0,25.76378974452667
Queensland,Charters Towers (R),1989,19.118000053105337,0.03305807068320012,27.36526741059361
Queensland,Cook (S),1989,25.70480192835478,0.0,30.399954575234396
Queensland,Hinchinbrook (S),1989,1.9405766526019692,0.0,25.903044683685277
Queensland,Tablelands (R),1989,38.01060103442124,0.0,29.484357741850797
Queensland,Townsville (C),1989,2.3319984498126862,0.0,26.681048803053738
Queensland,Etheridge (S),1989,39.75716827001848,0.0,29.606055536916546
New South Wales,Armidale Dumaresq (A),1989,0.010020835400337333,0.0,18.250863452920303
New South Wales,Clarence Valley (A),1989,1.4165440712874617,0.0,21.927809534189404
New South Wales,Cooma-Monaro (A),1989,0.0,0.0,15.316388598369866
New South Wales,Glen Innes Severn (A),1989,0.003524364082133006,0.0,18.656454268104767
New South Wales,Lithgow (C),1989,0.0,0.0,17.47773837109459
New South Wales,Mid-Western Regional (A),1989,0.0,0.0,18.85668767687882
New South Wales,Oberon (A),1989,0.0,0.0,15.928554909653228
New South Wales,Palerang (A),1989,0.0,0.0,16.677413764057125
New South Wales,Richmond Valley (A),1989,4.552550796667154,0.0,23.49634352751581
New South Wales,Tumut Shire (A),1989,0.0,0.0,15.382612236792344
New South Wales,Upper Hunter Shire (A),1989,0.0026876267748478706,0.0,19.753408797486
New South Wales,Warrumbungle Shire (A),1989,0.75296125276049,0.0,20.958690381414463
New South Wales,Bega Valley (A),1989,0.0,0.0,17.769961996524778
New South Wales,Blue Mountains (C),1989,0.0567155756207675,0.0,18.87575370302347
New South Wales,Bombala (A),1989,0.0,0.0,16.034879296948823
New South Wales,Cabonne (A),1989,0.837826961770624,0.0,19.10662975003107
New South Wales,Cessnock (C),1989,0.4610766045548655,0.0,20.849841138699688
New South Wales,Eurobodalla (A),1989,0.0,0.0,18.53735386715281
New South Wales,Gloucester (A),1989,0.3444150785922937,0.0,19.81304251376778
New South Wales,Great Lakes (A),1989,0.36322800495662955,0.0,20.83316958207059
New South Wales,Greater Taree (C),1989,0.7141813755325622,0.0,20.947107694712685
New South Wales,Guyra (A),1989,0.0,0.0,17.69263646901819
New South Wales,Hawkesbury (C),1989,0.8361399912139406,0.0,20.712644015639178
New South Wales,Inverell (A),1989,0.5977763565700792,0.0,21.813082019023174
New South Wales,Kempsey (A),1989,0.4951060358890702,0.0,21.164242368919204
New South Wales,Muswellbrook (A),1989,0.11776759884281582,0.0,20.514652009113075
New South Wales,Nambucca (A),1989,0.9156915691569156,0.0,21.28002617229415
New South Wales,Narrabri (A),1989,5.842247364361018,0.0,23.295661796126414
New South Wales,Port Macquarie-Hastings (A),1989,0.07537688442211056,0.0,20.6319223820168
New South Wales,Shoalhaven (C),1989,0.0,0.0,18.89135501944004
New South Wales,Singleton (A),1989,0.5471114455313101,0.0,20.88693485710246
New South Wales,Snowy River (A),1989,0.0,0.0,14.688729850722165
New South Wales,Tenterfield (A),1989,0.061096605744125315,0.0,20.28545022311793
New South Wales,Tumbarumba (A),1989,0.0,0.0,14.762626217899555
New South Wales,Walcha (A),1989,0.01020475780266384,0.0,17.547243576434003
New South Wales,Wingecarribee (A),1989,0.0,0.0,17.932665730222574
New South Wales,Wollondilly (A),1989,0.009785353535353536,0.0,19.138689493126826
Queensland,Banana (S),1989,9.424535407411955,0.0,25.432848897803776
Queensland,Brisbane (C),1989,1.835079549864183,0.0,23.687909823491438
Queensland,Bundaberg (R),1989,2.5615556799104637,0.0,25.21949078893482
Queensland,Central Highlands (R),1989,17.90241938462675,0.25452665016806414,26.16845198738925
Queensland,Fraser Coast (R),1989,3.0986213436428627,0.0,24.81386237443821
Queensland,Gladstone (R),1989,1.2130452074771307,0.0,25.15642980648214
Queensland,Goondiwindi (R),1989,14.604816396998599,0.0036078709134774994,24.636087688573003
Queensland,Gympie (R),1989,1.9264036418816382,0.0,24.03092421273444
Queensland,Isaac (R),1989,21.18385148393427,0.1905123252391464,26.848960292960562
Queensland,Lockyer Valley (R),1989,1.2065401240368354,0.0,23.35438586732756
Queensland,Mackay (R),1989,0.9592216799383506,0.0,25.054498785877012
Queensland,Maranoa (R),1989,17.452344597136467,0.0,24.865160816486398
Queensland,North Burnett (R),1989,3.4553746218188315,0.0,24.930667751626338
Queensland,Rockhampton (R),1989,4.912185495806609,0.0,25.86541810380065
Queensland,Scenic Rim (R),1989,1.181239903069467,0.0,22.927927005840534
Queensland,Somerset (R),1989,1.200886739218057,0.0,23.62184184133278
Queensland,South Burnett (R),1989,0.4125174139621279,0.0,23.50401381271101
Queensland,Southern Downs (R),1989,0.01423359846899109,0.0,21.0874467517511
Queensland,Toowoomba (R),1989,2.21210611946741,0.0,23.344272356946206
Queensland,Western Downs (R),1989,9.182894512368499,0.0,24.550738459297747
Queensland,Whitsunday (R),1989,9.414029101462916,0.0022551672745813236,27.065312831788667
New South Wales,Wentworth (A),1990,35.837424448007894,5.54608671518441,23.866905401379135
Queensland,Cairns (R),1990,1.2926996301876452,0.0,25.7598618453739
Queensland,Cassowary Coast (R),1990,5.388412269361852,0.28158420495945463,26.12232852602856
Queensland,Charters Towers (R),1990,45.7026632325217,1.6288269031624225,28.22640871750526
Queensland,Cook (S),1990,41.304343312147886,0.16019066878520874,30.77049431444598
Queensland,Hinchinbrook (S),1990,10.75263713080169,0.6805555555555557,26.401111213780098
Queensland,Tablelands (R),1990,65.38199393615123,1.3793615123952203,30.063029284588968
Queensland,Townsville (C),1990,12.906342849761014,0.7316884123498256,27.235881281210194
Queensland,Etheridge (S),1990,71.2249842005477,1.3224258596072367,30.193103531332905
New South Wales,Armidale Dumaresq (A),1990,1.6593908125806132,0.0,18.86297745511195
New South Wales,Clarence Valley (A),1990,7.419024000672523,0.313648018158127,22.544906840412175
New South Wales,Cooma-Monaro (A),1990,0.0823654444697487,0.0,15.995796437256459
New South Wales,Glen Innes Severn (A),1990,1.162963530493411,0.00022984983144345693,19.22460856099594
New South Wales,Lithgow (C),1990,2.2655758338577727,0.01267643621325182,18.118333438210048
New South Wales,Mid-Western Regional (A),1990,4.867445664874971,0.0,19.32526554648731
New South Wales,Oberon (A),1990,0.9496098104793759,0.004236343366778149,16.644226692674998
New South Wales,Palerang (A),1990,0.769503273007316,0.0,17.26975899007439
New South Wales,Richmond Valley (A),1990,13.997514983189587,1.298348194708376,24.16075982145647
New South Wales,Tumut Shire (A),1990,0.440838871148701,0.00094933977733667,16.16782234132266
New South Wales,Upper Hunter Shire (A),1990,7.307961460446249,0.0026876267748478706,20.275626035875458
New South Wales,Warrumbungle Shire (A),1990,13.7748109482701,0.37790269691494355,21.332790577419292
New South Wales,Bega Valley (A),1990,0.9798433048433048,0.0007122507122507123,18.054649576159544
New South Wales,Blue Mountains (C),1990,3.9638826185101577,0.39362302483069983,19.343873003621102
New South Wales,Bombala (A),1990,0.3524203069657614,0.0,16.595761770576754
New South Wales,Cabonne (A),1990,5.406304493628438,0.16626425217974514,19.372470960338717
New South Wales,Cessnock (C),1990,7.767494824016563,0.3163561076604554,21.19562653977927
New South Wales,Eurobodalla (A),1990,1.1056282722513093,0.0,18.720452558025972
New South Wales,Gloucester (A),1990,5.598136041174016,0.0,20.412038028565068
New South Wales,Great Lakes (A),1990,4.436957868649319,0.0,21.279625150521234
New South Wales,Greater Taree (C),1990,5.973828362751064,0.18624467437614114,21.45487913465082
New South Wales,Guyra (A),1990,0.27966344774835056,0.0,18.18130781209789
New South Wales,Hawkesbury (C),1990,8.395811978327721,0.9018890027822523,21.071908928892405
New South Wales,Inverell (A),1990,8.515816401830078,0.08250110690214985,21.90960780234268
New South Wales,Kempsey (A),1990,4.339722675367047,0.034665579119086465,21.744449216450874
New South Wales,Muswellbrook (A),1990,10.326181292189005,0.1485053037608486,21.03187943582258
New South Wales,Nambucca (A),1990,3.179117911791179,0.0,21.85413267526806
New South Wales,Narrabri (A),1990,26.66196322962201,2.2420287991771666,23.70836310457825
New South Wales,Port Macquarie-Hastings (A),1990,3.271733668341709,0.0,21.153544759040727
New South Wales,Shoalhaven (C),1990,1.5925732217573216,0.0,19.15563705701464
New South Wales,Singleton (A),1990,10.019981606889056,0.35206086447621443,21.35069048870678
New South Wales,Snowy River (A),1990,0.0,0.0,15.301980867733425
New South Wales,Tenterfield (A),1990,2.727008993327531,0.030693356541920503,20.80193413310238
New South Wales,Tumbarumba (A),1990,0.32277797768981636,0.0,15.321920311838625
New South Wales,Walcha (A),1990,0.6053276787489233,0.0,18.194850607089247
New South Wales,Wingecarribee (A),1990,2.6153271586495372,0.0,18.42511817889071
New South Wales,Wollondilly (A),1990,3.4476010101010104,0.1914457070707071,19.513319352007343
Queensland,Banana (S),1990,28.954578292881617,0.8647954870344465,26.430537220477067
Queensland,Brisbane (C),1990,3.1571594877764846,0.028715560729530465,24.080372424969287
Queensland,Bundaberg (R),1990,8.532106883044207,0.11884443200895353,25.638539963262186
Queensland,Central Highlands (R),1990,37.683581427990994,1.5021682118716067,27.075678565393222
Queensland,Fraser Coast (R),1990,7.337953169450725,7.29447808009337e-05,25.176222572468003
Queensland,Gladstone (R),1990,7.154403641345175,0.35936188077246,25.721585435845338
Queensland,Goondiwindi (R),1990,33.16620553797117,3.018946855840102,24.941608890106526
Queensland,Gympie (R),1990,6.256891755184622,0.01605968639352554,24.474622900484793
Queensland,Isaac (R),1990,48.389624724061804,1.4829224920284525,27.860128324728244
Queensland,Lockyer Valley (R),1990,5.725427551212178,0.06446156737455366,23.76982058008943
Queensland,Mackay (R),1990,7.498972514770098,0.0470716670947855,25.720109272520986
Queensland,Maranoa (R),1990,35.0390876835808,3.1510175780241503,25.558890154778197
Queensland,North Burnett (R),1990,17.067316248442793,0.2007252180103222,25.718256836222672
Queensland,Rockhampton (R),1990,15.28572170435956,0.6109365668735232,26.53521303251784
Queensland,Scenic Rim (R),1990,3.81583198707593,0.0,23.3310907181713
Queensland,Somerset (R),1990,7.470133010882707,0.3031035872632003,24.17783286702115
Queensland,South Burnett (R),1990,6.864712863113358,0.0,24.21652343145567
Queensland,Southern Downs (R),1990,2.7002571616530116,0.0,21.375020521871438
Queensland,Toowoomba (R),1990,8.587707939037752,0.01985589534150147,23.660717767296646
Queensland,Western Downs (R),1990,24.03530281489907,0.6368837077054307,25.257981862333555
Queensland,Whitsunday (R),1990,33.98805741851983,0.8039573283131355,27.943565056125617
New South Wales,Wentworth (A),1991,34.91965276921181,4.100222030344147,23.843954817506628
Queensland,Cairns (R),1991,0.10697164771949047,0.0,25.54533253066886
Queensland,Cassowary Coast (R),1991,2.634739687389822,0.0,26.1722607111775
Queensland,Charters Towers (R),1991,22.77297469530813,0.0,28.024339590652218
Queensland,Cook (S),1991,17.163535497616646,0.0,30.097131489067095
Queensland,Hinchinbrook (S),1991,7.282172995780591,0.0,26.642843924841532
Queensland,Tablelands (R),1991,29.378740859639727,0.01576600677724273,29.393833000827893
Queensland,Townsville (C),1991,5.803642940188607,0.0,27.38769426884641
Queensland,Etheridge (S),1991,32.494815438990706,0.04278725744914916,29.501078884875415
New South Wales,Armidale Dumaresq (A),1991,0.0,0.0,19.608751724596765
New South Wales,Clarence Valley (A),1991,1.7442730444285652,0.0,23.393223561822097
New South Wales,Cooma-Monaro (A),1991,0.016169437485766335,0.0,16.340660466598713
New South Wales,Glen Innes Severn (A),1991,0.007048728164266012,0.0,19.960711744393674
New South Wales,Lithgow (C),1991,1.4561718960712036,0.0,19.022869712291765
New South Wales,Mid-Western Regional (A),1991,0.6146763262444496,0.0,20.139381095146863
New South Wales,Oberon (A),1991,0.21861761426978818,0.0,17.29151714416125
New South Wales,Palerang (A),1991,0.5173661917597224,0.0,17.770113714077713
New South Wales,Richmond Valley (A),1991,5.437362958631777,0.0,25.103987465801804
New South Wales,Tumut Shire (A),1991,0.27306464140847486,0.0,16.3214433616063
New South Wales,Upper Hunter Shire (A),1991,1.463793103448276,0.0,21.17337757630722
New South Wales,Warrumbungle Shire (A),1991,0.773572910392826,0.0,21.997429599692012
New South Wales,Bega Valley (A),1991,0.1388888888888889,0.0,18.382839581700587
New South Wales,Blue Mountains (C),1991,3.705135440180587,0.0,20.289883146023875
New South Wales,Bombala (A),1991,0.2682998819362454,0.0,16.755197453443195
New South Wales,Cabonne (A),1991,2.501542588866533,0.0,19.97260078835679
New South Wales,Cessnock (C),1991,5.497722567287785,0.0,22.272857221741194
New South Wales,Eurobodalla (A),1991,0.9740837696335081,0.0,19.25693908411798
New South Wales,Gloucester (A),1991,1.7135902072610931,0.0,21.404721458536162
New South Wales,Great Lakes (A),1991,2.0367100371747213,0.0,22.19309992370541
New South Wales,Greater Taree (C),1991,2.182592818015824,0.0,22.528042095938986
New South Wales,Guyra (A),1991,0.0,0.0,18.792928856900293
New South Wales,Hawkesbury (C),1991,7.787963098550303,0.0,22.227467630913484
New South Wales,Inverell (A),1991,0.230875190633148,0.0,22.49094446683015
New South Wales,Kempsey (A),1991,1.014545948885264,0.0,22.600719499170683
New South Wales,Muswellbrook (A),1991,5.272540983606557,0.0,22.075673955588655
New South Wales,Nambucca (A),1991,0.6351635163516351,0.0,22.569803296945825
New South Wales,Narrabri (A),1991,3.2500964258164067,0.0,24.014254718123027
New South Wales,Port Macquarie-Hastings (A),1991,0.521608040201005,0.0,22.141022794052216
New South Wales,Shoalhaven (C),1991,2.530020920502092,0.0,19.846461778226317
New South Wales,Singleton (A),1991,7.585402558314524,0.0,22.508373522278504
New South Wales,Snowy River (A),1991,0.013226998638397196,0.0,15.490343064868133
New South Wales,Tenterfield (A),1991,0.12375979112271537,0.0,21.767224372114796
New South Wales,Tumbarumba (A),1991,0.0,0.0,15.446622001624913
New South Wales,Walcha (A),1991,0.0,0.0,18.95745264203079
New South Wales,Wingecarribee (A),1991,1.978488198386615,0.0,19.17722270612463
New South Wales,Wollondilly (A),1991,4.240056818181819,0.0,20.395691049117136
Queensland,Banana (S),1991,5.437262708086752,0.0,26.981997634967666
Queensland,Brisbane (C),1991,0.9732246798603026,0.0,24.891635915665702
Queensland,Bundaberg (R),1991,3.521264689423613,0.0,26.42468246681737
Queensland,Central Highlands (R),1991,11.468791785173407,0.0,27.524186436350945
Queensland,Fraser Coast (R),1991,3.8564446713837626,0.0,25.935560210107983
Queensland,Gladstone (R),1991,1.1706659596093507,0.0,26.263953386602164
Queensland,Goondiwindi (R),1991,7.322185085991276,0.0,25.543674256578605
Queensland,Gympie (R),1991,2.716805766312595,0.0,25.264163289011435
Queensland,Isaac (R),1991,18.044778636252143,0.0,27.860240348279984
Queensland,Lockyer Valley (R),1991,1.3330201090020675,0.0,24.639522821085382
Queensland,Mackay (R),1991,1.5167608528127403,0.0,25.919065289547234
Queensland,Maranoa (R),1991,13.386613261339411,0.31354238125797584,26.6615045142056
Queensland,North Burnett (R),1991,4.676788574479447,0.0,26.41292484917806
Queensland,Rockhampton (R),1991,3.1974917560304315,0.0,26.818770406662225
Queensland,Scenic Rim (R),1991,1.1862883683360255,0.0,24.334538912063497
Queensland,Somerset (R),1991,1.661910519951632,0.0,25.03600962101073
Queensland,South Burnett (R),1991,1.3643258861771843,0.0,25.01389480227012
Queensland,Southern Downs (R),1991,0.0,0.0,22.34579921428251
Queensland,Toowoomba (R),1991,0.543646445529103,0.0,24.494587317603518
Queensland,Western Downs (R),1991,5.799545066818308,0.0,26.248586892280713
Queensland,Whitsunday (R),1991,10.780405537906418,0.0,27.83616804732031
New South Wales,Wentworth (A),1992,10.024084124830399,1.4283643764647835,22.160766824871853
Queensland,Cairns (R),1992,1.4322695521161484,0.0,25.89794714045505
Queensland,Cassowary Coast (R),1992,7.754142672464448,0.0,26.48931928844567
Queensland,Charters Towers (R),1992,36.518699715886456,0.15542603754547138,29.224415059268722
Queensland,Cook (S),1992,31.74507077856421,0.3198170951899466,30.858685304932592
Queensland,Hinchinbrook (S),1992,12.081575246132207,0.13449367088607594,26.9601645642666
Queensland,Tablelands (R),1992,44.017649366862855,0.5915391474942037,30.314374602616084
Queensland,Townsville (C),1992,12.887223872884647,0.0,28.047563313305243
Queensland,Etheridge (S),1992,46.00209489034011,0.5730753926456474,30.53190074386303
New South Wales,Armidale Dumaresq (A),1992,0.0,0.0,18.14260403322193
New South Wales,Clarence Valley (A),1992,0.0,0.0,21.822355543624095
New South Wales,Cooma-Monaro (A),1992,0.0,0.0,14.721604351490262
New South Wales,Glen Innes Severn (A),1992,0.0,0.0,18.40306841290527
New South Wales,Lithgow (C),1992,0.63579969432707,0.0,17.245251489339424
New South Wales,Mid-Western Regional (A),1992,0.6996494508062632,0.0,18.41194455519819
New South Wales,Oberon (A),1992,0.11315496098104794,0.0,15.61276499771024
New South Wales,Palerang (A),1992,0.001155179052753176,0.0,16.022365383340045
New South Wales,Richmond Valley (A),1992,0.0970618330653413,0.0,23.617273262517433
New South Wales,Tumut Shire (A),1992,0.08112539915422454,0.0,14.83134769396772
New South Wales,Upper Hunter Shire (A),1992,1.1402129817444222,0.0,19.46949353994443
New South Wales,Warrumbungle Shire (A),1992,1.7191327042762505,0.0,20.40908748280661
New South Wales,Bega Valley (A),1992,0.0,0.0,16.981079878487943
New South Wales,Blue Mountains (C),1992,1.0668735891647858,0.0,18.559158366220192
New South Wales,Bombala (A),1992,0.02508854781582053,0.0,15.260151415866348
New South Wales,Cabonne (A),1992,1.090073775989269,0.0,18.102090511526235
New South Wales,Cessnock (C),1992,1.6921325051759832,0.0,20.530239932875272
New South Wales,Eurobodalla (A),1992,0.0,0.0,17.623057197137772
New South Wales,Gloucester (A),1992,0.0,0.0,19.647529403133653
New South Wales,Great Lakes (A),1992,0.0,0.0,20.615592199398648
New South Wales,Greater Taree (C),1992,0.0,0.0,20.851655981660432
New South Wales,Guyra (A),1992,0.0,0.0,17.4162104595468
New South Wales,Hawkesbury (C),1992,2.1738175428320394,0.0,20.368392699755926
New South Wales,Inverell (A),1992,0.2960102326954297,0.0,21.377067930038613
New South Wales,Kempsey (A),1992,0.0,0.0,21.114796602046855
New South Wales,Muswellbrook (A),1992,2.3633076181292187,0.0,20.284872429026567
New South Wales,Nambucca (A),1992,0.0,0.0,21.172464688893246
New South Wales,Narrabri (A),1992,3.99685008999743,0.0,23.074232847165494
New South Wales,Port Macquarie-Hastings (A),1992,0.0,0.0,20.572746124082194
New South Wales,Shoalhaven (C),1992,0.15292887029288696,0.0,18.211658873242875
New South Wales,Singleton (A),1992,2.3088370537580474,0.0,20.663386512149852
New South Wales,Snowy River (A),1992,0.0,0.0,14.06317583326191
New South Wales,Tenterfield (A),1992,0.0,0.0,20.139721589566957
New South Wales,Tumbarumba (A),1992,0.03427491903562432,0.0,14.151446294807165
New South Wales,Walcha (A),1992,0.0,0.0,17.442966145679822
New South Wales,Wingecarribee (A),1992,0.648491186136839,0.0,17.496558910537814
New South Wales,Wollondilly (A),1992,1.0069444444444444,0.0,18.755891027198974
Queensland,Banana (S),1992,8.165378053091901,0.04001106721797807,25.969521232010134
Queensland,Brisbane (C),1992,0.47380675203725264,0.0,23.873007002583243
Queensland,Bundaberg (R),1992,6.254756575265807,0.0,25.625974095070227
Queensland,Central Highlands (R),1992,19.337819968234022,0.361001736046984,27.297052239119534
Queensland,Fraser Coast (R),1992,5.200233423298562,0.0,25.104921564883156
Queensland,Gladstone (R),1992,3.005037783375314,0.0,25.56938952534255
Queensland,Goondiwindi (R),1992,13.171805484849154,0.0,24.737622804565692
Queensland,Gympie (R),1992,2.4919069296914507,0.0,24.265215126253086
Queensland,Isaac (R),1992,36.776497731174885,0.605960264900662,28.580916628333938
Queensland,Lockyer Valley (R),1992,0.5094906972373615,0.0,23.380388129455287
Queensland,Mackay (R),1992,6.549640380169533,0.0,26.240121257718865
Queensland,Maranoa (R),1992,18.378764743632296,0.0,25.570742974516957
Queensland,North Burnett (R),1992,6.520043602064431,0.0,25.312862216634418
Queensland,Rockhampton (R),1992,9.542933554903538,0.00020772206787318567,26.50339284843637
Queensland,Scenic Rim (R),1992,0.21334814216478193,0.0,23.008402437927092
Queensland,Somerset (R),1992,1.1194679564691654,0.0,23.874891736935123
Queensland,South Burnett (R),1992,1.0180589236881483,0.0,23.705527397225264
Queensland,Southern Downs (R),1992,0.0,0.0,20.814629599338275
Queensland,Toowoomba (R),1992,0.18076169605206355,0.0,23.18715634122091
Queensland,Western Downs (R),1992,5.7025874324708585,0.0,24.78245140040869
Queensland,Whitsunday (R),1992,27.50833431384085,0.1401145232772483,28.850216119277402
New South Wales,Wentworth (A),1993,15.7397156778093,2.7966109534969794,23.153233329298065
Queensland,Cairns (R),1993,0.39830160252020264,0.0,24.985531681280243
Queensland,Cassowary Coast (R),1993,1.2866376777529673,0.0,25.3971076435991
Queensland,Charters Towers (R),1993,32.691331881787505,0.0,29.053139893317816
Queensland,Cook (S),1993,27.42778600317783,0.0,30.261476171538686
Queensland,Hinchinbrook (S),1993,3.424578059071731,0.0,26.007921843468772
Queensland,Tablelands (R),1993,38.355905118601704,0.0,29.59366301925607
Queensland,Townsville (C),1993,6.798346466864746,0.0,27.68231045734978
Queensland,Etheridge (S),1993,37.325141024740766,0.07773330524541813,30.147316868497317
New South Wales,Armidale Dumaresq (A),1993,0.0766941164798095,0.0,19.334802131629054
New South Wales,Clarence Valley (A),1993,3.704089781850279,0.0,23.030138961188058
New South Wales,Cooma-Monaro (A),1993,0.0,0.0,16.124051270538928
New South Wales,Glen Innes Severn (A),1993,0.09201654918786392,0.0,19.813478314987623
New South Wales,Lithgow (C),1993,0.22691719859750062,0.0,18.446744722155973
New South Wales,Mid-Western Regional (A),1993,0.3516709511568123,0.0,19.50209897729937
New South Wales,Oberon (A),1993,0.043032329988851724,0.0,16.874708258305436
New South Wales,Palerang (A),1993,0.07362341162880243,0.0,17.33956049740775
New South Wales,Richmond Valley (A),1993,11.232129805583975,0.0,24.703687988118464
New South Wales,Tumut Shire (A),1993,0.0,0.0,15.817491931522689
New South Wales,Upper Hunter Shire (A),1993,1.8683569979716028,0.0,20.617837418674394
New South Wales,Warrumbungle Shire (A),1993,4.470755537709966,0.0,21.56393617562825
New South Wales,Bega Valley (A),1993,1.1042022792022792,0.0,18.277383763490075
New South Wales,Blue Mountains (C),1993,2.048814898419865,0.0,19.785648252051413
New South Wales,Bombala (A),1993,0.06237701692247143,0.0,16.704611376622317
New South Wales,Cabonne (A),1993,0.5807511737089199,0.0,19.27300279796704
New South Wales,Cessnock (C),1993,5.389855072463768,0.0,21.62780972763397
New South Wales,Eurobodalla (A),1993,1.4645287958115183,0.0,18.9509653274984
New South Wales,Gloucester (A),1993,1.8451801363193767,0.0,20.803312786169773
New South Wales,Great Lakes (A),1993,1.594330855018588,0.0,21.673018447498624
New South Wales,Greater Taree (C),1993,2.360681679853925,0.0,21.97529065666162
New South Wales,Guyra (A),1993,0.0,0.0,18.73135196796256
New South Wales,Hawkesbury (C),1993,7.366671547810809,0.0,21.600248251585224
New South Wales,Inverell (A),1993,5.761155113887932,0.0053131303192797755,22.854110698204725
New South Wales,Kempsey (A),1993,0.5942088091353998,0.0,22.065478488169962
New South Wales,Muswellbrook (A),1993,5.12162487945998,0.0,21.379537144781402
New South Wales,Nambucca (A),1993,0.061806180618061805,0.0,21.96834859186906
New South Wales,Narrabri (A),1993,20.601761378246344,0.0782334790434559,24.172637053333546
New South Wales,Port Macquarie-Hastings (A),1993,0.27701005025125625,0.0,21.588974170292268
New South Wales,Shoalhaven (C),1993,1.1901673640167363,0.0,19.41475820644912
New South Wales,Singleton (A),1993,7.310174734553965,0.0,21.82941669134643
New South Wales,Snowy River (A),1993,0.0,0.0,15.421376050753356
New South Wales,Tenterfield (A),1993,1.2366695677400636,0.0,21.531542479747877
New South Wales,Tumbarumba (A),1993,0.0,0.0,15.168186060956774
New South Wales,Walcha (A),1993,0.00046385262739381095,0.0,18.58398497079814
New South Wales,Wingecarribee (A),1993,0.9512996713474753,0.0,18.728381763719337
New South Wales,Wollondilly (A),1993,2.5227272727272734,0.0,19.946866143694972
Queensland,Banana (S),1993,8.442565750034584,0.0,26.947589380470035
Queensland,Brisbane (C),1993,1.0733410942956927,0.0,24.239325561958225
Queensland,Bundaberg (R),1993,0.4955931729155008,0.0,25.765324861223984
Queensland,Central Highlands (R),1993,14.41359287851364,0.0,27.760811632277424
Queensland,Fraser Coast (R),1993,0.5308191698883945,0.0,25.22353987916403
Queensland,Gladstone (R),1993,0.5073578151928939,0.0,25.906268630029516
Queensland,Goondiwindi (R),1993,28.590229974103007,0.4816175656831713,25.78614778385967
Queensland,Gympie (R),1993,0.5644916540212441,0.0,24.532056007237518
Queensland,Isaac (R),1993,29.807993009565863,0.0,28.62735278975307
Queensland,Lockyer Valley (R),1993,3.87784251080624,0.0,24.179903466494075
Queensland,Mackay (R),1993,1.964230670434112,0.0,25.69244099637782
Queensland,Maranoa (R),1993,24.24829051317798,0.19953233456519656,26.396354691250398
Queensland,North Burnett (R),1993,2.171093610962806,0.0,25.949609843345694
Queensland,Rockhampton (R),1993,5.198374574818891,0.0,26.853567883969806
Queensland,Scenic Rim (R),1993,1.9560783521809366,0.0,23.683008464941835
Queensland,Somerset (R),1993,3.4802095929060846,0.0,24.39796404867235
Queensland,South Burnett (R),1993,1.2231566998606886,0.0,24.574853467368513
Queensland,Southern Downs (R),1993,1.0863584713832903,0.0,22.25168629803927
Queensland,Toowoomba (R),1993,5.246007238436762,0.0,24.292099701828022
Queensland,Western Downs (R),1993,15.858834233721918,0.07132214955928347,25.970282178995504
Queensland,Whitsunday (R),1993,25.636310154135792,0.0,28.772145182014274
New South Wales,Wentworth (A),1994,31.80695695078328,5.447853706673247,23.773184475753524
Queensland,Cairns (R),1994,4.057115463635117,0.0,25.108028975634497
Queensland,Cassowary Coast (R),1994,8.636737571982607,0.10682806440239744,25.59065451376919
Queensland,Charters Towers (R),1994,43.01959586840497,5.301459069063485,28.96630913212284
Queensland,Cook (S),1994,35.75455005055611,0.0,30.462328374817737
Queensland,Hinchinbrook (S),1994,12.134142053445853,2.562060478199719,26.3799905040872
Queensland,Tablelands (R),1994,58.90503299447118,1.0000071339397179,30.128479563218406
Queensland,Townsville (C),1994,15.32373078413642,3.9326960341041213,27.892267896658172
Queensland,Etheridge (S),1994,67.02889544273577,3.6282798492615203,30.628368755998018
New South Wales,Armidale Dumaresq (A),1994,1.063399146740748,0.0,19.17382770082067
New South Wales,Clarence Valley (A),1994,8.672355092261778,1.2677062754823254,22.721611818533006
New South Wales,Cooma-Monaro (A),1994,0.0,0.0,15.932400682441063
New South Wales,Glen Innes Severn (A),1994,0.997548268464603,0.003524364082133006,19.470305070001938
New South Wales,Lithgow (C),1994,0.8752135215319607,0.0,18.8345770055839
New South Wales,Mid-Western Regional (A),1994,2.4221547090441695,0.0,20.013728348331945
New South Wales,Oberon (A),1994,0.13366778149386843,0.0,16.9678226312012
New South Wales,Palerang (A),1994,0.06314978821717362,0.0,17.433679501749744
New South Wales,Richmond Valley (A),1994,12.714369244262532,3.4971495395410015,24.17462245623708
New South Wales,Tumut Shire (A),1994,0.0809527919219815,0.0,15.59642135021258
New South Wales,Upper Hunter Shire (A),1994,4.194929006085194,0.0,20.930812281172138
New South Wales,Warrumbungle Shire (A),1994,6.94914006558255,0.017198688349059764,21.948234133040035
New South Wales,Bega Valley (A),1994,0.0,0.0,18.261714824064203
New South Wales,Blue Mountains (C),1994,2.312358916478556,0.2480248306997743,20.06013738008847
New South Wales,Bombala (A),1994,0.005116096025186931,0.0,16.380459702471686
New South Wales,Cabonne (A),1994,3.5305835010060367,0.0,19.97409756823373
New South Wales,Cessnock (C),1994,5.845134575569357,0.2018633540372671,22.055744095283572
New South Wales,Eurobodalla (A),1994,0.09607329842931939,0.0,18.995840249821168
New South Wales,Gloucester (A),1994,4.915704548615941,0.006259563221588537,21.073648242032654
New South Wales,Great Lakes (A),1994,4.728934324659233,0.04027261462205701,21.893497357756445
New South Wales,Greater Taree (C),1994,5.9668898356664615,0.6765672550213023,22.22783585703207
New South Wales,Guyra (A),1994,0.05621952385505304,0.0,18.518504947273524
New South Wales,Hawkesbury (C),1994,6.734368135891055,0.6573436813589106,22.125049651269595
New South Wales,Inverell (A),1994,7.212476017120088,0.06164215083386629,22.68804028557065
New South Wales,Kempsey (A),1994,4.931756389342033,0.48273518216421973,22.088334564178552
New South Wales,Muswellbrook (A),1994,8.202748312439729,0.0,21.825396129792455
New South Wales,Nambucca (A),1994,4.42964296429643,0.2343234323432343,21.980506749325993
New South Wales,Narrabri (A),1994,23.602404217022375,0.5270313705322706,24.5715805689129
New South Wales,Port Macquarie-Hastings (A),1994,4.246608040201005,0.0,21.681862274719293
New South Wales,Shoalhaven (C),1994,0.7339958158995814,0.0,19.5403375168271
New South Wales,Singleton (A),1994,8.38667335507065,0.012875177660730711,22.29612600295514
New South Wales,Snowy River (A),1994,0.0,0.0,14.970555267679726
New South Wales,Tenterfield (A),1994,3.462779228314476,0.09022338265158107,21.067314409838094
New South Wales,Tumbarumba (A),1994,0.0,0.0,14.753774939198419
New South Wales,Walcha (A),1994,0.3850639453979193,0.0,18.60105328254452
New South Wales,Wingecarribee (A),1994,1.0271885270391397,0.0,18.911490775362925
New South Wales,Wollondilly (A),1994,1.733112373737374,0.24321338383838384,20.203143065820633
Queensland,Banana (S),1994,23.023025961848834,2.4538942773260355,26.66762551770366
Queensland,Brisbane (C),1994,5.359720605355064,0.5312378734963136,24.117917115187694
Queensland,Bundaberg (R),1994,8.408645775041968,0.6056939003917181,25.573806187284337
Queensland,Central Highlands (R),1994,36.54867949617697,3.900277028774052,27.736689909899557
Queensland,Fraser Coast (R),1994,8.811656575971988,0.44758917499452916,25.048830034467652
Queensland,Gladstone (R),1994,7.6429360555039985,0.6499182464978567,25.851846664001144
Queensland,Goondiwindi (R),1994,25.513490781115117,1.7555944133336279,25.262865521807612
Queensland,Gympie (R),1994,8.712443095599387,0.426087506322711,24.377131783456512
Queensland,Isaac (R),1994,46.27248896247237,5.34489974245769,28.600587284155573
Queensland,Lockyer Valley (R),1994,10.4613794399549,0.4970870137192257,23.938793137097523
Queensland,Mackay (R),1994,7.924865142563575,0.9997431286925248,25.819872726492466
Queensland,Maranoa (R),1994,27.831190481459338,1.054703578304455,25.581123912876254
Queensland,North Burnett (R),1994,13.813957109806024,1.17055970813312,25.60347249022609
Queensland,Rockhampton (R),1994,13.478306026536496,2.2439436034585727,26.92510491725005
Queensland,Scenic Rim (R),1994,8.03947899838449,0.29483037156704367,23.392614009003797
Queensland,Somerset (R),1994,11.60669085046352,1.2898024989923416,24.183524472184303
Queensland,South Burnett (R),1994,8.933388370053148,0.13229451524689131,24.120273282722888
Queensland,Southern Downs (R),1994,4.411159619639974,0.0,21.81771262542659
Queensland,Toowoomba (R),1994,11.256499651359698,0.011090082013480754,23.88162594194066
Queensland,Western Downs (R),1994,20.619095820301403,1.3632413989195338,25.30774936042663
Queensland,Whitsunday (R),1994,33.602384594265985,5.5824018511981786,28.766639001736532
New South Wales,Wentworth (A),1995,17.936644258048602,0.0,22.69845914076471
Queensland,Cairns (R),1995,1.930420490343788,0.0,25.620828860069558
Queensland,Cassowary Coast (R),1995,6.667175931366785,0.002115407215889058,26.017901436979745
Queensland,Charters Towers (R),1995,46.03774461644669,2.7753312445235117,29.257203483336273
Queensland,Cook (S),1995,29.185184349270543,0.0,30.54893549958398
Queensland,Hinchinbrook (S),1995,8.491209563994374,0.304676511954993,26.528501363281386
Queensland,Tablelands (R),1995,51.18522561084357,0.17176386659532722,30.027369024768397
Queensland,Townsville (C),1995,11.115359772639197,1.5674977393101668,28.137323892469812
Queensland,Etheridge (S),1995,58.29343679048755,0.7794747559862367,30.560971048183937
New South Wales,Armidale Dumaresq (A),1995,0.12798888778648676,0.0,18.824888533412246
New South Wales,Clarence Valley (A),1995,4.017275440292546,0.032155016602917065,22.6905742029153
New South Wales,Cooma-Monaro (A),1995,0.0,0.0,15.133947243707478
New South Wales,Glen Innes Severn (A),1995,0.12335274287465521,0.0,19.306289294282127
New South Wales,Lithgow (C),1995,0.05277353232041714,0.0,17.77572641329332
New South Wales,Mid-Western Regional (A),1995,0.06772610422996027,0.0,19.023219835977446
New South Wales,Oberon (A),1995,0.0,0.0,16.12587709017427
New South Wales,Palerang (A),1995,0.0,0.0,16.472885371107438
New South Wales,Richmond Valley (A),1995,9.174682064025726,0.2593188130390293,24.404722580038342
New South Wales,Tumut Shire (A),1995,0.0,0.0,15.148045108175582
New South Wales,Upper Hunter Shire (A),1995,0.2827079107505071,0.0,19.975427668240606
New South Wales,Warrumbungle Shire (A),1995,0.9570702000936896,0.0,21.055142904576506
New South Wales,Bega Valley (A),1995,0.0,0.0,17.23624848791316
New South Wales,Blue Mountains (C),1995,0.322234762979684,0.0,18.987404929744145
New South Wales,Bombala (A),1995,0.0,0.0,15.551648372207536
New South Wales,Cabonne (A),1995,0.0,0.0,18.907305864373885
New South Wales,Cessnock (C),1995,1.7544513457556934,0.0,20.955517407590452
New South Wales,Eurobodalla (A),1995,0.0,0.0,17.982644037464095
New South Wales,Gloucester (A),1995,1.243427458617332,0.0,20.073558671620525
New South Wales,Great Lakes (A),1995,1.2182465923172245,0.0,20.968405198773308
New South Wales,Greater Taree (C),1995,2.4188679245283016,0.0,21.280262898715876
New South Wales,Guyra (A),1995,0.0,0.0,18.210606430516968
New South Wales,Hawkesbury (C),1995,1.747986528042173,0.0,20.900763991805384
New South Wales,Inverell (A),1995,0.6179465735229004,0.0,21.900586918709
New South Wales,Kempsey (A),1995,1.8012506797172378,0.0,21.52759514743535
New South Wales,Muswellbrook (A),1995,1.0536403085824493,0.0,20.72890144435627
New South Wales,Nambucca (A),1995,1.0198019801980198,0.0,21.51218995425504
New South Wales,Narrabri (A),1995,4.556666238107484,0.0,23.521061302355495
New South Wales,Port Macquarie-Hastings (A),1995,1.3175879396984926,0.0,20.98853197165136
New South Wales,Shoalhaven (C),1995,0.0,0.0,18.572886668485303
New South Wales,Singleton (A),1995,1.710141292534069,0.0,21.088624504230737
New South Wales,Snowy River (A),1995,0.0,0.0,14.339073284116884
New South Wales,Tenterfield (A),1995,0.6808819263127356,0.0,20.970095860436604
New South Wales,Tumbarumba (A),1995,0.0,0.0,14.333315662820917
New South Wales,Walcha (A),1995,0.0001987939831687761,0.0,17.989268969411313
New South Wales,Wingecarribee (A),1995,0.0,0.0,17.94064100383936
New South Wales,Wollondilly (A),1995,0.3170770202020202,0.0,19.183159769457294
Queensland,Banana (S),1995,13.666815254315447,0.06371335905436769,26.58797365780587
Queensland,Brisbane (C),1995,3.953046177726038,0.0,24.343285494837605
Queensland,Bundaberg (R),1995,5.11877448237269,0.0,25.8224937385276
Queensland,Central Highlands (R),1995,29.25200014774868,1.1893029956044758,27.686319553524545
Queensland,Fraser Coast (R),1995,4.233277409001386,0.0,25.269976046623334
Queensland,Gladstone (R),1995,3.7628706527022846,0.0,25.925619266863762
Queensland,Goondiwindi (R),1995,7.922818123464438,0.0,24.568441236095328
Queensland,Gympie (R),1995,4.493614061709658,0.0,24.522045786830894
Queensland,Isaac (R),1995,45.22556414029921,3.446582965415746,28.768228014317508
Queensland,Lockyer Valley (R),1995,4.55196391655704,0.0,23.882214433547542
Queensland,Mackay (R),1995,6.08797842281017,0.04713588492165425,26.164526232851816
Queensland,Maranoa (R),1995,14.416709081118556,0.3778279374774097,25.74539527983025
Queensland,North Burnett (R),1995,9.68831197722015,0.0,25.78351778192966
Queensland,Rockhampton (R),1995,8.969646612832028,0.28011320852699095,26.892133339526477
Queensland,Scenic Rim (R),1995,4.024434571890146,0.0,23.635864114817288
Queensland,Somerset (R),1995,6.359693671906486,0.0,24.245385178813816
Queensland,South Burnett (R),1995,1.8454156132294515,0.0,24.116026163920584
Queensland,Southern Downs (R),1995,0.3051252915495485,0.0,21.537870262197767
Queensland,Toowoomba (R),1995,1.9708470299166583,0.0,23.544965110315744
Queensland,Western Downs (R),1995,6.1982940005686675,0.0,25.015418854850868
Queensland,Whitsunday (R),1995,31.323038004471126,2.947680119229714,29.072043180428658
New South Wales,Wentworth (A),1996,15.245143086221784,2.0125817195016653,22.787461656930862
Queensland,Cairns (R),1996,0.05163676208738528,0.0,25.573560357106626
Queensland,Cassowary Coast (R),1996,0.9307791749911856,0.0,26.123744958817603
Queensland,Charters Towers (R),1996,45.17950930670985,2.808528716709593,29.800400586672342
Queensland,Cook (S),1996,22.538043478260853,0.0,30.384101692970674
Queensland,Hinchinbrook (S),1996,3.8201476793248945,0.0,26.617707806734913
Queensland,Tablelands (R),1996,34.637809880506495,0.5073158551810237,30.024347684637064
Queensland,Townsville (C),1996,6.072600439219738,0.0,28.053072768664936
Queensland,Etheridge (S),1996,43.95601900615593,1.6899913395594877,30.82437769016766
New South Wales,Armidale Dumaresq (A),1996,0.12858418493898202,0.0,18.631780613211706
New South Wales,Clarence Valley (A),1996,5.212349207683578,0.032155016602917065,22.27685771585965
New South Wales,Cooma-Monaro (A),1996,0.0,0.0,15.070108363084042
New South Wales,Glen Innes Severn (A),1996,0.1892430278884462,0.0,18.951871851844615
New South Wales,Lithgow (C),1996,0.34190416254607564,0.0,17.753795565736574
New South Wales,Mid-Western Regional (A),1996,0.5224585183454079,0.0,18.847965220549053
New South Wales,Oberon (A),1996,0.06532887402452618,0.0,15.929278019653088
New South Wales,Palerang (A),1996,0.0,0.0,16.4210661568345
New South Wales,Richmond Valley (A),1996,12.393948253179357,0.7170004385323784,24.031833220379244
New South Wales,Tumut Shire (A),1996,0.0,0.0,14.917581367562764
New South Wales,Upper Hunter Shire (A),1996,0.6039553752535498,0.0,19.881160637208183
New South Wales,Warrumbungle Shire (A),1996,1.1413036204242792,0.0,20.76466782356685
New South Wales,Bega Valley (A),1996,0.0,0.0,17.22306383138965
New South Wales,Blue Mountains (C),1996,0.7607223476297967,0.0,19.163386501277973
New South Wales,Bombala (A),1996,0.0,0.0,15.504862848502553
New South Wales,Cabonne (A),1996,0.6916163648558012,0.0,18.5923541233057
New South Wales,Cessnock (C),1996,1.4186335403726709,0.0,21.270337128160996
New South Wales,Eurobodalla (A),1996,0.0,0.0,18.073631315389875
New South Wales,Gloucester (A),1996,1.15704548615941,0.0,20.233667599500514
New South Wales,Great Lakes (A),1996,0.9866790582403966,0.0,21.13938619859028
New South Wales,Greater Taree (C),1996,1.0254412659768712,0.0,21.328979678575045
New South Wales,Guyra (A),1996,0.0,0.0,17.914476010883632
New South Wales,Hawkesbury (C),1996,1.406648118318934,0.0,21.221393032383265
New South Wales,Inverell (A),1996,3.2634919073153936,0.042701825158655976,21.558603707134537
New South Wales,Kempsey (A),1996,0.6643556280587276,0.0,21.512529158824687
New South Wales,Muswellbrook (A),1996,1.2911041465766635,0.0,20.744982138654557
New South Wales,Nambucca (A),1996,0.1311131113111311,0.0,21.530902444657624
New South Wales,Narrabri (A),1996,6.084308305476988,0.01202108511185395,23.018744781091968
New South Wales,Port Macquarie-Hastings (A),1996,0.24271356783919598,0.0,20.961834093605027
New South Wales,Shoalhaven (C),1996,0.12332635983263597,0.0,18.62526050571292
New South Wales,Singleton (A),1996,1.9267619764233768,0.0,21.26360164171618
New South Wales,Snowy River (A),1996,0.0,0.0,14.24684960444002
New South Wales,Tenterfield (A),1996,1.850304612706701,0.0,20.59585875045888
New South Wales,Tumbarumba (A),1996,0.0,0.0,14.113890260854593
New South Wales,Walcha (A),1996,0.017626399840964813,0.0,17.908734568656566
New South Wales,Wingecarribee (A),1996,0.3338810875410816,0.0,17.983681564599998
New South Wales,Wollondilly (A),1996,0.8241792929292928,0.0,19.300418251624244
Queensland,Banana (S),1996,14.49573450973761,0.7454078730959004,26.462313644021496
Queensland,Brisbane (C),1996,5.910748932867675,0.09351959642995732,24.21243399097572
Queensland,Bundaberg (R),1996,6.959429210968101,0.0,25.94735176832952
Queensland,Central Highlands (R),1996,22.152986370184315,2.817907139954935,27.469468174941454
Queensland,Fraser Coast (R),1996,6.634181924283316,0.0,25.369539248555817
Queensland,Gladstone (R),1996,3.624508374210084,0.0,25.93685378799556
Queensland,Goondiwindi (R),1996,12.016467827973175,2.1743951836030018,24.37433195240995
Queensland,Gympie (R),1996,9.10128983308042,0.0,24.62806436792431
Queensland,Isaac (R),1996,35.415647228354175,3.5167249202845228,28.784404779631064
Queensland,Lockyer Valley (R),1996,9.300131554219133,0.0,23.717443373382274
Queensland,Mackay (R),1996,2.976817364500385,6.421782686873875e-05,25.999554046745338
Queensland,Maranoa (R),1996,15.810514358214029,2.031563728636025,25.400088892556212
Queensland,North Burnett (R),1996,11.5196654208934,0.011345435130806198,25.734065009687345
Queensland,Rockhampton (R),1996,8.207722067873183,0.2226261262430868,26.755187983755086
Queensland,Scenic Rim (R),1996,8.491417609046852,0.0,23.45024325681795
Queensland,Somerset (R),1996,11.72043530834341,0.029746070133010876,24.224173283360475
Queensland,South Burnett (R),1996,9.365873793921882,0.0,24.11128990037353
Queensland,Southern Downs (R),1996,2.1806710124992525,0.0,21.22878280646319
Queensland,Toowoomba (R),1996,8.173622870803863,0.0,23.36922708108116
Queensland,Western Downs (R),1996,12.222576059141318,0.8960591413136192,24.879336406212342
Queensland,Whitsunday (R),1996,30.457759736439574,1.0631839039887048,29.017561988098983
New South Wales,Wentworth (A),1997,39.23879055137535,4.061027507092635,24.01350956742016
Queensland,Cairns (R),1997,0.0,0.0,24.87660949721807
Queensland,Cassowary Coast (R),1997,0.0,0.0,25.285737768448275
Queensland,Charters Towers (R),1997,27.68698388253099,0.23039085526141095,27.94523383274408
Queensland,Cook (S),1997,27.1985049833887,0.0,30.110083358855533
Queensland,Hinchinbrook (S),1997,0.17000703234880452,0.044831223628691984,25.746993424282742
Queensland,Tablelands (R),1997,35.656400927412136,0.0,29.22401161207123
Queensland,Townsville (C),1997,2.6860870688541536,0.0,27.000630711672855
Queensland,Etheridge (S),1997,39.95543384125646,0.0,29.694770837226486
New South Wales,Armidale Dumaresq (A),1997,0.35241591427721,0.0,19.43041223523155
New South Wales,Clarence Valley (A),1997,5.819511580009245,0.0,22.67447348992209
New South Wales,Cooma-Monaro (A),1997,0.03347756775222044,0.0,16.601901666285798
New South Wales,Glen Innes Severn (A),1997,0.06114005516395955,0.0,19.636486036824294
New South Wales,Lithgow (C),1997,1.5014834127483592,0.0,19.146644528641975
New South Wales,Mid-Western Regional (A),1997,3.3675157747137177,0.0004673989249824725,20.27562089813317
New South Wales,Oberon (A),1997,0.27937569676700114,0.0,17.618578730333134
New South Wales,Palerang (A),1997,0.48756257219869054,0.0,17.93852439566192
New South Wales,Richmond Valley (A),1997,12.861862300833211,0.037275252156117517,24.24496260379047
New South Wales,Tumut Shire (A),1997,0.17347026840424606,0.0,16.873463284092146
New South Wales,Upper Hunter Shire (A),1997,4.790212981744421,0.017748478701825558,21.030276229524752
New South Wales,Warrumbungle Shire (A),1997,6.465836846684066,0.0684266880813759,22.1626988928186
New South Wales,Bega Valley (A),1997,0.8829059829059829,0.0,18.41369538114879
New South Wales,Blue Mountains (C),1997,2.734762979683973,0.053611738148984206,20.269663667131827
New South Wales,Bombala (A),1997,0.6484651711924436,0.0,17.02084102769739
New South Wales,Cabonne (A),1997,5.289268947015426,0.0,20.590718496979147
New South Wales,Cessnock (C),1997,7.008695652173914,0.3960662525879917,21.937840660344296
New South Wales,Eurobodalla (A),1997,0.712958115183246,0.0,19.137659509748165
New South Wales,Gloucester (A),1997,5.126025872861315,0.0,20.960270758289067
New South Wales,Great Lakes (A),1997,3.8770136307311036,0.0,21.680046276379993
New South Wales,Greater Taree (C),1997,6.352891052951915,0.0,21.942729346356344
New South Wales,Guyra (A),1997,0.0,0.0,18.791661498342037
New South Wales,Hawkesbury (C),1997,8.315565968663055,0.5262849611949042,22.073803947448344
New South Wales,Inverell (A),1997,2.162345648644659,0.0,22.72384169904558
New South Wales,Kempsey (A),1997,4.54594888526373,0.0,22.019328222682777
New South Wales,Muswellbrook (A),1997,8.073529411764707,0.20527965284474448,21.867767265305634
New South Wales,Nambucca (A),1997,2.7866786678667865,0.0,22.011882876005842
New South Wales,Narrabri (A),1997,12.972711493957314,0.756010542555927,24.38304774766552
New South Wales,Port Macquarie-Hastings (A),1997,3.1890703517587946,0.0,21.521017804180296
New South Wales,Shoalhaven (C),1997,1.4469665271966525,0.0,19.632159471370286
New South Wales,Singleton (A),1997,9.163949502549958,0.44912632723016477,22.22871661373608
New South Wales,Snowy River (A),1997,0.0,0.0,15.895028357743882
New South Wales,Tenterfield (A),1997,0.8691615897882214,0.0,21.18726244276531
New South Wales,Tumbarumba (A),1997,0.0,0.0,16.00257254681209
New South Wales,Walcha (A),1997,0.18308925849844285,0.0,18.82470696880168
New South Wales,Wingecarribee (A),1997,1.935613982671049,0.0,19.243627208056488
New South Wales,Wollondilly (A),1997,2.906565656565657,0.004892676767676768,20.473100596878318
Queensland,Banana (S),1997,10.887052892079254,0.01587838357132975,26.753285136619386
Queensland,Brisbane (C),1997,1.9976717112922007,0.0,24.237725965031576
Queensland,Bundaberg (R),1997,2.489857302742024,0.0,25.657444428969562
Queensland,Central Highlands (R),1997,20.060148487422886,0.11135079230229378,27.27853084665403
Queensland,Fraser Coast (R),1997,2.3572105915821724,0.0,25.174881305315154
Queensland,Gladstone (R),1997,1.6548676477086919,0.0,25.676694547076558
Queensland,Goondiwindi (R),1997,18.070076805595523,0.2206777485114765,25.49770225497605
Queensland,Gympie (R),1997,3.1860773899848236,0.0,24.548930884151996
Queensland,Isaac (R),1997,31.522933529556038,0.21362214863870496,27.97519602275139
Queensland,Lockyer Valley (R),1997,5.726555158804736,0.0,24.265992324373094
Queensland,Mackay (R),1997,0.7882096069868993,0.0,25.281105032094334
Queensland,Maranoa (R),1997,17.707303399794938,0.0557510308555917,25.838384452443453
Queensland,North Burnett (R),1997,7.014237408791602,0.0,25.979970025756934
Queensland,Rockhampton (R),1997,6.270298340819984,0.02539402279749695,26.62534959948262
Queensland,Scenic Rim (R),1997,3.6486268174474956,0.0,23.668399291644583
Queensland,Somerset (R),1997,6.9446191051995125,0.0,24.412137068491074
Queensland,South Burnett (R),1997,2.7908260667664204,0.0,24.679307663447155
Queensland,Southern Downs (R),1997,0.3150529274564918,0.0,22.145830818345555
Queensland,Toowoomba (R),1997,3.7580436298436095,0.0,24.409485244789003
Queensland,Western Downs (R),1997,12.878055160648278,0.015422234859255046,25.930053746530525
Queensland,Whitsunday (R),1997,21.343138408440204,0.0055692826607051825,27.909442504244677
New South Wales,Wentworth (A),1998,27.216417910447763,4.827880226964352,23.5213852644859
Queensland,Cairns (R),1998,0.0,0.0,26.048886808483115
Queensland,Cassowary Coast (R),1998,0.21107063109648602,0.0,26.22216744456009
Queensland,Charters Towers (R),1998,14.699178194949685,0.007560871989591352,28.087454605160968
Queensland,Cook (S),1998,21.88627130579228,0.0,30.968531190795943
Queensland,Hinchinbrook (S),1998,0.679676511954993,0.0,26.36412360417699
Queensland,Tablelands (R),1998,32.45239878723024,0.0,30.006134122242585
Queensland,Townsville (C),1998,0.5643973646815656,0.0,27.366752047611126
Queensland,Etheridge (S),1998,29.90389251691124,0.0,30.15389449773637
New South Wales,Armidale Dumaresq (A),1998,0.0513939874987598,0.0,19.555353117675534
New South Wales,Clarence Valley (A),1998,2.610020596023706,0.0,22.85864140318606
New South Wales,Cooma-Monaro (A),1998,0.04964700523798678,0.0,16.53951937663872
New South Wales,Glen Innes Severn (A),1998,0.08197977321483298,0.0,19.829152347659416
New South Wales,Lithgow (C),1998,0.5642362671941022,0.0,18.745133400536798
New South Wales,Mid-Western Regional (A),1998,1.106379995326011,0.0,19.924403054393085
New South Wales,Oberon (A),1998,0.043032329988851724,0.0,17.208429040095425
New South Wales,Palerang (A),1998,0.3279168271082016,0.0,17.745051348051078
New South Wales,Richmond Valley (A),1998,7.136091214734684,0.0,24.5442815010895
New South Wales,Tumut Shire (A),1998,0.3805126434797617,0.0,16.531856892150085
New South Wales,Upper Hunter Shire (A),1998,3.488590263691684,0.0,20.90010900666873
New South Wales,Warrumbungle Shire (A),1998,4.495984742019678,0.0,21.79539736070212
New South Wales,Bega Valley (A),1998,1.7031339031339032,0.0,18.548153339870304
New South Wales,Blue Mountains (C),1998,2.8800790067720086,0.0,19.95058924743613
New South Wales,Bombala (A),1998,0.9683195592286498,0.0,17.034704867917927
New South Wales,Cabonne (A),1998,2.994701542588867,0.0,19.816766284360053
New South Wales,Cessnock (C),1998,6.108902691511387,0.0,21.68535978511735
New South Wales,Eurobodalla (A),1998,1.6180628272251305,0.0,19.19780819077923
New South Wales,Gloucester (A),1998,1.3851717902350809,0.0,20.80623459306495
New South Wales,Great Lakes (A),1998,1.3023543990086746,0.0,21.660162476074724
New South Wales,Greater Taree (C),1998,1.847595861229458,0.0,21.834993023207225
New South Wales,Guyra (A),1998,0.0,0.0,18.902694518844807
New South Wales,Hawkesbury (C),1998,8.514570215258459,0.0,21.681398266467355
New South Wales,Inverell (A),1998,3.766665026811629,0.0,22.412525648758056
New South Wales,Kempsey (A),1998,0.8844480696030453,0.0,22.080854031121966
New South Wales,Muswellbrook (A),1998,6.425024108003857,0.0,21.577718538748005
New South Wales,Nambucca (A),1998,0.7692769276927691,0.0,22.11314032195174
New South Wales,Narrabri (A),1998,14.396374389303165,0.0,23.929948359200893
New South Wales,Port Macquarie-Hastings (A),1998,0.6827889447236181,0.0,21.51748146174248
New South Wales,Shoalhaven (C),1998,0.9787656903765688,0.0,19.671600823812657
New South Wales,Singleton (A),1998,8.133015634144304,0.0,21.87845543596925
New South Wales,Snowy River (A),1998,0.023665953446151845,0.0,15.771610766792223
New South Wales,Tenterfield (A),1998,0.6592979402378878,0.0,21.35018942807506
New South Wales,Tumbarumba (A),1998,0.15203310543360918,0.0,15.773925237504237
New South Wales,Walcha (A),1998,0.009939699158438807,0.0,18.780245377892758
New South Wales,Wingecarribee (A),1998,0.8464296384822229,0.0,19.007065768445873
New South Wales,Wollondilly (A),1998,3.051294191919193,0.0,20.180560824292762
Queensland,Banana (S),1998,21.823862151651618,0.0,26.545127517334578
Queensland,Brisbane (C),1998,1.5844004656577415,0.0,24.450762966560635
Queensland,Bundaberg (R),1998,4.92165640738668,0.0,26.098771198693036
Queensland,Central Highlands (R),1998,33.52884423595463,0.0,27.251745177813255
Queensland,Fraser Coast (R),1998,5.802246699248668,0.0,25.714579026915168
Queensland,Gladstone (R),1998,3.1382297052454815,0.0,26.290072282938965
Queensland,Goondiwindi (R),1998,22.96786117443945,0.3443413975519598,24.9825584506168
Queensland,Gympie (R),1998,3.708712696004045,0.0,24.833713665779452
Queensland,Isaac (R),1998,33.67307456463085,0.14558805494235952,28.116532237243117
Queensland,Lockyer Valley (R),1998,3.4953956023303903,0.0,24.018913633663285
Queensland,Mackay (R),1998,0.048099152324685326,0.0,25.954282962279382
Queensland,Maranoa (R),1998,30.21325986412623,0.5074760081730805,25.840954678611993
Queensland,North Burnett (R),1998,9.77389215162841,0.0,25.913394989601525
Queensland,Rockhampton (R),1998,10.522109417599252,0.0,27.0632548014609
Queensland,Scenic Rim (R),1998,2.426696284329564,0.0,23.774725964088017
Queensland,Somerset (R),1998,3.320838371624344,0.0,24.37339540557805
Queensland,South Burnett (R),1998,2.5626644651978734,0.0,24.32982018372738
Queensland,Southern Downs (R),1998,0.4299982058489325,0.0,21.93884141020171
Queensland,Toowoomba (R),1998,5.74672112096158,0.0,23.839202800499088
Queensland,Western Downs (R),1998,19.51965880011373,0.0441171452942849,25.244914710022638
Queensland,Whitsunday (R),1998,10.970820096481942,0.0,28.223415169857024
New South Wales,Wentworth (A),1999,23.635222647095098,5.6711329715061085,23.6161285424105
Queensland,Cairns (R),1999,0.17435967675660866,0.0,24.8470052447139
Queensland,Cassowary Coast (R),1999,0.5342578446350922,0.0,24.93221313923551
Queensland,Charters Towers (R),1999,10.516389633838719,0.0,27.474744645583176
Queensland,Cook (S),1999,12.252627112523468,0.0,29.721249865404523
Queensland,Hinchinbrook (S),1999,1.2819971870604783,0.0,25.31569186173647
Queensland,Tablelands (R),1999,16.469862671660415,0.0,28.48652080218939
Queensland,Townsville (C),1999,1.3540886190414674,0.0,26.61510895477074
Queensland,Etheridge (S),1999,15.753516841045805,0.0,28.661875937107414
New South Wales,Armidale Dumaresq (A),1999,0.0,0.0,17.798144838629494
New South Wales,Clarence Valley (A),1999,0.5328905888781471,0.0,21.124251834994077
New South Wales,Cooma-Monaro (A),1999,0.0,0.0,15.806991056318349
New South Wales,Glen Innes Severn (A),1999,0.003524364082133006,0.0,18.074050443632977
New South Wales,Lithgow (C),1999,0.002337498876202463,0.0,17.767081510382816
New South Wales,Mid-Western Regional (A),1999,0.19401729376022434,0.0,19.04690381912677
New South Wales,Oberon (A),1999,0.0,0.0,16.407797150111694
New South Wales,Palerang (A),1999,0.0,0.0,17.11629635321046
New South Wales,Richmond Valley (A),1999,1.0540856599912294,0.0,22.69791970202071
New South Wales,Tumut Shire (A),1999,0.0497108828859929,0.0,16.05807356696676
New South Wales,Upper Hunter Shire (A),1999,0.9055780933062881,0.0,19.826472945177432
New South Wales,Warrumbungle Shire (A),1999,1.4504784849093226,0.0,20.944436419543702
New South Wales,Bega Valley (A),1999,0.006339031339031339,0.0,18.206715657035804
New South Wales,Blue Mountains (C),1999,0.2804740406320542,0.0,19.02194601400043
New South Wales,Bombala (A),1999,0.11186540731995272,0.0,16.491543213946198
New South Wales,Cabonne (A),1999,2.180818242790074,0.0,19.280721078029472
New South Wales,Cessnock (C),1999,0.7768115942028985,0.0,20.826515824083103
New South Wales,Eurobodalla (A),1999,0.0,0.0,18.782784347698367
New South Wales,Gloucester (A),1999,0.0,0.0,19.58950475904861
New South Wales,Great Lakes (A),1999,0.0,0.0,20.793301164407218
New South Wales,Greater Taree (C),1999,0.0,0.0,20.651969588991566
New South Wales,Guyra (A),1999,0.0,0.0,17.2722259055671
New South Wales,Hawkesbury (C),1999,1.6453360667740518,0.0,20.771515205009944
New South Wales,Inverell (A),1999,0.02681162985192109,0.0,21.32486997559084
New South Wales,Kempsey (A),1999,0.0,0.0,20.721512832538764
New South Wales,Muswellbrook (A),1999,2.2424059787849564,0.0,20.617747324775774
New South Wales,Nambucca (A),1999,0.0,0.0,20.775463074688
New South Wales,Narrabri (A),1999,5.301973515042429,0.0,23.081535906044913
New South Wales,Port Macquarie-Hastings (A),1999,0.0,0.0,20.301674197875727
New South Wales,Shoalhaven (C),1999,0.0,0.0,19.13318865392288
New South Wales,Singleton (A),1999,2.072067552880194,0.0,20.93241601451275
New South Wales,Snowy River (A),1999,0.0,0.0,15.166962900514218
New South Wales,Tenterfield (A),1999,0.047577603713373946,0.0,19.55563951270198
New South Wales,Tumbarumba (A),1999,0.03427491903562432,0.0,15.419054061825053
New South Wales,Walcha (A),1999,0.0,0.0,17.294677614680758
New South Wales,Wingecarribee (A),1999,0.0,0.0,18.27501716156785
New South Wales,Wollondilly (A),1999,0.21354166666666666,0.0,19.359736628259938
Queensland,Banana (S),1999,6.112962479056822,0.0,25.965320218639786
Queensland,Brisbane (C),1999,0.6592937524253007,0.0,23.080650927438896
Queensland,Bundaberg (R),1999,1.6721460548405145,0.0,24.7420546888047
Queensland,Central Highlands (R),1999,10.30405939496916,0.0,26.703154513701826
Queensland,Fraser Coast (R),1999,1.3506455613100883,0.0,24.118861028725927
Queensland,Gladstone (R),1999,1.0582880374740378,0.0,25.033259045070047
Queensland,Goondiwindi (R),1999,3.5319506850527898,0.0,24.01497228871216
Queensland,Gympie (R),1999,1.3492665655032876,0.0,23.20990725793946
Queensland,Isaac (R),1999,11.866055003679177,0.0,27.249370617699746
Queensland,Lockyer Valley (R),1999,1.0219883480548773,0.0,22.62029766758796
Queensland,Mackay (R),1999,0.2856408939121499,0.0,24.76863796681297
Queensland,Maranoa (R),1999,7.82975945473456,0.0,24.949364222150393
Queensland,North Burnett (R),1999,3.154854066559889,0.0,24.804286240826116
Queensland,Rockhampton (R),1999,2.4935735985251726,0.0,25.995889326101494
Queensland,Scenic Rim (R),1999,0.8988287560581585,0.0,22.166809210767916
Queensland,Somerset (R),1999,1.3905683192261185,0.0,22.800665729927516
Queensland,South Burnett (R),1999,0.6486249419534597,0.0,23.128094590930008
Queensland,Southern Downs (R),1999,0.0,0.0,20.45465101024632
Queensland,Toowoomba (R),1999,0.6269548759836637,0.0,22.684942781618926
Queensland,Western Downs (R),1999,3.2962524879158352,0.0,24.51820958045562
Queensland,Whitsunday (R),1999,7.171059340314549,0.0,27.37289753722529
New South Wales,Wentworth (A),2000,33.23115825829531,4.901998273097321,23.471603367413568
Queensland,Cairns (R),2000,0.07985207505821121,0.0,24.86004520603253
Queensland,Cassowary Coast (R),2000,0.11399694441179925,0.0,25.031500593931767
Queensland,Charters Towers (R),2000,7.267903135869995,0.056982023844295154,26.30766554965011
Queensland,Cook (S),2000,9.424486313736821,0.0,29.81637973983615
Queensland,Hinchinbrook (S),2000,1.1441631504922645,0.0,25.23276542966787
Queensland,Tablelands (R),2000,12.34360620652755,0.0,28.564600357391615
Queensland,Townsville (C),2000,1.7995091073504714,0.0,25.96435805948895
Queensland,Etheridge (S),2000,11.223275519041264,0.0,28.207795420215557
New South Wales,Armidale Dumaresq (A),2000,0.21658894731620196,0.0,18.81958768490756
New South Wales,Clarence Valley (A),2000,3.4062460594342387,0.021436677735278045,22.342252978703584
New South Wales,Cooma-Monaro (A),2000,0.0,0.0,15.897301133636523
New South Wales,Glen Innes Severn (A),2000,0.1426601287159056,0.0,18.979610874527555
New South Wales,Lithgow (C),2000,0.05331295513800233,0.0,17.706507807321103
New South Wales,Mid-Western Regional (A),2000,0.31156812339331613,0.0,18.774270541721517
New South Wales,Oberon (A),2000,0.0,0.0,16.132785577450637
New South Wales,Palerang (A),2000,0.05698883326915669,0.0,17.208157589581525
New South Wales,Richmond Valley (A),2000,7.053500950153486,0.20961847683087265,24.032107837159824
New South Wales,Tumut Shire (A),2000,0.005091913351169411,0.0,15.542954975240857
New South Wales,Upper Hunter Shire (A),2000,1.0614097363083164,0.0,19.980084677250712
New South Wales,Warrumbungle Shire (A),2000,1.5171317673827212,0.0,20.83405511955055
New South Wales,Bega Valley (A),2000,0.5554131054131054,0.0,18.455043114885836
New South Wales,Blue Mountains (C),2000,1.6546275395033863,0.0,19.253433967141643
New South Wales,Bombala (A),2000,0.07959464777646592,0.0,16.581112707360145
New South Wales,Cabonne (A),2000,0.5643192488262911,0.0,18.765136350926937
New South Wales,Cessnock (C),2000,3.1792960662525878,0.0,21.225050085250096
New South Wales,Eurobodalla (A),2000,0.911125654450262,0.0,19.23914606395966
New South Wales,Gloucester (A),2000,1.5928501877868966,0.0,20.35885582752968
New South Wales,Great Lakes (A),2000,1.589684014869889,0.0,21.38120313231987
New South Wales,Greater Taree (C),2000,1.7528910529519166,0.0,21.49213720362212
New South Wales,Guyra (A),2000,0.029830767759824066,0.0,18.12900071457431
New South Wales,Hawkesbury (C),2000,4.673597891345732,0.0,21.132518821453523
New South Wales,Inverell (A),2000,1.2140010823043246,0.0,22.11597832721897
New South Wales,Kempsey (A),2000,0.64015769439913,0.0,21.63572793818312
New South Wales,Muswellbrook (A),2000,1.6234329797492764,0.0,20.718812488443337
New South Wales,Nambucca (A),2000,0.2781278127812781,0.0,21.676362002940557
New South Wales,Narrabri (A),2000,4.554287734636153,0.5511699665723838,23.48110130422869
New South Wales,Port Macquarie-Hastings (A),2000,0.4679648241206031,0.0,21.180593435428538
New South Wales,Shoalhaven (C),2000,1.353974895397489,0.0,19.496105921668327
New South Wales,Singleton (A),2000,2.7074659309422295,0.0,21.223641622278635
New South Wales,Snowy River (A),2000,0.0,0.0,15.082648651314678
New South Wales,Tenterfield (A),2000,0.99501015375689,0.0,20.628410925107733
New South Wales,Tumbarumba (A),2000,0.0,0.0,14.772223249376445
New South Wales,Walcha (A),2000,0.0163673712808959,0.0,17.9988164218406
New South Wales,Wingecarribee (A),2000,0.4668359725126979,0.0,18.4661373068194
New South Wales,Wollondilly (A),2000,2.0329861111111116,0.0,19.579759575851256
Queensland,Banana (S),2000,6.089629094486371,0.637364157584887,26.01805909624493
Queensland,Brisbane (C),2000,3.279394644935971,0.5781916957702755,23.781805080562666
Queensland,Bundaberg (R),2000,3.6624930050363735,0.1281477336317851,25.187532569014504
Queensland,Central Highlands (R),2000,8.278668784397736,1.1188933623905737,26.138706687465703
Queensland,Fraser Coast (R),2000,4.242468451382303,0.32270771026333067,24.740462147148598
Queensland,Gladstone (R),2000,2.7254408060453397,0.0,25.190457130628403
Queensland,Goondiwindi (R),2000,8.398835742269634,0.18358086721706982,24.95962273289832
Queensland,Gympie (R),2000,4.532688416793119,0.20605715730905405,23.891458873501065
Queensland,Isaac (R),2000,11.527425190090753,0.4947188496443463,26.498755634696124
Queensland,Lockyer Valley (R),2000,4.319864687088894,0.0,23.502317952808266
Queensland,Mackay (R),2000,1.0477780631903415,0.0,24.49828480319745
Queensland,Maranoa (R),2000,7.603118753088878,0.18570153503433728,25.174087194916414
Queensland,North Burnett (R),2000,4.698456130984163,0.15140594411817054,25.1404320177735
Queensland,Rockhampton (R),2000,3.270973437540571,0.4600005193051697,25.803196658322268
Queensland,Scenic Rim (R),2000,4.647718093699516,0.0007067851373182553,23.19076557052337
Queensland,Somerset (R),2000,5.355501813784764,0.018379685610640868,23.66280807030086
Queensland,South Burnett (R),2000,4.385119446880967,0.0,23.807151048479117
Queensland,Southern Downs (R),2000,0.842652951378506,0.0,21.49107341768897
Queensland,Toowoomba (R),2000,3.6719460769664973,0.0,23.601696707847683
Queensland,Western Downs (R),2000,7.577537674154108,0.11907876030707988,25.25723135850153
Queensland,Whitsunday (R),2000,6.120935796368201,0.02794446405459466,26.578370125065494
New South Wales,Wentworth (A),2001,38.0327494757617,8.499352411496236,23.789622940318893
Queensland,Cairns (R),2001,0.15285577318175592,0.0,25.645292554670206
Queensland,Cassowary Coast (R),2001,2.2357503819485247,0.0,26.126282960984973
Queensland,Charters Towers (R),2001,34.85354212580654,3.285215474894453,28.858844970262485
Queensland,Cook (S),2001,28.70985302614476,0.045125848620540226,30.560868728220754
Queensland,Hinchinbrook (S),2001,6.149437412095641,0.0,26.681106324704217
Queensland,Tablelands (R),2001,42.753700731228804,0.6377100053504546,29.86720645413808
Queensland,Townsville (C),2001,10.372303319984498,0.08371011497222583,27.804797550660766
Queensland,Etheridge (S),2001,50.61060786929755,1.698874142733421,30.23732786975924
New South Wales,Armidale Dumaresq (A),2001,0.1589443397162417,0.0,19.080857050578643
New South Wales,Clarence Valley (A),2001,4.98705392795595,0.0,22.7280847328181
New South Wales,Cooma-Monaro (A),2001,0.14818188719350178,0.0,16.049532590722215
New South Wales,Glen Innes Severn (A),2001,0.022448666870977626,0.0,19.296916655868298
New South Wales,Lithgow (C),2001,2.8458149779735686,0.0,18.374576935302205
New South Wales,Mid-Western Regional (A),2001,4.646552932928255,0.0,19.531009701023702
New South Wales,Oberon (A),2001,1.1408026755852845,0.0,16.74528812546809
New South Wales,Palerang (A),2001,1.5861378513669608,0.0,17.602658896110228
New South Wales,Richmond Valley (A),2001,12.609121473468786,0.32173658821809664,24.45275450864637
New South Wales,Tumut Shire (A),2001,1.0247691378268746,0.0,16.06506793336116
New South Wales,Upper Hunter Shire (A),2001,4.3155679513184575,0.0,20.474906288034017
New South Wales,Warrumbungle Shire (A),2001,9.850297798300211,0.06364183898815501,21.605116757641678
New South Wales,Bega Valley (A),2001,0.9476495726495726,0.0,18.374806169391476
New South Wales,Blue Mountains (C),2001,4.146444695259594,0.3140519187358917,19.901644853178915
New South Wales,Bombala (A),2001,0.4350649350649348,0.0,16.520969295352117
New South Wales,Cabonne (A),2001,6.814285714285714,0.09389671361502347,19.76674809441653
New South Wales,Cessnock (C),2001,7.806418219461697,1.027536231884058,21.775746424353223
New South Wales,Eurobodalla (A),2001,1.6530104712041884,0.0,19.461575246489602
New South Wales,Gloucester (A),2001,3.313256363889276,0.0,20.786575797566403
New South Wales,Great Lakes (A),2001,3.1781288723667913,0.0,21.68105104404356
New South Wales,Greater Taree (C),2001,3.1365794278758363,0.0,21.866265568211517
New South Wales,Guyra (A),2001,0.09752366383019406,0.0,18.2565312963011
New South Wales,Hawkesbury (C),2001,8.839068677698053,1.2395665544003516,21.792613281140817
New South Wales,Inverell (A),2001,3.216756038766172,0.019235499581836964,21.882233139611902
New South Wales,Kempsey (A),2001,1.5036704730831976,0.0,22.19151470931061
New South Wales,Muswellbrook (A),2001,6.966972034715526,0.3124397299903568,21.277990707513595
New South Wales,Nambucca (A),2001,0.9516951695169515,0.0,22.238568229235224
New South Wales,Narrabri (A),2001,19.316373103625622,0.5236243250192852,23.972768219265006
New South Wales,Port Macquarie-Hastings (A),2001,1.2001256281407038,0.0,21.64002221665826
New South Wales,Shoalhaven (C),2001,2.3516736401673635,0.08002092050209203,19.804419293084706
New South Wales,Singleton (A),2001,9.240782543265615,0.8302817490176406,21.779296747369422
New South Wales,Snowy River (A),2001,0.040718407573105096,0.0,15.241078749555646
New South Wales,Tenterfield (A),2001,0.7963446475195821,0.0,20.93002282874836
New South Wales,Tumbarumba (A),2001,0.8874595178121621,0.0,15.131447708587281
New South Wales,Walcha (A),2001,0.15976409780663972,0.0,18.390053371502557
New South Wales,Wingecarribee (A),2001,3.4762473857185534,0.0,18.95509302211486
New South Wales,Wollondilly (A),2001,4.572285353535355,0.19633838383838387,20.14953779855575
Queensland,Banana (S),2001,28.07591804110242,1.2358854542939264,27.430754700097307
Queensland,Brisbane (C),2001,3.4315095071788906,0.06480403570042685,24.38777698766246
Queensland,Bundaberg (R),2001,6.93613598209289,0.0,26.290032373174803
Queensland,Central Highlands (R),2001,33.91294647804085,2.087607579507259,27.96081037795684
Queensland,Fraser Coast (R),2001,5.602450944634912,0.018600919104238094,25.553620906782427
Queensland,Gladstone (R),2001,5.271023907375491,0.0,26.443442334836547
Queensland,Goondiwindi (R),2001,21.565860244804004,2.045684942119126,24.97500661263808
Queensland,Gympie (R),2001,6.417994436014162,0.0,24.801773190410316
Queensland,Isaac (R),2001,36.17377974000489,3.6924898822663716,28.71985061410218
Queensland,Lockyer Valley (R),2001,4.307273068971998,0.0,23.903281044993385
Queensland,Mackay (R),2001,6.204533778576932,0.0,26.054907291957175
Queensland,Maranoa (R),2001,29.477734256861915,1.150088148295677,26.192037082227746
Queensland,North Burnett (R),2001,11.398358248798724,0.0,26.339004028979122
Queensland,Rockhampton (R),2001,11.884973904915222,0.25521252564069274,27.22999388285453
Queensland,Scenic Rim (R),2001,3.4673869143780305,0.0,23.72065293418045
Queensland,Somerset (R),2001,7.271825876662636,0.0,24.457477381138734
Queensland,South Burnett (R),2001,7.38615138537743,0.0,24.677572357583642
Queensland,Southern Downs (R),2001,0.45810657257341075,0.0,21.527043708963753
Queensland,Toowoomba (R),2001,4.8395590530265284,0.0,23.789297915457492
Queensland,Western Downs (R),2001,23.543849872050057,0.37699175433608184,25.91817827232148
Queensland,Whitsunday (R),2001,23.6444679766247,1.152351257010629,28.652972100704947
New South Wales,Wentworth (A),2002,37.39325582829655,6.711560996669546,24.822339764184857
Queensland,Cairns (R),2002,0.22243528283796737,0.0,25.81609424100405
Queensland,Cassowary Coast (R),2002,3.3691385591726397,0.0,26.360129418391857
Queensland,Charters Towers (R),2002,49.117382703592554,1.240487506970075,29.490097731544747
Queensland,Cook (S),2002,40.75443720208002,0.021025928065867398,30.989052068810974
Queensland,Hinchinbrook (S),2002,8.027426160337553,0.0,26.982322225410293
Queensland,Tablelands (R),2002,55.14383449259853,0.7500481540930977,30.30156403545593
Queensland,Townsville (C),2002,9.769668001550189,0.30564526546957754,28.143551996033388
Queensland,Etheridge (S),2002,58.10722561617862,1.0046579125997699,30.589982129771315
New South Wales,Armidale Dumaresq (A),2002,0.4176009524754439,0.0,20.092856594624745
New South Wales,Clarence Valley (A),2002,9.936698751628768,0.4286915220041191,23.78651341819654
New South Wales,Cooma-Monaro (A),2002,0.0,0.0,16.77746800125706
New South Wales,Glen Innes Severn (A),2002,0.4125804474410052,0.0,20.513424705867436
New South Wales,Lithgow (C),2002,0.5112829272678233,0.0,19.37794128190136
New South Wales,Mid-Western Regional (A),2002,0.8185089974293057,0.0,20.73237971756954
New South Wales,Oberon (A),2002,0.013712374581939796,0.0,17.71799610941125
New South Wales,Palerang (A),2002,0.31289949942241024,0.0,18.277296176862343
New South Wales,Richmond Valley (A),2002,18.195293085806163,1.5854407250401983,25.504381419103844
New South Wales,Tumut Shire (A),2002,0.5551911625097088,0.0,16.63303560491954
New South Wales,Upper Hunter Shire (A),2002,3.576166328600406,0.0,21.628846874076498
New South Wales,Warrumbungle Shire (A),2002,6.682828080037476,0.0,23.13858868556378
New South Wales,Bega Valley (A),2002,0.015170940170940173,0.0,18.952530852720066
New South Wales,Blue Mountains (C),2002,3.2308126410835216,0.003103837471783296,20.686643480333785
New South Wales,Bombala (A),2002,0.0,0.0,17.06941496914813
New South Wales,Cabonne (A),2002,2.0822266934942992,0.0,20.928364983902817
New South Wales,Cessnock (C),2002,10.857971014492753,0.016770186335403725,22.48147299864861
New South Wales,Eurobodalla (A),2002,1.137303664921466,0.0,20.034109810815036
New South Wales,Gloucester (A),2002,6.210321324245373,0.0,21.709417873534626
New South Wales,Great Lakes (A),2002,6.1685254027261465,0.0,22.35686490821261
New South Wales,Greater Taree (C),2002,8.43335362142422,0.0,22.735945244781668
New South Wales,Guyra (A),2002,0.0,0.0,19.476047314843697
New South Wales,Hawkesbury (C),2002,11.155806120954756,0.0,22.57563013931795
New South Wales,Inverell (A),2002,4.134845279677276,0.00978993456978403,23.569485014369164
New South Wales,Kempsey (A),2002,7.355356171832519,0.0,22.75003672361126
New South Wales,Muswellbrook (A),2002,8.217333654773386,0.0,22.387906750520195
New South Wales,Nambucca (A),2002,6.613861386138614,0.0,22.79385503967545
New South Wales,Narrabri (A),2002,19.641681666238114,0.0,25.618669761316408
New South Wales,Port Macquarie-Hastings (A),2002,5.825879396984925,0.0,22.244439725898857
New South Wales,Shoalhaven (C),2002,1.478974895397489,0.0,20.223274259402757
New South Wales,Singleton (A),2002,11.549034361675448,0.035866566340606976,22.710891686350603
New South Wales,Snowy River (A),2002,0.0,0.0,15.729022610567464
New South Wales,Tenterfield (A),2002,2.461618798955613,0.007774876704380621,22.218065321149048
New South Wales,Tumbarumba (A),2002,0.19584382871536515,0.0,15.619591512243211
New South Wales,Walcha (A),2002,0.1518123384798887,0.0,19.377623642913143
New South Wales,Wingecarribee (A),2002,1.261876307140723,0.0,19.680935897292276
New South Wales,Wollondilly (A),2002,3.4521780303030307,0.004892676767676768,20.92067891456487
Queensland,Banana (S),2002,29.308621670227623,0.10034277633459884,27.703597642801473
Queensland,Brisbane (C),2002,4.639115250291037,0.350407450523865,25.045195933642663
Queensland,Bundaberg (R),2002,9.959848908785675,0.13178511471740345,26.619260485866725
Queensland,Central Highlands (R),2002,48.42180770509362,0.5726221696893582,28.709115613483355
Queensland,Fraser Coast (R),2002,8.278940841782768,0.30169961339266177,26.011787413826546
Queensland,Gladstone (R),2002,7.079278801537847,0.0,26.613318452009892
Queensland,Goondiwindi (R),2002,28.040239934482813,0.9846610150733748,26.407382543960587
Queensland,Gympie (R),2002,7.114251390996458,0.006891755184623163,25.34621333943109
Queensland,Isaac (R),2002,53.453381775815544,0.8264961981849399,29.403684293457932
Queensland,Lockyer Valley (R),2002,8.276451794775419,0.0,25.014305568460106
Queensland,Mackay (R),2002,4.880490624197277,0.0,26.462592088420774
Queensland,Maranoa (R),2002,40.71943024482357,1.0114924723568424,27.27163318403586
Queensland,North Burnett (R),2002,11.88209645844457,0.02798540665598862,26.701180793125122
Queensland,Rockhampton (R),2002,12.602549788383145,0.018383403006776933,27.448729384205198
Queensland,Scenic Rim (R),2002,6.926595315024232,0.007067851373182553,24.69899709310549
Queensland,Somerset (R),2002,9.636195082627971,0.029746070133010876,25.254273445905483
Queensland,South Burnett (R),2002,4.891594860946286,0.0,25.172037661109652
Queensland,Southern Downs (R),2002,1.5894982357514507,0.0,22.910472168910932
Queensland,Toowoomba (R),2002,7.7529302387355985,0.008466978782747284,24.96812513972003
Queensland,Western Downs (R),2002,23.763207278930892,0.452214955928348,26.56376599616906
Queensland,Whitsunday (R),2002,37.62087696591756,0.21396634898223324,29.306976135279925
New South Wales,Wentworth (A),2003,37.89630874552854,8.506059578142342,24.08887391373955
Queensland,Cairns (R),2003,0.12491439528831666,0.0,25.72976134558438
Queensland,Cassowary Coast (R),2003,0.7157127747091314,0.0,26.122283501564933
Queensland,Charters Towers (R),2003,37.26544701415259,0.8390775603409361,29.168849144393914
Queensland,Cook (S),2003,45.793013325148074,0.34009822331359235,31.09365045516131
Queensland,Hinchinbrook (S),2003,4.543776371308017,0.0,26.60375893401029
Queensland,Tablelands (R),2003,63.85259140360264,2.318330658105938,30.51486963485454
Queensland,Townsville (C),2003,6.2714119622787745,0.0,27.95863985515215
Queensland,Etheridge (S),2003,63.35960723731948,2.029539124125178,30.883041483546716
New South Wales,Armidale Dumaresq (A),2003,1.464133346562159,0.0,19.189515107442304
New South Wales,Clarence Valley (A),2003,6.695431045353285,0.1500567441469463,22.590231061711616
New South Wales,Cooma-Monaro (A),2003,0.9659910422834582,0.0,16.26809196526159
New South Wales,Glen Innes Severn (A),2003,0.7981918479926448,0.0,19.417207261976444
New South Wales,Lithgow (C),2003,3.3810123168210016,0.0010788456351703676,18.303948389769236
New South Wales,Mid-Western Regional (A),2003,6.942790371582143,0.0,19.859479104681967
New South Wales,Oberon (A),2003,1.303010033444816,0.0,16.735122478336745
New South Wales,Palerang (A),2003,2.711975356180207,0.00885637273777435,17.459093316052574
New South Wales,Richmond Valley (A),2003,12.503142815377863,0.2609267650928226,24.10634720965072
New South Wales,Tumut Shire (A),2003,1.714248727021662,0.0014671614740657628,16.359790521823072
New South Wales,Upper Hunter Shire (A),2003,8.100405679513187,0.032302231237322516,20.855640832120425
New South Wales,Warrumbungle Shire (A),2003,15.061667670481166,0.21183831894532562,22.152751098897994
New South Wales,Bega Valley (A),2003,2.308262108262108,0.5911680911680913,18.518565901069355
New South Wales,Blue Mountains (C),2003,4.457957110609481,0.6769187358916479,19.54097251873218
New South Wales,Bombala (A),2003,2.0295159386068464,0.0,16.91967783938906
New South Wales,Cabonne (A),2003,8.136150234741782,0.4073775989268947,19.989765282006367
New South Wales,Cessnock (C),2003,7.247204968944098,1.655693581780538,21.58393329838584
New South Wales,Eurobodalla (A),2003,2.3434554973821995,0.7598167539267017,19.19309066491211
New South Wales,Gloucester (A),2003,6.051189317012101,0.0,20.73867788629364
New South Wales,Great Lakes (A),2003,4.438351920693929,0.07930607187112765,21.521971462148965
New South Wales,Greater Taree (C),2003,5.877906269020082,0.03104077906269019,21.799731648342355
New South Wales,Guyra (A),2003,0.35768237881250586,0.0,18.566861913901914
New South Wales,Hawkesbury (C),2003,8.3795577683409,2.522184800117148,21.55063624105829
New South Wales,Inverell (A),2003,7.19870123481084,0.01957986913956806,22.52430169943908
New South Wales,Kempsey (A),2003,3.5542414355628065,0.0,21.919980598037196
New South Wales,Muswellbrook (A),2003,10.08980231436837,0.38825940212150434,21.542526763244023
New South Wales,Nambucca (A),2003,2.6570657065706573,0.0,21.90298801898416
New South Wales,Narrabri (A),2003,27.850797120082284,2.142774492157367,24.440713709256684
New South Wales,Port Macquarie-Hastings (A),2003,2.043718592964824,0.0,21.401172402865683
New South Wales,Shoalhaven (C),2003,3.226673640167363,0.16171548117154805,19.421509851899664
New South Wales,Singleton (A),2003,10.138449962377729,1.2225566424212022,21.817311779911805
New South Wales,Snowy River (A),2003,0.33651040653569325,0.0,15.586915294420505
New South Wales,Tenterfield (A),2003,3.0416594139831727,0.0,21.036090113441716
New South Wales,Tumbarumba (A),2003,1.3667686218064046,0.0,15.55723010706376
New South Wales,Walcha (A),2003,0.548936452190047,0.0,18.42686855894202
New South Wales,Wingecarribee (A),2003,4.374663878099792,0.18763071407230358,18.61871665675654
New South Wales,Wollondilly (A),2003,4.521464646464646,0.7065972222222223,19.80309931747942
Queensland,Banana (S),2003,17.049833223173515,0.2232196381634566,26.96201585198804
Queensland,Brisbane (C),2003,1.16569654637175,0.0,24.168623025974195
Queensland,Bundaberg (R),2003,2.9099048684946838,0.0,26.110759360682206
Queensland,Central Highlands (R),2003,31.58846821556532,0.24374838399881796,27.980366706469127
Queensland,Fraser Coast (R),2003,3.513093588153768,0.0,25.412380412753514
Queensland,Gladstone (R),2003,1.9878916434663474,0.0,26.171087880374955
Queensland,Goondiwindi (R),2003,25.791606719936265,1.9206711082582613,25.445022607918276
Queensland,Gympie (R),2003,3.7529084471421346,0.0,24.634198968969418
Queensland,Isaac (R),2003,38.646040286975705,0.630357799852833,28.82334732329977
Queensland,Lockyer Valley (R),2003,6.0171020484871285,0.0,24.020966038178532
Queensland,Mackay (R),2003,2.87625224762394,0.0,26.132307186092955
Queensland,Maranoa (R),2003,33.10879491321635,2.7236126786017247,26.448242558705015
Queensland,North Burnett (R),2003,8.547072432817233,0.0,26.08997623112708
Queensland,Rockhampton (R),2003,7.694492768675511,0.0,26.9760664645568
Queensland,Scenic Rim (R),2003,4.181239903069468,0.0,23.560697802053326
Queensland,Somerset (R),2003,5.559854897218864,0.0,24.341514558890445
Queensland,South Burnett (R),2003,5.20979309633146,0.0,24.40382949282293
Queensland,Southern Downs (R),2003,3.2173913043478257,0.0,21.76768330478222
Queensland,Toowoomba (R),2003,7.612511206295446,0.0,23.964234927415315
Queensland,Western Downs (R),2003,18.55269832243389,0.3431106056297982,25.773732927527693
Queensland,Whitsunday (R),2003,27.06124249911754,0.24581323292936433,28.830116579910182
New South Wales,Wentworth (A),2004,38.58193536449981,12.269551005304061,24.315033053735057
Queensland,Cairns (R),2004,0.009998630324613064,0.0,25.432967249723454
Queensland,Cassowary Coast (R),2004,0.29075096956164054,0.0,26.012779392829845
Queensland,Charters Towers (R),2004,46.51096625155997,0.5436459467353494,29.541051108834584
Queensland,Cook (S),2004,30.34810143723819,0.0024330131445904958,30.349253735063865
Queensland,Hinchinbrook (S),2004,2.7354078762306613,0.0,26.463522961329296
Queensland,Tablelands (R),2004,41.19325129302657,0.4132049224184054,29.65891800880238
Queensland,Townsville (C),2004,4.94626017310425,0.0,27.835752329733676
Queensland,Etheridge (S),2004,53.72107529901926,1.0606230835849535,30.558629968529434
New South Wales,Armidale Dumaresq (A),2004,1.8193273142176805,0.0,19.86249352801389
New South Wales,Clarence Valley (A),2004,8.02833004077172,0.7273338657475517,23.490116010145602
New South Wales,Cooma-Monaro (A),2004,0.06110984589691032,0.0,16.80197791772391
New South Wales,Glen Innes Severn (A),2004,0.708320563898253,0.0,20.135207994427095
New South Wales,Lithgow (C),2004,4.55470646408343,0.0011687494381012315,19.24662128517827
New South Wales,Mid-Western Regional (A),2004,10.29123627015658,0.010142556672119652,20.436755115023946
New South Wales,Oberon (A),2004,0.9559643255295428,0.0,17.449868807269315
New South Wales,Palerang (A),2004,1.0975741239892176,0.0,18.124755253538947
New South Wales,Richmond Valley (A),2004,15.212249671100711,1.5765239000146176,25.151210163946466
New South Wales,Tumut Shire (A),2004,1.293087080348666,0.0,16.443260132176214
New South Wales,Upper Hunter Shire (A),2004,12.104817444219071,0.30253549695740367,21.230496589573477
New South Wales,Warrumbungle Shire (A),2004,20.21618818175735,0.9277922773204846,22.360309845280693
New South Wales,Bega Valley (A),2004,0.6905270655270656,0.0,18.809844020752497
New South Wales,Blue Mountains (C),2004,6.119074492099323,0.13939051918735892,20.54291879208817
New South Wales,Bombala (A),2004,0.15653286107831554,0.0,17.043923803527303
New South Wales,Cabonne (A),2004,15.80543259557344,0.8621730382293762,20.43674172769415
New South Wales,Cessnock (C),2004,12.084472049689444,1.1012422360248448,22.378855384892546
New South Wales,Eurobodalla (A),2004,1.2006544502617802,0.0,19.758163186375832
New South Wales,Gloucester (A),2004,8.437056614271802,0.4445680901377102,21.609125998756642
New South Wales,Great Lakes (A),2004,8.856877323420075,1.33503717472119,22.36616851102422
New South Wales,Greater Taree (C),2004,9.544126597687152,1.3157638466220325,22.683883746476006
New South Wales,Guyra (A),2004,0.43015584663925793,0.0,19.138463451036504
New South Wales,Hawkesbury (C),2004,15.568604480890325,1.3045833943476353,22.512907041214923
New South Wales,Inverell (A),2004,6.885226545973336,0.06365917252914843,22.87809373821772
New South Wales,Kempsey (A),2004,5.803289831430126,0.9030723219140838,22.642250621771435
New South Wales,Muswellbrook (A),2004,15.403085824493735,0.937801350048216,22.105433142056146
New South Wales,Nambucca (A),2004,5.184518451845186,0.8595859585958594,22.63975250130116
New South Wales,Narrabri (A),2004,23.224350732836214,3.2109154024170734,24.603541197754446
New South Wales,Port Macquarie-Hastings (A),2004,5.432160804020099,0.48555276381909546,22.2274308157592
New South Wales,Shoalhaven (C),2004,1.7805439330543924,0.0,20.03329347490157
New South Wales,Singleton (A),2004,15.179667251902012,1.2633559066967646,22.565548954619143
New South Wales,Snowy River (A),2004,0.0,0.0,15.791488998277913
New South Wales,Tenterfield (A),2004,2.564142732811139,0.016420075427908326,21.797746798529616
New South Wales,Tumbarumba (A),2004,0.7771680460597333,0.0,15.4249289470293
New South Wales,Walcha (A),2004,0.9701809025246836,0.0,19.158275461467912
New South Wales,Wingecarribee (A),2004,2.8107260233044515,0.0,19.523448434949827
New South Wales,Wollondilly (A),2004,6.164930555555555,0.009785353535353536,20.744807688393887
Queensland,Banana (S),2004,23.68469188557724,0.03200270531995019,27.395430614043217
Queensland,Brisbane (C),2004,6.428405122235156,0.8665114474194799,24.955007616452807
Queensland,Bundaberg (R),2004,11.41242305540011,0.0,26.422870256260524
Queensland,Central Highlands (R),2004,36.46144128836844,0.38282421600856936,28.366466633903883
Queensland,Fraser Coast (R),2004,9.834780071485886,0.0,25.86028075311412
Queensland,Gladstone (R),2004,6.55901719033099,0.0,26.424493990328795
Queensland,Goondiwindi (R),2004,23.610062197038452,2.7670599172181767,25.636932038959838
Queensland,Gympie (R),2004,10.574228629236211,0.0,25.254418119259224
Queensland,Isaac (R),2004,42.552773178807946,0.5005978660779985,29.169522573053907
Queensland,Lockyer Valley (R),2004,10.815824093215564,0.1802292802104868,24.798621758627824
Queensland,Mackay (R),2004,3.1200231184176723,0.0,26.329588623047854
Queensland,Maranoa (R),2004,32.258469981632686,1.4386834554131909,26.672465879901143
Queensland,North Burnett (R),2004,17.230912973838773,0.0,26.521238487792427
Queensland,Rockhampton (R),2004,11.29564043310051,0.005816217900449199,27.39396379707368
Queensland,Scenic Rim (R),2004,8.694870759289175,0.33360258481421656,24.493483728198036
Queensland,Somerset (R),2004,13.630632809351066,0.524788391777509,25.23895085086545
Queensland,South Burnett (R),2004,8.424591094370777,0.0,25.03476914975271
Queensland,Southern Downs (R),2004,1.7897852999222532,0.0,22.300553577123015
Queensland,Toowoomba (R),2004,6.874589102500247,0.0,24.41109524601331
Queensland,Western Downs (R),2004,21.073346602217807,0.4786010804663065,26.094181705632913
Queensland,Whitsunday (R),2004,25.80474173432169,0.251500176491352,29.029846638570508
New South Wales,Wentworth (A),2005,35.14809732330086,6.850360799309239,24.466536787822
Queensland,Cairns (R),2005,0.17874263799479523,0.0,25.657605388840988
Queensland,Cassowary Coast (R),2005,1.812668938770713,0.0,26.11175833682457
Queensland,Charters Towers (R),2005,48.578177690448996,0.8570271633785612,29.42521419731678
Queensland,Cook (S),2005,42.53316391015458,0.14107865087389856,31.02105378635668
Queensland,Hinchinbrook (S),2005,5.2195850914205355,0.0,26.799527087975164
Queensland,Tablelands (R),2005,68.85055109684322,3.125899768146958,30.628398173390565
Queensland,Townsville (C),2005,8.805839038883864,0.1547603668776644,28.21778028032137
Queensland,Etheridge (S),2005,84.89633218641013,3.8595370175315398,31.32569557627036
New South Wales,Armidale Dumaresq (A),2005,0.11935707907530507,0.0,19.846429721928786
New South Wales,Clarence Valley (A),2005,7.176915640368206,0.11790172754402924,23.502065495601897
New South Wales,Cooma-Monaro (A),2005,0.3285508236544446,0.0,16.95988042906336
New South Wales,Glen Innes Severn (A),2005,0.09806926141587495,0.0,20.22804560841144
New South Wales,Lithgow (C),2005,2.7223770565494916,0.0,19.25190950431576
New South Wales,Mid-Western Regional (A),2005,4.197055386772611,0.0,20.58256810142539
New South Wales,Oberon (A),2005,0.7303232998885173,0.0,17.675703106311314
New South Wales,Palerang (A),2005,1.3804389680400457,0.0,18.283587557230845
New South Wales,Richmond Valley (A),2005,15.369536617453585,0.07455050431223503,25.236256757934378
New South Wales,Tumut Shire (A),2005,0.4507637870026753,0.0,16.706072503210642
New South Wales,Upper Hunter Shire (A),2005,7.426369168356996,0.0,21.498203775596227
New South Wales,Warrumbungle Shire (A),2005,11.615539048383864,0.11627517901358497,22.768134374424548
New South Wales,Bega Valley (A),2005,1.1705128205128204,0.0,19.053012979029052
New South Wales,Blue Mountains (C),2005,4.676072234762981,0.053611738148984206,20.544591588061905
New South Wales,Bombala (A),2005,0.9252262888626525,0.0,17.496371305898954
New South Wales,Cabonne (A),2005,6.5836351441985235,0.0630449362843729,20.822258674546813
New South Wales,Cessnock (C),2005,9.494824016563147,0.3163561076604554,22.50065641701537
New South Wales,Eurobodalla (A),2005,1.2302356020942407,0.0,19.777631064352555
New South Wales,Gloucester (A),2005,5.474892196411185,0.0006955070246209486,21.619072209060178
New South Wales,Great Lakes (A),2005,5.208643122676582,0.3952912019826519,22.396036766985905
New South Wales,Greater Taree (C),2005,6.231649421789408,0.4632988435788191,22.588432250769973
New South Wales,Guyra (A),2005,0.16148771393058606,0.0,19.28980111902099
New South Wales,Hawkesbury (C),2005,12.34148484404745,0.6588080246009665,22.47959491189494
New South Wales,Inverell (A),2005,5.456732424853643,0.0053131303192797755,23.29282470093998
New South Wales,Kempsey (A),2005,1.7438825448613378,0.0,22.482158590941065
New South Wales,Muswellbrook (A),2005,11.74493731918997,0.002651880424300868,22.323698544630464
New South Wales,Nambucca (A),2005,1.6003600360036003,0.0,22.45520024705126
New South Wales,Narrabri (A),2005,25.82942273077912,1.3297762921059402,25.07222956910151
New South Wales,Port Macquarie-Hastings (A),2005,1.5815326633165832,0.0,22.076858028995634
New South Wales,Shoalhaven (C),2005,2.041108786610878,0.0,20.28007421095926
New South Wales,Singleton (A),2005,13.336008694925177,0.3589164785553048,22.74596651780101
New South Wales,Snowy River (A),2005,0.25987162030733313,0.0,16.105788290921776
New South Wales,Tenterfield (A),2005,1.2695097185958806,0.0,21.99356156832243
New South Wales,Tumbarumba (A),2005,0.400953580424613,0.0,15.775531286139522
New South Wales,Walcha (A),2005,0.09668014048108144,0.0,19.174598302136218
New South Wales,Wingecarribee (A),2005,2.714669853600239,0.0,19.632246334113848
New South Wales,Wollondilly (A),2005,5.220959595959598,0.019570707070707072,20.798094007077204
Queensland,Banana (S),2005,27.87521711729713,0.4106245292589574,27.578438100507405
Queensland,Brisbane (C),2005,3.843616608459449,0.0,24.87431522325404
Queensland,Bundaberg (R),2005,8.82771404588696,0.0,26.327520143547954
Queensland,Central Highlands (R),2005,43.677701030547034,0.637557714327928,28.341173757635342
Queensland,Fraser Coast (R),2005,6.0367641695236705,0.0,25.710092609674774
Queensland,Gladstone (R),2005,5.876353351893587,0.0,26.474864736079805
Queensland,Goondiwindi (R),2005,30.359127028043996,1.8625467584497217,26.243128660371827
Queensland,Gympie (R),2005,5.5338897319170455,0.0,25.16603522532695
Queensland,Isaac (R),2005,56.603668444934996,1.3792310522442968,29.15203349845889
Queensland,Lockyer Valley (R),2005,9.261229092275887,0.0,24.965595674179774
Queensland,Mackay (R),2005,4.114500385306961,0.0,26.33105103613236
Queensland,Maranoa (R),2005,47.57963221137889,2.789285002987452,27.31615035695508
Queensland,North Burnett (R),2005,15.90928101085604,0.0,26.57614267372018
Queensland,Rockhampton (R),2005,19.19972476826006,0.3816373692000104,27.552686911834957
Queensland,Scenic Rim (R),2005,7.3778271405492735,0.0,24.5663104105664
Queensland,Somerset (R),2005,11.7931479242241,0.0,25.261934045697902
Queensland,South Burnett (R),2005,6.596150869408183,0.0,25.272381664408137
Queensland,Southern Downs (R),2005,1.0458106572573413,0.0,22.723753756200306
Queensland,Toowoomba (R),2005,9.57834445661918,0.0,24.981538242398923
Queensland,Western Downs (R),2005,29.802024452658518,0.6309354563548477,26.695060552483575
Queensland,Whitsunday (R),2005,38.39118327646392,0.36798446876103086,29.02860845579259
New South Wales,Wentworth (A),2006,47.158520414456675,9.714398051066985,24.592984953377737
Queensland,Cairns (R),2006,0.06492261334063826,0.0,24.74360486939153
Queensland,Cassowary Coast (R),2006,0.6038312375132212,0.0,24.959027123599675
Queensland,Charters Towers (R),2006,30.053649664108747,1.67918403653647,28.072119146476844
Queensland,Cook (S),2006,28.175348476094193,0.04719323270258559,29.816209889779532
Queensland,Hinchinbrook (S),2006,2.0692686357243324,0.0,25.247673287320115
Queensland,Tablelands (R),2006,41.5837916889602,0.3871375066880684,28.90255871402286
Queensland,Townsville (C),2006,2.68130732463506,0.0,26.641203883304975
Queensland,Etheridge (S),2006,48.096961823841944,0.7552957423401911,29.6154859415148
New South Wales,Armidale Dumaresq (A),2006,0.28385752554816945,0.0,19.53528780821676
New South Wales,Clarence Valley (A),2006,2.4795510907486014,0.14879576310369466,22.70754520954223
New South Wales,Cooma-Monaro (A),2006,0.20959538449859547,0.0,17.148719773629377
New South Wales,Glen Innes Severn (A),2006,0.15292675452038001,0.0,19.85829261054736
New South Wales,Lithgow (C),2006,1.8494111300908023,0.0005394228175851838,19.35922970972004
New South Wales,Mid-Western Regional (A),2006,4.0363168964711384,0.0,21.020968041666528
New South Wales,Oberon (A),2006,0.447603121516165,0.0,17.986038987960537
New South Wales,Palerang (A),2006,1.1307662687716593,0.0023873700423565638,18.617714590383653
New South Wales,Richmond Valley (A),2006,4.4177751790673865,1.062417775179067,24.262321528220536
New South Wales,Tumut Shire (A),2006,0.573142314662984,0.0,17.483217040724995
New South Wales,Upper Hunter Shire (A),2006,6.083772819472618,0.0026876267748478706,21.629598397395377
New South Wales,Warrumbungle Shire (A),2006,13.047413504651013,0.32480091012514223,23.165301837429784
New South Wales,Bega Valley (A),2006,1.9508547008547013,0.14515669515669516,18.911272967169275
New South Wales,Blue Mountains (C),2006,4.28273137697517,0.2604401805869075,20.585421649125212
New South Wales,Bombala (A),2006,1.0780204643841003,0.0,17.407769749087777
New South Wales,Cabonne (A),2006,6.327297116029509,0.09644533869885982,21.58544864011242
New South Wales,Cessnock (C),2006,11.318426501035194,1.0010351966873705,22.459234417066313
New South Wales,Eurobodalla (A),2006,2.357198952879582,0.4941099476439792,19.94778344113389
New South Wales,Gloucester (A),2006,3.5031297816107947,0.030463207678397546,21.400042222514443
New South Wales,Great Lakes (A),2006,3.30824039653036,0.11710037174721193,22.126762889011157
New South Wales,Greater Taree (C),2006,3.8108338405356053,0.12842361533779667,22.32778328450081
New South Wales,Guyra (A),2006,0.18682474423941098,0.0,19.034940741159975
New South Wales,Hawkesbury (C),2006,13.039537267535511,0.8636696441645922,22.49369856025934
New South Wales,Inverell (A),2006,6.010970630196291,0.04580115117823585,23.301292941764544
New South Wales,Kempsey (A),2006,1.8890701468189235,0.0,21.987263998793907
New South Wales,Muswellbrook (A),2006,12.049541947926715,0.3226856316297011,22.46971515903901
New South Wales,Nambucca (A),2006,1.3642364236423643,0.0,21.908763185955817
New South Wales,Narrabri (A),2006,28.1139110311134,2.25478914888146,25.356923763152487
New South Wales,Port Macquarie-Hastings (A),2006,1.6570351758793969,0.0,21.682372727235585
New South Wales,Shoalhaven (C),2006,3.0180962343096227,0.6645397489539747,20.40543670818718
New South Wales,Singleton (A),2006,13.480979851183013,0.8363849176490262,22.700099512225485
New South Wales,Snowy River (A),2006,0.00570576411852428,0.0,16.38509600008636
New South Wales,Tenterfield (A),2006,1.282216420075428,0.007774876704380621,21.457104769298116
New South Wales,Tumbarumba (A),2006,0.3962756387189635,0.0,16.505027489437314
New South Wales,Walcha (A),2006,0.19746868994765096,0.0,18.994281052323757
New South Wales,Wingecarribee (A),2006,2.523603226770242,0.036450552733791455,19.81198364374848
New South Wales,Wollondilly (A),2006,4.300031565656567,0.39898989898989906,20.90726917079993
Queensland,Banana (S),2006,31.0421322839971,0.7773183515993666,27.57934712750733
Queensland,Brisbane (C),2006,1.8529297632906483,0.0,24.101230838063966
Queensland,Bundaberg (R),2006,4.0464465584778955,0.0,25.963714852392187
Queensland,Central Highlands (R),2006,39.38934732020834,2.067018801019464,28.063177877485245
Queensland,Fraser Coast (R),2006,3.4672842658107808,0.0,25.360937680249926
Queensland,Gladstone (R),2006,2.485969331388925,0.0,26.086235888303168
Queensland,Goondiwindi (R),2006,28.988888642953583,2.956904756634719,26.31693312348943
Queensland,Gympie (R),2006,3.774215983813858,0.0,24.735389804958402
Queensland,Isaac (R),2006,40.99740158204562,2.312339036055923,28.266676156528025
Queensland,Lockyer Valley (R),2006,6.510054501033642,0.0,24.435850486825423
Queensland,Mackay (R),2006,1.4740559979450294,0.0,25.227454012680223
Queensland,Maranoa (R),2006,45.20908480677452,4.602086053390574,27.116127055336786
Queensland,North Burnett (R),2006,10.74724150204663,0.0,26.374648409595874
Queensland,Rockhampton (R),2006,12.375172019837457,0.18671617375950977,26.901354159659668
Queensland,Scenic Rim (R),2006,3.516659935379645,0.0,23.736199305458396
Queensland,Somerset (R),2006,5.741152760983475,0.0,24.678709117067584
Queensland,South Burnett (R),2006,6.242711934368714,0.0,25.08138659700783
Queensland,Southern Downs (R),2006,3.154356796842294,0.0,22.373018910943586
Queensland,Toowoomba (R),2006,8.506657369591924,0.0,24.785133228065583
Queensland,Western Downs (R),2006,26.26502132499287,1.569269263576912,26.774448402723078
Queensland,Whitsunday (R),2006,27.03431776287407,0.8671412323018395,28.100988439133683
New South Wales,Wentworth (A),2007,40.9984118662884,6.611431478968793,24.7279886793186
Queensland,Cairns (R),2007,0.5285577318175592,0.0,25.12914490329795
Queensland,Cassowary Coast (R),2007,0.8777764719708543,0.0,25.335332930882263
Queensland,Charters Towers (R),2007,15.202935397360662,0.0,27.702770755598472
Queensland,Cook (S),2007,40.85008757041741,0.03224758052867254,30.521398279096775
Queensland,Hinchinbrook (S),2007,1.9149085794655414,0.0,25.65354922168407
Queensland,Tablelands (R),2007,48.56977349741392,0.0,29.527313010816073
Queensland,Townsville (C),2007,1.7448650045213798,0.0,26.824046644944865
Queensland,Etheridge (S),2007,44.605622264354075,0.014921704936451088,29.76696517571539
New South Wales,Armidale Dumaresq (A),2007,0.0,0.0,19.23329861326417
New South Wales,Clarence Valley (A),2007,0.8913034340717078,0.0,22.84677630722533
New South Wales,Cooma-Monaro (A),2007,0.027632278144689888,0.0,16.603134792784708
New South Wales,Glen Innes Severn (A),2007,0.003524364082133006,0.0,19.497364184962322
New South Wales,Lithgow (C),2007,0.9341005124516767,0.0,18.723244240232308
New South Wales,Mid-Western Regional (A),2007,1.72320635662538,0.0,20.205524010810038
New South Wales,Oberon (A),2007,0.31103678929765877,0.0,17.311591947866685
New South Wales,Palerang (A),2007,0.5584135541008853,0.0,18.125635475303863
New South Wales,Richmond Valley (A),2007,1.9478146469814352,0.0,24.539700605550042
New South Wales,Tumut Shire (A),2007,0.6836109432985239,0.0,16.98649309492015
New South Wales,Upper Hunter Shire (A),2007,2.4682555780933066,0.0026876267748478706,21.113941704154037
New South Wales,Warrumbungle Shire (A),2007,6.465703004751391,0.0,22.382856012733775
New South Wales,Bega Valley (A),2007,0.18774928774928773,0.0,18.98233726142076
New South Wales,Blue Mountains (C),2007,0.8611738148984199,0.0,19.99773288968509
New South Wales,Bombala (A),2007,0.35753640299094824,0.0,17.19506941485829
New South Wales,Cabonne (A),2007,3.5745137491616354,0.0630449362843729,20.63730068672888
New South Wales,Cessnock (C),2007,3.089855072463768,0.0,22.03229705621864
New South Wales,Eurobodalla (A),2007,0.21269633507853405,0.0,19.758078138221094
New South Wales,Gloucester (A),2007,0.9916539157045483,0.0,21.14017956438368
New South Wales,Great Lakes (A),2007,1.2684324659231725,0.0,22.04393239399545
New South Wales,Greater Taree (C),2007,1.411442483262325,0.0,22.271968500847887
New South Wales,Guyra (A),2007,0.0,0.0,18.596244148927003
New South Wales,Hawkesbury (C),2007,4.241323766290819,0.07248499048176893,21.911320380894526
New South Wales,Inverell (A),2007,3.3129827323264633,0.0,22.90285146003431
New South Wales,Kempsey (A),2007,0.6294181620445894,0.0,22.036950268517018
New South Wales,Muswellbrook (A),2007,4.283751205400193,0.1828592092574735,21.8717678110533
New South Wales,Nambucca (A),2007,0.9156915691569156,0.0,22.039896641378323
New South Wales,Narrabri (A),2007,20.08633324762151,0.0983543327333505,24.920062179954332
New South Wales,Port Macquarie-Hastings (A),2007,0.7275125628140704,0.0,21.725575219726377
New South Wales,Shoalhaven (C),2007,1.039644351464435,0.0,20.099954907720186
New South Wales,Singleton (A),2007,4.726862302483071,0.16704288939051923,22.204104711470563
New South Wales,Snowy River (A),2007,0.0,0.0,15.803211317203782
New South Wales,Tenterfield (A),2007,0.11697127937336814,0.0,21.327666218917873
New South Wales,Tumbarumba (A),2007,0.3706369197553075,0.0,16.03203266774127
New South Wales,Walcha (A),2007,0.00026505864422503485,0.0,18.659645594584447
New South Wales,Wingecarribee (A),2007,1.374663878099791,0.0,19.275806680182676
New South Wales,Wollondilly (A),2007,1.2035984848484849,0.0,20.371772090564303
Queensland,Banana (S),2007,10.805570499715628,0.07545690701999781,26.56837043142264
Queensland,Brisbane (C),2007,0.6561893674815676,0.0,24.29775665612681
Queensland,Bundaberg (R),2007,2.3379266927811977,0.0,25.679721385633194
Queensland,Central Highlands (R),2007,14.15668008717172,0.09305950578066707,27.03110266919815
Queensland,Fraser Coast (R),2007,1.6062440732365602,0.0,25.246834776905807
Queensland,Gladstone (R),2007,2.370939944319236,0.0,25.705928655889995
Queensland,Goondiwindi (R),2007,22.097279709599594,0.0,25.865999147940308
Queensland,Gympie (R),2007,1.9556777946383401,0.0,24.568040270130073
Queensland,Isaac (R),2007,17.014885332352208,0.0,27.28979407739255
Queensland,Lockyer Valley (R),2007,1.626386017665853,0.0,24.226288291782947
Queensland,Mackay (R),2007,0.4572309273054199,0.0,24.94899419536334
Queensland,Maranoa (R),2007,25.077961450795545,0.0,26.335064847171775
Queensland,North Burnett (R),2007,3.957532479088807,0.0,25.73750722811048
Queensland,Rockhampton (R),2007,5.0371303196323325,0.022148365486978423,26.272158556743292
Queensland,Scenic Rim (R),2007,0.9551696284329564,0.0,23.795357716141847
Queensland,Somerset (R),2007,2.359854897218863,0.0,24.5013584514214
Queensland,South Burnett (R),2007,2.0797172488519684,0.0,24.511346355465946
Queensland,Southern Downs (R),2007,0.5050535255068478,0.0,22.134376310580322
Queensland,Toowoomba (R),2007,3.834810904140517,0.0,24.269916526837616
Queensland,Western Downs (R),2007,16.668990617003125,0.0,25.999207347442457
Queensland,Whitsunday (R),2007,8.310154135780678,0.0,27.379041712185714
New South Wales,Wentworth (A),2008,37.36547119773037,2.513923152830888,24.014990770708128
Queensland,Cairns (R),2008,0.5606081358717983,0.0,25.136097010792305
Queensland,Cassowary Coast (R),2008,1.6636502526736392,0.0,25.349791114629358
Queensland,Charters Towers (R),2008,14.738442951594493,0.0,27.297022041197867
Queensland,Cook (S),2008,27.02944442438248,0.005064639607106746,30.277492959396493
Queensland,Hinchinbrook (S),2008,2.89310829817159,0.0,25.691105752207775
Queensland,Tablelands (R),2008,38.28495095416443,0.19641876226145882,29.1166601775461
Queensland,Townsville (C),2008,2.827024932179305,0.0,26.843502834684642
Queensland,Etheridge (S),2008,39.45369004985606,0.4244201015846263,29.552720706533634
New South Wales,Armidale Dumaresq (A),2008,0.0,0.0,18.32395602461523
New South Wales,Clarence Valley (A),2008,0.7826068681434155,0.0,22.12644838069873
New South Wales,Cooma-Monaro (A),2008,0.0,0.0,15.994752938983009
New South Wales,Glen Innes Severn (A),2008,0.0,0.0,18.88781837057118
New South Wales,Lithgow (C),2008,0.0,0.0,17.731917489654773
New South Wales,Mid-Western Regional (A),2008,0.0,0.0,19.017006583415736
New South Wales,Oberon (A),2008,0.0,0.0,16.33763988982498
New South Wales,Palerang (A),2008,0.0,0.0,17.384443519585375
New South Wales,Richmond Valley (A),2008,2.6364566583832763,0.0,23.691112978925847
New South Wales,Tumut Shire (A),2008,0.008026236299300936,0.0,16.008704784522052
New South Wales,Upper Hunter Shire (A),2008,0.0,0.0,19.739781839935667
New South Wales,Warrumbungle Shire (A),2008,0.37218095429298004,0.0,21.112948817375532
New South Wales,Bega Valley (A),2008,0.004558404558404559,0.0,18.491075588019843
New South Wales,Blue Mountains (C),2008,0.10722347629796841,0.0,19.259777559385515
New South Wales,Bombala (A),2008,0.01898858717040534,0.0,16.684396443791037
New South Wales,Cabonne (A),2008,0.48772635814889337,0.0,19.594664494687144
New South Wales,Cessnock (C),2008,0.2082815734989648,0.0,20.886750110472207
New South Wales,Eurobodalla (A),2008,0.0,0.0,19.1767445020245
New South Wales,Gloucester (A),2008,0.0,0.0,19.939688744850216
New South Wales,Great Lakes (A),2008,0.0,0.0,20.917932801652817
New South Wales,Greater Taree (C),2008,0.06208155812538038,0.0,21.045626590507347
New South Wales,Guyra (A),2008,0.0,0.0,17.84119662690985
New South Wales,Hawkesbury (C),2008,0.2476204422316591,0.0,20.982132333824687
New South Wales,Inverell (A),2008,0.0002951739066266542,0.0,22.035816502883204
New South Wales,Kempsey (A),2008,0.0,0.0,21.250439219795513
New South Wales,Muswellbrook (A),2008,0.1398264223722276,0.0,20.544456562011288
New South Wales,Nambucca (A),2008,0.0,0.0,21.28220096740922
New South Wales,Narrabri (A),2008,1.8617253792748778,0.0,23.735859889088292
New South Wales,Port Macquarie-Hastings (A),2008,0.0,0.0,20.773284337338417
New South Wales,Shoalhaven (C),2008,0.0,0.0,19.401626755002532
New South Wales,Singleton (A),2008,0.29663071649527634,0.0,20.926694251345836
New South Wales,Snowy River (A),2008,0.0,0.0,15.217115277871535
New South Wales,Tenterfield (A),2008,0.10983463881636205,0.0,20.594527918381253
New South Wales,Tumbarumba (A),2008,0.0,0.0,15.121928471254655
New South Wales,Walcha (A),2008,0.0,0.0,17.634060317542435
New South Wales,Wingecarribee (A),2008,0.0,0.0,18.478601114134452
New South Wales,Wollondilly (A),2008,0.009785353535353536,0.0,19.67431478902931
Queensland,Banana (S),2008,7.832347018768154,0.0,25.832801293236475
Queensland,Brisbane (C),2008,2.5064027939464495,0.0,23.78525556063394
Queensland,Bundaberg (R),2008,4.831281477336314,0.0,25.319873911803246
Queensland,Central Highlands (R),2008,14.73428877479407,0.0,26.477354027619278
Queensland,Fraser Coast (R),2008,5.021810489459479,0.13064410241447225,24.751763413933226
Queensland,Gladstone (R),2008,2.1332361129524062,0.0,25.35522003794999
Queensland,Goondiwindi (R),2008,6.265189579229285,0.0,24.691439267574243
Queensland,Gympie (R),2008,4.682852807283761,0.031866464339908945,24.008637103405867
Queensland,Isaac (R),2008,18.837602710326227,0.0,27.104185848476874
Queensland,Lockyer Valley (R),2008,1.7663972937417785,0.0,23.604837522388305
Queensland,Mackay (R),2008,0.43963524274338545,0.0,25.24738897643243
Queensland,Maranoa (R),2008,14.350926110336578,0.1421806191772334,25.267456461503155
Queensland,North Burnett (R),2008,6.291577682861723,0.0,25.106989518514
Queensland,Rockhampton (R),2008,4.948225274582609,0.0,26.07731037870916
Queensland,Scenic Rim (R),2008,1.899737479806139,0.0,23.115289011749798
Queensland,Somerset (R),2008,3.8438532849657383,0.0,23.870816372200036
Queensland,South Burnett (R),2008,1.9925700428254485,0.0,23.79553680298559
Queensland,Southern Downs (R),2008,0.0007774654625919504,0.0,21.366154227833785
Queensland,Toowoomba (R),2008,0.609556064681077,0.0,23.545579218889493
Queensland,Western Downs (R),2008,7.136025021324994,0.0,24.97075115958434
Queensland,Whitsunday (R),2008,14.645291602933687,0.0,27.485440011645025
New South Wales,Wentworth (A),2009,51.71043542617491,21.35162513876898,24.944129967790634
Queensland,Cairns (R),2009,0.08533077660594439,0.0,25.695297403815466
Queensland,Cassowary Coast (R),2009,0.05112234105065225,0.0,26.03511916673341
Queensland,Charters Towers (R),2009,16.966132072966737,0.0,28.129552947118665
Queensland,Cook (S),2009,35.455366170735246,0.0909333020366893,30.96418748172761
Queensland,Hinchinbrook (S),2009,1.222398030942335,0.0,26.488909216625185
Queensland,Tablelands (R),2009,44.356076333155,0.40964508649901904,30.014364197107056
Queensland,Townsville (C),2009,2.28084226844077,0.0,27.42519228970483
Queensland,Etheridge (S),2009,37.72800365142897,0.44597757648105246,29.927258826948336
New South Wales,Armidale Dumaresq (A),2009,0.5066970929655719,0.0,19.72086749783299
New South Wales,Clarence Valley (A),2009,7.17090496406204,0.06431003320583413,23.156589732887372
New South Wales,Cooma-Monaro (A),2009,1.907082669095877,0.0,17.191305244473824
New South Wales,Glen Innes Severn (A),2009,0.42246399019307385,0.0,20.08274327509956
New South Wales,Lithgow (C),2009,4.602535287242651,0.0,19.080331176713937
New South Wales,Mid-Western Regional (A),2009,7.326618368777753,0.02411778452909558,20.521902951405913
New South Wales,Oberon (A),2009,1.7546265328874022,0.0,17.555610995702885
New South Wales,Palerang (A),2009,4.400385059684249,0.0023873700423565638,18.5200955520968
New South Wales,Richmond Valley (A),2009,15.716123373775757,0.7751790673878087,24.885205407516583
New South Wales,Tumut Shire (A),2009,3.1679468369724675,0.03201864158108223,17.075257612933726
New South Wales,Upper Hunter Shire (A),2009,9.1592799188641,0.03123732251521298,21.448129963942016
New South Wales,Warrumbungle Shire (A),2009,15.766680050859936,0.7139797898681658,22.80796127125814
New South Wales,Bega Valley (A),2009,4.7720797720797705,0.0846866096866097,19.624340231086723
New South Wales,Blue Mountains (C),2009,10.416196388261856,0.3676636568848759,20.459533692786398
New South Wales,Bombala (A),2009,5.024990161353795,0.06149153876426601,17.89335276124577
New South Wales,Cabonne (A),2009,16.243460764587528,0.5028839704896042,21.068766210123965
New South Wales,Cessnock (C),2009,14.524844720496898,1.3991718426501034,22.44750366872201
New South Wales,Eurobodalla (A),2009,5.552748691099477,0.053403141361256554,20.30278700060239
New South Wales,Gloucester (A),2009,5.585477813325914,0.0,21.453203612672315
New South Wales,Great Lakes (A),2009,5.246282527881043,0.19609665427509299,22.277292222778087
New South Wales,Greater Taree (C),2009,4.847474132684113,0.06208155812538038,22.356805600515003
New South Wales,Guyra (A),2009,0.06826656468113583,0.0,19.225687745989188
New South Wales,Hawkesbury (C),2009,19.373553961048472,1.419241470200615,22.434696644065898
New South Wales,Inverell (A),2009,9.67476755054853,0.06385595513356619,23.560956747402816
New South Wales,Kempsey (A),2009,2.618814573137576,0.0,22.294073598654673
New South Wales,Muswellbrook (A),2009,13.831002892960463,0.503254580520733,22.148202723582262
New South Wales,Nambucca (A),2009,1.1929192919291929,0.0,22.316777699293624
New South Wales,Narrabri (A),2009,31.555701979943443,2.3442723065055286,25.254155079899586
New South Wales,Port Macquarie-Hastings (A),2009,1.9961055276381914,0.0,21.903771148942152
New South Wales,Shoalhaven (C),2009,7.789748953974892,0.04330543933054392,20.579217254206654
New South Wales,Singleton (A),2009,16.941560070228242,1.1402056684223727,22.567995208343525
New South Wales,Snowy River (A),2009,2.332555274589897,0.0,16.377007374588924
New South Wales,Tenterfield (A),2009,2.5687264287786475,0.0,21.767714592653782
New South Wales,Tumbarumba (A),2009,2.9338790931989913,0.0,16.18316536189083
New South Wales,Walcha (A),2009,0.40487707905374065,0.0,19.06986274615117
New South Wales,Wingecarribee (A),2009,7.8141619360621455,0.02913056468479235,19.696640374955003
New South Wales,Wollondilly (A),2009,11.64867424242425,0.23027146464646467,20.82559906933276
Queensland,Banana (S),2009,20.69477535084618,0.012312280000614842,27.55277440156205
Queensland,Brisbane (C),2009,4.469926270857587,0.0,24.85011334272416
Queensland,Bundaberg (R),2009,3.113668158925573,0.0,26.16796157170423
Queensland,Central Highlands (R),2009,23.40249695268348,0.04747165072212166,28.214216069613567
Queensland,Fraser Coast (R),2009,4.717484863957984,0.0,25.718570371205463
Queensland,Gladstone (R),2009,0.8218215564099164,0.0,26.296924782575108
Queensland,Goondiwindi (R),2009,30.70895770158701,3.93120697669271,26.349182596610564
Queensland,Gympie (R),2009,7.687278705108748,0.0,25.215525809592606
Queensland,Isaac (R),2009,22.02437454010301,0.030583149374540097,28.365900523823264
Queensland,Lockyer Valley (R),2009,12.148468333020114,0.0,24.803067558713984
Queensland,Mackay (R),2009,1.1805163113280248,0.0,25.795789927938372
Queensland,Maranoa (R),2009,34.66837799759528,3.504488555474415,27.214398187820436
Queensland,North Burnett (R),2009,13.948611852642827,0.0,26.513163504398634
Queensland,Rockhampton (R),2009,7.387894996494688,0.0,27.205445688667403
Queensland,Scenic Rim (R),2009,7.205775444264944,0.0,24.25803806826989
Queensland,Somerset (R),2009,14.056912535268035,0.04111245465538089,25.204054585437422
Queensland,South Burnett (R),2009,9.199834889840567,0.0,25.272796922268526
Queensland,Southern Downs (R),2009,2.54835237126966,0.0,22.62655472741852
Queensland,Toowoomba (R),2009,13.043596639771552,0.004316498987282929,24.98355926742194
Queensland,Western Downs (R),2009,25.935331248222898,0.682900199033267,26.70841979045619
Queensland,Whitsunday (R),2009,14.78642585402205,0.0,28.137260265544747
New South Wales,Wentworth (A),2010,27.251773158998407,6.255242383125697,22.976173020228458
Queensland,Cairns (R),2010,0.0,0.0,25.555842935905307
Queensland,Cassowary Coast (R),2010,0.06416735221530143,0.0,25.68830298756621
Queensland,Charters Towers (R),2010,4.289663046653035,0.05027083720559729,27.026271538710322
Queensland,Cook (S),2010,14.120386754297268,0.0,30.468540441312516
Queensland,Hinchinbrook (S),2010,0.654184247538678,0.0,25.73549513059361
Queensland,Tablelands (R),2010,31.310362047440695,0.0,29.70887707676165
Queensland,Townsville (C),2010,0.3725616845368816,0.0,26.70333786049222
Queensland,Etheridge (S),2010,22.292348383774538,0.0,29.60747680180434
New South Wales,Armidale Dumaresq (A),2010,0.05198928465125508,0.0,18.40241751232029
New South Wales,Clarence Valley (A),2010,1.9054684544575675,0.0,21.880885959698258
New South Wales,Cooma-Monaro (A),2010,0.04311849996204356,0.0,16.15115979159677
New South Wales,Glen Innes Severn (A),2010,0.07140668096843394,0.0,18.51699723522408
New South Wales,Lithgow (C),2010,0.525307920525038,0.0,17.99385444597791
New South Wales,Mid-Western Regional (A),2010,0.7959336293526523,0.0,19.0603485924899
New South Wales,Oberon (A),2010,0.1334448160535117,0.0,16.60027670438297
New South Wales,Palerang (A),2010,0.5278398151713513,0.0,17.537400070374673
New South Wales,Richmond Valley (A),2010,3.774448180090629,0.0,23.490961398341213
New South Wales,Tumut Shire (A),2010,0.7551566410632602,0.0,15.926782989499255
New South Wales,Upper Hunter Shire (A),2010,2.992545638945234,0.0,20.08510185221562
New South Wales,Warrumbungle Shire (A),2010,2.7002944522518915,0.0,20.830601346055435
New South Wales,Bega Valley (A),2010,2.062464387464388,0.007763532763532765,18.726959918097023
New South Wales,Blue Mountains (C),2010,2.397855530474041,0.032167042889390526,19.493668053027008
New South Wales,Bombala (A),2010,0.6299685163321525,0.0,16.824920891721906
New South Wales,Cabonne (A),2010,4.435949027498324,0.0,19.22642845935445
New South Wales,Cessnock (C),2010,4.149482401656313,0.0,21.48075031494412
New South Wales,Eurobodalla (A),2010,2.1117801047120417,0.0,19.41663191053848
New South Wales,Gloucester (A),2010,1.9041591320072333,0.0,20.326275278833744
New South Wales,Great Lakes (A),2010,1.8404584882280055,0.0,21.49871012742775
New South Wales,Greater Taree (C),2010,1.9106512477175892,0.0,21.492966725375663
New South Wales,Guyra (A),2010,0.0,0.0,17.772562788045903
New South Wales,Hawkesbury (C),2010,4.716356714013765,0.0,21.31809019779965
New South Wales,Inverell (A),2010,3.621636247355734,0.0,21.46815257006996
New South Wales,Kempsey (A),2010,0.9666938553561719,0.0,21.570876204583833
New South Wales,Muswellbrook (A),2010,5.816055930568949,0.0,20.890325096136344
New South Wales,Nambucca (A),2010,0.45094509450945097,0.0,21.595732281429118
New South Wales,Narrabri (A),2010,7.400006428387762,0.0,22.936455302179244
New South Wales,Port Macquarie-Hastings (A),2010,0.8079145728643217,0.0,21.193661754968193
New South Wales,Shoalhaven (C),2010,2.5653765690376567,0.0,19.837001659519917
New South Wales,Singleton (A),2010,6.034696095644178,0.0,21.419446772908632
New South Wales,Snowy River (A),2010,0.12021007586072745,0.0,15.396092699217835
New South Wales,Tenterfield (A),2010,0.40139251523063535,0.0,19.990789461273422
New South Wales,Tumbarumba (A),2010,0.5253688377114069,0.0,15.183319833036608
New South Wales,Walcha (A),2010,0.004771055596050627,0.0,17.83317838427977
New South Wales,Wingecarribee (A),2010,2.1587989244099193,0.0,18.86243293544535
New South Wales,Wollondilly (A),2010,3.6732954545454555,0.0,19.931898731398253
Queensland,Banana (S),2010,7.1999477381373245,0.0,24.97774173908792
Queensland,Brisbane (C),2010,1.1703531237873495,0.0,23.63280222681454
Queensland,Bundaberg (R),2010,1.7762311135982092,0.0,25.03522114297142
Queensland,Central Highlands (R),2010,4.578524729435229,0.0,25.450751162210484
Queensland,Fraser Coast (R),2010,1.3165074038952513,0.0,24.542958771478947
Queensland,Gladstone (R),2010,1.052764152194087,0.0,25.068738561924743
Queensland,Goondiwindi (R),2010,11.010159587418931,0.0,23.80656684787836
Queensland,Gympie (R),2010,0.7830045523520482,0.0,23.61756822384108
Queensland,Isaac (R),2010,5.140414213882757,0.0012800466028942848,26.389092251672103
Queensland,Lockyer Valley (R),2010,2.0524337530539376,0.0,22.97899763571907
Queensland,Mackay (R),2010,0.23535833547392754,0.0,24.960358153292955
Queensland,Maranoa (R),2010,7.252295912722124,0.0,23.858334563102147
Queensland,North Burnett (R),2010,2.1992347392774527,0.0,24.573717176715473
Queensland,Rockhampton (R),2010,2.1988938799885753,0.0,25.771797279923895
Queensland,Scenic Rim (R),2010,0.9894991922455576,0.0,22.726371707055623
Queensland,Somerset (R),2010,2.5214832728738403,0.0,23.42091295709216
Queensland,South Burnett (R),2010,0.4255714359424178,0.0,23.136470784236234
Queensland,Southern Downs (R),2010,0.9660307397882901,0.0,20.66631899746518
Queensland,Toowoomba (R),2010,4.926719128731279,0.0,22.74231965437602
Queensland,Western Downs (R),2010,9.519636053454645,0.0,23.89038607485752
Queensland,Whitsunday (R),2010,5.0854414244813135,0.13340785190414564,27.091005607340858
New South Wales,Wentworth (A),2011,18.113805970149254,1.2897187615640806,23.42297822293992
Queensland,Cairns (R),2011,0.2428434461032735,0.0,25.026218881425336
Queensland,Cassowary Coast (R),2011,0.7798801269244329,0.0,25.22771474943867
Queensland,Charters Towers (R),2011,7.2984254268341235,0.0,26.730448113806975
Queensland,Cook (S),2011,24.360225877509766,0.0,29.982252600601882
Queensland,Hinchinbrook (S),2011,2.4321378340365687,0.0,25.55323753592126
Queensland,Tablelands (R),2011,35.987915106117335,0.0,28.836755980703327
Queensland,Townsville (C),2011,1.6092236145200882,0.0,26.282525489947126
Queensland,Etheridge (S),2011,30.815263441237736,0.0010650001170329796,28.706200125939336
New South Wales,Armidale Dumaresq (A),2011,0.29100109137811286,0.0,18.19533278489629
New South Wales,Clarence Valley (A),2011,1.8284645454163333,0.0,21.7220341211528
New South Wales,Cooma-Monaro (A),2011,0.1576709936992332,0.0,15.88844207903531
New South Wales,Glen Innes Severn (A),2011,0.003524364082133006,0.0,18.551728130622767
New South Wales,Lithgow (C),2011,1.782432796907309,0.0,17.79100828393829
New South Wales,Mid-Western Regional (A),2011,2.142416452442159,0.0,19.2688383801146
New South Wales,Oberon (A),2011,0.2486064659977703,0.0,16.30868525357985
New South Wales,Palerang (A),2011,0.5969195225259911,0.0,17.125667323269454
New South Wales,Richmond Valley (A),2011,4.342347609998536,0.0,23.242869820066318
New South Wales,Tumut Shire (A),2011,0.07698282558039178,0.0,15.748580461171054
New South Wales,Upper Hunter Shire (A),2011,4.976724137931035,0.015872210953346857,20.078535255384036
New South Wales,Warrumbungle Shire (A),2011,4.793682660777623,0.08328314260857929,21.355294211118792
New South Wales,Bega Valley (A),2011,0.9904558404558405,0.0,18.24475947089868
New South Wales,Blue Mountains (C),2011,2.3913656884875847,0.0,19.166094346731956
New South Wales,Bombala (A),2011,0.6794569067296337,0.0,16.382931670391546
New South Wales,Cabonne (A),2011,1.427699530516432,0.0001341381623071764,19.374902738241367
New South Wales,Cessnock (C),2011,6.927329192546584,0.2763975155279503,21.232225809717512
New South Wales,Eurobodalla (A),2011,1.9390052356020946,0.0,19.029988986181355
New South Wales,Gloucester (A),2011,3.572541382667964,0.0,19.99178253108061
New South Wales,Great Lakes (A),2011,4.2422552664188355,0.0,21.189497064172592
New South Wales,Greater Taree (C),2011,4.776749847839315,0.0,21.09503570602188
New South Wales,Guyra (A),2011,0.05229945501481975,0.0,17.69513761395688
New South Wales,Hawkesbury (C),2011,8.747986528042174,0.1848001171474594,21.08597214187747
New South Wales,Inverell (A),2011,0.5259015103064889,0.0,21.436746163987355
New South Wales,Kempsey (A),2011,2.2805872756933114,0.0,21.214202521306557
New South Wales,Muswellbrook (A),2011,7.553399228543878,0.27446962391513985,20.89802494946801
New South Wales,Nambucca (A),2011,0.999099909990999,0.0,21.28297567235739
New South Wales,Narrabri (A),2011,12.583344047312936,0.4336268963743892,23.73015964366986
New South Wales,Port Macquarie-Hastings (A),2011,1.9026381909547736,0.0,20.775717653148643
New South Wales,Shoalhaven (C),2011,3.2676778242677824,0.0,19.300696067007653
New South Wales,Singleton (A),2011,9.354569015968565,0.3972911963882619,21.260912974195648
New South Wales,Snowy River (A),2011,0.20456461129481937,0.0,15.161901721391116
New South Wales,Tenterfield (A),2011,0.048215839860748476,0.0,19.964891013556876
New South Wales,Tumbarumba (A),2011,0.0337351565311263,0.0,15.014547102869976
New South Wales,Walcha (A),2011,0.15949903916241467,0.0,17.627873825400464
New South Wales,Wingecarribee (A),2011,2.7895129967134746,0.0,18.369475364921616
New South Wales,Wollondilly (A),2011,3.9952651515151523,0.0,19.54875554637297
Queensland,Banana (S),2011,2.383279278171449,0.0,25.489597218734446
Queensland,Brisbane (C),2011,0.18354675979821503,0.0,23.636246919408674
Queensland,Bundaberg (R),2011,0.43809457190822604,0.0,25.017031246732483
Queensland,Central Highlands (R),2011,4.679038156096479,0.0,25.99214039673511
Queensland,Fraser Coast (R),2011,0.21533299292435626,0.0,24.552993222335672
Queensland,Gladstone (R),2011,0.0,0.0,25.088661539481215
Queensland,Goondiwindi (R),2011,11.775515172978594,0.20830474335421315,24.20993305884392
Queensland,Gympie (R),2011,0.0,0.0,23.681210066552413
Queensland,Isaac (R),2011,5.672652992396368,0.0,26.492975367592827
Queensland,Lockyer Valley (R),2011,1.003006953580154,0.0,23.15218985468683
Queensland,Mackay (R),2011,0.0402645774466992,0.0,24.813973331745064
Queensland,Maranoa (R),2011,9.324201317429756,0.30865918697028044,24.71107058085068
Queensland,North Burnett (R),2011,0.44627602776294745,0.0,24.713790783078462
Queensland,Rockhampton (R),2011,0.2948355100875029,0.0,25.640154448737064
Queensland,Scenic Rim (R),2011,0.622172859450727,0.0,22.781791408572698
Queensland,Somerset (R),2011,1.1757355904877063,0.0,23.483759259389736
Queensland,South Burnett (R),2011,0.0,0.0,23.30124433406984
Queensland,Southern Downs (R),2011,0.026254410621374326,0.0,20.555667652063736
Queensland,Toowoomba (R),2011,0.0655443769299731,0.0,22.790839311698573
Queensland,Western Downs (R),2011,4.183372192209268,0.024975831674722775,24.455744366827453
Queensland,Whitsunday (R),2011,3.1104639761540573,0.0,26.76273098216295
New South Wales,Wentworth (A),2012,33.16545886271123,2.6680492167262875,23.781084500449612
Queensland,Cairns (R),2012,0.015614299411039582,0.0,25.254422721359823
Queensland,Cassowary Coast (R),2012,0.6993771300975437,0.0,25.535278201455117
Queensland,Charters Towers (R),2012,22.70916863598949,0.00023897400493879607,27.412173872353968
Queensland,Cook (S),2012,41.412194857720685,0.21128394482160906,30.508863618693518
Queensland,Hinchinbrook (S),2012,2.8422995780590723,0.0,25.874791702327762
Queensland,Tablelands (R),2012,52.23292313179952,1.3613126449081498,29.67854080861792
Queensland,Townsville (C),2012,3.142229686087069,0.0,26.683810253326275
Queensland,Etheridge (S),2012,54.11968962853728,1.2180558481380048,29.76070182255331
New South Wales,Armidale Dumaresq (A),2012,0.02599464232562754,0.0,18.92942660944363
New South Wales,Clarence Valley (A),2012,1.5511327813038545,0.0,22.230360800941167
New South Wales,Cooma-Monaro (A),2012,0.0,0.0,15.697288170403487
New South Wales,Glen Innes Severn (A),2012,0.0,0.0,19.16027560067981
New South Wales,Lithgow (C),2012,0.252449878629866,0.0,18.24773334583818
New South Wales,Mid-Western Regional (A),2012,1.065295629820051,0.0,19.540333554601563
New South Wales,Oberon (A),2012,0.06432552954292084,0.0,16.48305848012288
New South Wales,Palerang (A),2012,0.0,0.0,17.10598825278579
New South Wales,Richmond Valley (A),2012,5.317497441894459,0.0,23.858242832106065
New South Wales,Tumut Shire (A),2012,0.00094933977733667,0.0,15.469232699869952
New South Wales,Upper Hunter Shire (A),2012,1.8135902636916834,0.0,20.582034260206676
New South Wales,Warrumbungle Shire (A),2012,3.9658703071672354,0.005955966004149101,21.75985026410327
New South Wales,Bega Valley (A),2012,0.03632478632478633,0.0,18.212081235536708
New South Wales,Blue Mountains (C),2012,1.3704853273137698,0.0,19.648608505118148
New South Wales,Bombala (A),2012,0.0,0.0,16.29842113858104
New South Wales,Cabonne (A),2012,1.4311871227364183,0.0,19.39445313525687
New South Wales,Cessnock (C),2012,3.0374741200828157,0.0,21.551632286832852
New South Wales,Eurobodalla (A),2012,0.0,0.0,18.987431980896282
New South Wales,Gloucester (A),2012,0.9877590763666709,0.0,20.695735188746248
New South Wales,Great Lakes (A),2012,0.9333952912019828,0.0,21.458043305466948
New South Wales,Greater Taree (C),2012,1.5073645769933046,0.0,21.64279708560601
New South Wales,Guyra (A),2012,0.0,0.0,18.19617962777775
New South Wales,Hawkesbury (C),2012,4.200907892810075,0.0,21.50868629222781
New South Wales,Inverell (A),2012,2.4243616864269195,0.0,22.167021540100205
New South Wales,Kempsey (A),2012,0.9182979880369768,0.0,21.781017936878378
New South Wales,Muswellbrook (A),2012,3.2847155255544838,0.0,21.38467953492878
New South Wales,Nambucca (A),2012,0.747074707470747,0.0,21.768639613677742
New South Wales,Narrabri (A),2012,9.225411416816668,0.19008742607354082,24.01395719760766
New South Wales,Port Macquarie-Hastings (A),2012,0.8364321608040203,0.0,21.28733910290537
New South Wales,Shoalhaven (C),2012,0.18838912133891209,0.0,19.415594434743625
New South Wales,Singleton (A),2012,3.3605885795502046,0.0,21.74309853256349
New South Wales,Snowy River (A),2012,0.0,0.0,14.902881842667941
New South Wales,Tenterfield (A),2012,0.4650420655642587,0.0,20.82664593180831
New South Wales,Tumbarumba (A),2012,0.0,0.0,14.699018394639408
New South Wales,Walcha (A),2012,0.0006626466105625871,0.0,18.354375666008522
New South Wales,Wingecarribee (A),2012,0.27606812070510905,0.0,18.62943150210454
New South Wales,Wollondilly (A),2012,1.1849747474747476,0.0,19.831340013007292
Queensland,Banana (S),2012,12.971809336428059,0.09254961034170031,26.19429197715918
Queensland,Brisbane (C),2012,2.593325572370974,0.0,23.976654454971005
Queensland,Bundaberg (R),2012,6.05519026301063,0.0,25.456186776012466
Queensland,Central Highlands (R),2012,21.481062313005577,0.0,26.679775130261216
Queensland,Fraser Coast (R),2012,5.703917134729009,0.0,24.922646288958166
Queensland,Gladstone (R),2012,3.781784435900835,0.0,25.45780260314685
Queensland,Goondiwindi (R),2012,14.707297638283269,0.2830961287323755,24.975466176324108
Queensland,Gympie (R),2012,5.214782498735457,0.0,24.246425448312497
Queensland,Isaac (R),2012,26.961223019376984,0.005863686534216335,27.25114059123969
Queensland,Lockyer Valley (R),2012,3.1997744784814888,0.0,23.807899278237123
Queensland,Mackay (R),2012,1.8668764449011044,0.0,25.154934874750378
Queensland,Maranoa (R),2012,17.83552044376581,0.1728739294961163,25.31251943459423
Queensland,North Burnett (R),2012,7.757274426054464,0.0,25.43154947704254
Queensland,Rockhampton (R),2012,7.10360138135175,0.0,26.17344168438189
Queensland,Scenic Rim (R),2012,2.678412762520194,0.0,23.3619861835795
Queensland,Somerset (R),2012,4.801209189842805,0.0,24.064483314833275
Queensland,South Burnett (R),2012,4.571281151643362,0.0,24.109951998079396
Queensland,Southern Downs (R),2012,0.6152742060881525,0.0,21.604266894253055
Queensland,Toowoomba (R),2012,5.215094464920146,0.0,23.88596141027128
Queensland,Western Downs (R),2012,12.098788740403753,0.2883025305658231,25.314196843305396
Queensland,Whitsunday (R),2012,14.637231831195832,0.0,27.30378320817399
New South Wales,Wentworth (A),2013,41.68209571974839,10.540057974589859,24.985021212415667
Queensland,Cairns (R),2013,0.0767018216682646,0.0,25.71881722595774
Queensland,Cassowary Coast (R),2013,2.6681161123516266,0.0,26.089604856762218
Queensland,Charters Towers (R),2013,34.93555003850138,1.1400387668941343,29.02524012597662
Queensland,Cook (S),2013,36.46260652896143,0.017310956232847032,30.86222793093173
Queensland,Hinchinbrook (S),2013,4.700070323488045,0.0,26.444150268761675
Queensland,Tablelands (R),2013,56.00628500089173,0.9136507936507935,30.297302012335564
Queensland,Townsville (C),2013,4.197002971192352,0.0,27.584964669299
Queensland,Etheridge (S),2013,76.13818083936053,1.1035039674180178,31.259872268062114
New South Wales,Armidale Dumaresq (A),2013,1.012898104970731,0.0,19.802536866840565
New South Wales,Clarence Valley (A),2013,5.070867134630743,0.2542558110209743,22.985911753394202
New South Wales,Cooma-Monaro (A),2013,0.29970393987702104,0.0,16.830107156569877
New South Wales,Glen Innes Severn (A),2013,0.7183573398712838,0.0,19.978055611941308
New South Wales,Lithgow (C),2013,3.0862177470106977,0.0005394228175851838,19.43881928590814
New South Wales,Mid-Western Regional (A),2013,6.407384903014722,0.36050479083898107,20.796299249693107
New South Wales,Oberon (A),2013,0.7862876254180603,0.0,17.763303030055447
New South Wales,Palerang (A),2013,1.8689256834809393,0.0023873700423565638,18.24684508578075
New South Wales,Richmond Valley (A),2013,8.489109779272034,1.1806753398625929,24.437961135489886
New South Wales,Tumut Shire (A),2013,1.9638387848450847,0.0,16.849244440784283
New South Wales,Upper Hunter Shire (A),2013,7.3823022312373245,0.6168356997971604,21.643324835828537
New South Wales,Warrumbungle Shire (A),2013,13.039884895937908,1.8941979522184311,23.035789816872335
New South Wales,Bega Valley (A),2013,2.799857549857551,0.19743589743589746,19.11541425342217
New South Wales,Blue Mountains (C),2013,5.072799097065463,0.5378103837471785,20.718615209496384
New South Wales,Bombala (A),2013,0.9095828414010224,0.0,17.335833733353283
New South Wales,Cabonne (A),2013,9.986854460093895,0.41898054996646544,20.912907949618532
New South Wales,Cessnock (C),2013,8.220910973084885,1.7898550724637678,22.513931236408837
New South Wales,Eurobodalla (A),2013,3.3732984293193713,0.28141361256544506,19.94883256192276
New South Wales,Gloucester (A),2013,5.143274447071915,0.3316177493392682,21.735152226727454
New South Wales,Great Lakes (A),2013,5.372521685254029,0.8931226765799257,22.496462464375114
New South Wales,Greater Taree (C),2013,6.334875228241022,0.8856968959220936,22.68634804123677
New South Wales,Guyra (A),2013,0.33894253752748815,0.0,19.189079653667495
New South Wales,Hawkesbury (C),2013,10.579733489529946,1.2528920779030603,22.55317387988377
New South Wales,Inverell (A),2013,6.9056427411816825,0.22201997343434837,23.001885276936385
New South Wales,Kempsey (A),2013,3.6218053289831436,0.3580750407830343,22.499759683455085
New South Wales,Muswellbrook (A),2013,10.235294117647058,1.2244455159112826,22.431765438255276
New South Wales,Nambucca (A),2013,2.9654965496549655,0.08460846084608462,22.44290275272865
New South Wales,Narrabri (A),2013,24.208729750578563,3.014785291848805,25.29918678319382
New South Wales,Port Macquarie-Hastings (A),2013,2.9706030150753766,0.37814070351758794,22.176986556747416
New South Wales,Shoalhaven (C),2013,3.959832635983262,0.10669456066945604,20.418325046489688
New South Wales,Singleton (A),2013,9.22146977677452,1.5684307332162863,22.730213379783688
New South Wales,Snowy River (A),2013,0.14575633793684753,0.0,15.977961785979979
New South Wales,Tenterfield (A),2013,2.0574412532637085,0.0,21.405971537555715
New South Wales,Tumbarumba (A),2013,1.190086362000719,0.0,15.847428553913698
New South Wales,Walcha (A),2013,0.8737658206878272,0.0,19.248018102850654
New South Wales,Wingecarribee (A),2013,4.276516283238721,0.0,19.701590134576247
New South Wales,Wollondilly (A),2013,5.542140151515151,0.3969381313131313,20.914780830786064
Queensland,Banana (S),2013,19.451188957375827,1.090105599704874,26.95929009364996
Queensland,Brisbane (C),2013,3.046565774155995,0.0,24.441012078704983
Queensland,Bundaberg (R),2013,6.93277839955232,0.0,26.325939850570688
Queensland,Central Highlands (R),2013,30.411952868171234,3.152232851918885,28.005091554085844
Queensland,Fraser Coast (R),2013,7.24297906484791,0.0,25.75862870975071
Queensland,Gladstone (R),2013,3.591011533872464,0.0,26.203848071637655
Queensland,Goondiwindi (R),2013,26.632926802275385,4.943801323623807,26.014105563774198
Queensland,Gympie (R),2013,7.542551846231662,0.0,25.01807268383378
Queensland,Isaac (R),2013,34.086368653421665,2.2705803899926416,28.444987590760775
Queensland,Lockyer Valley (R),2013,6.400864499154295,0.0,24.31144434824377
Queensland,Mackay (R),2013,1.8899948625738503,0.0,25.796942274247876
Queensland,Maranoa (R),2013,35.098608068335224,4.149881608356018,27.15593218590478
Queensland,North Burnett (R),2013,12.503870795515219,0.0,26.224705764213333
Queensland,Rockhampton (R),2013,8.101030820761823,0.2875392724534573,26.78835189296644
Queensland,Scenic Rim (R),2013,4.153473344103393,0.0,23.83554205045521
Queensland,Somerset (R),2013,7.891334139459896,0.0,24.72917921886387
Queensland,South Burnett (R),2013,9.453485372271812,0.0,24.758545067285162
Queensland,Southern Downs (R),2013,3.0639913880748755,0.0,22.005193387476435
Queensland,Toowoomba (R),2013,9.93840687983531,0.19002556695554002,24.341914318964495
Queensland,Western Downs (R),2013,19.68825703724766,2.3606596531134487,26.23793935066082
Queensland,Whitsunday (R),2013,20.1398988116249,0.49303839667411853,28.367295236150106
New South Wales,Wentworth (A),2014,49.38255519921058,16.33645306525225,25.117666343391935
Queensland,Cairns (R),2014,0.2911929872620188,0.0,25.27994156759712
Queensland,Cassowary Coast (R),2014,1.2943941708778937,0.0,25.73571983528041
Queensland,Charters Towers (R),2014,40.39242186877671,1.908937627784711,28.764357168659405
Queensland,Cook (S),2014,37.34695038278204,0.0023021089123212483,30.365806298057066
Queensland,Hinchinbrook (S),2014,3.2851617440225036,0.0,26.10743187164855
Queensland,Tablelands (R),2014,54.8378098805065,0.08644194756554305,29.77271402484307
Queensland,Townsville (C),2014,4.327089523317401,0.0198940705335228,27.229855567488002
Queensland,Etheridge (S),2014,63.95996301757834,0.40551927533178855,30.688455628717847
New South Wales,Armidale Dumaresq (A),2014,1.536065085822006,0.0,19.93851953108262
New South Wales,Clarence Valley (A),2014,8.518179143373546,0.43100332058341373,23.190227728259654
New South Wales,Cooma-Monaro (A),2014,0.84263265770895,0.0,17.10939470716954
New South Wales,Glen Innes Severn (A),2014,1.223030953110634,0.0,20.12157786296951
New South Wales,Lithgow (C),2014,2.3686954958194733,0.0011687494381012315,19.398000071881455
New South Wales,Mid-Western Regional (A),2014,8.547978499649451,0.26585650853003034,20.864027143336983
New South Wales,Oberon (A),2014,1.0322185061315496,0.0,17.809232474656387
New South Wales,Palerang (A),2014,1.4881786676934914,0.0,18.371204687427383
New South Wales,Richmond Valley (A),2014,17.959070311357987,2.301417921356526,24.96055237314204
New South Wales,Tumut Shire (A),2014,3.3901786484853695,0.0,17.08983265454909
New South Wales,Upper Hunter Shire (A),2014,9.498022312373225,0.45081135902636915,21.776911292732375
New South Wales,Warrumbungle Shire (A),2014,22.6624841062705,1.7406812554373288,23.19265142260566
New South Wales,Bega Valley (A),2014,1.524928774928775,0.0,19.23931066469814
New South Wales,Blue Mountains (C),2014,2.5369638826185104,0.2480248306997743,20.56132385667711
New South Wales,Bombala (A),2014,3.0172176308539935,0.005116096025186931,17.61652869520343
New South Wales,Cabonne (A),2014,11.692622401073105,0.14205231388329978,20.770313223732312
New South Wales,Cessnock (C),2014,6.821946169772255,0.6140786749482401,22.430741856505612
New South Wales,Eurobodalla (A),2014,0.4769633507853404,0.0,20.000888715469213
New South Wales,Gloucester (A),2014,4.910001391014047,0.36013353734872705,21.633621254537406
New South Wales,Great Lakes (A),2014,4.1812267657992574,0.08627633209417598,22.326437504620067
New South Wales,Greater Taree (C),2014,6.011199026171634,0.2667072428484479,22.59893357743924
New South Wales,Guyra (A),2014,0.8519934984224112,0.0,19.355514706081514
New South Wales,Hawkesbury (C),2014,7.464196807731734,0.7936740371943184,22.460487451643413
New South Wales,Inverell (A),2014,12.152014561912724,0.7717321788753873,23.53523768438931
New South Wales,Kempsey (A),2014,1.9817835780315394,0.0,22.403945223301463
New South Wales,Muswellbrook (A),2014,12.510848601735777,0.65851012536162,22.55762983040381
New South Wales,Nambucca (A),2014,1.5763576357635765,0.0,22.367407478658745
New South Wales,Narrabri (A),2014,41.44744793005914,4.921605811262536,25.67313042825121
New South Wales,Port Macquarie-Hastings (A),2014,2.7332914572864326,0.032035175879396985,22.04137831206792
New South Wales,Shoalhaven (C),2014,1.6769874476987443,0.0,20.328601814475995
New South Wales,Singleton (A),2014,10.643173647688322,0.8448290276732715,22.79995795944131
New South Wales,Snowy River (A),2014,1.0616611554172335,0.0,16.333876015478186
New South Wales,Tenterfield (A),2014,4.52660284305193,0.051000870322019144,21.687996072187087
New South Wales,Tumbarumba (A),2014,2.4999999999999987,0.0,16.236456919812948
New South Wales,Walcha (A),2014,1.2266914054734608,0.0,19.261670248884606
New South Wales,Wingecarribee (A),2014,2.9884971616372873,0.0,19.598219966221397
New South Wales,Wollondilly (A),2014,2.81439393939394,0.05255681818181819,20.74845554002907
Queensland,Banana (S),2014,25.777103155694217,1.9122461841154672,27.36209942567121
Queensland,Brisbane (C),2014,5.709351959642996,0.6608459448971672,24.802571257124683
Queensland,Bundaberg (R),2014,10.639969222160042,0.3045607162842753,26.233751432895186
Queensland,Central Highlands (R),2014,33.287319469582236,2.413740627193147,27.89888188385019
Queensland,Fraser Coast (R),2014,9.825661973885769,0.33890145160113794,25.826356441746615
Queensland,Gladstone (R),2014,5.961156038711387,0.0,26.03211447263159
Queensland,Goondiwindi (R),2014,41.6298501516191,5.484937692290666,26.434249850902113
Queensland,Gympie (R),2014,10.585103692463326,0.6789959534648456,25.270815808481263
Queensland,Isaac (R),2014,41.68025662251654,2.3521277900416973,28.301201425901617
Queensland,Lockyer Valley (R),2014,14.925202029693667,0.7397105807179104,24.835007037566463
Queensland,Mackay (R),2014,2.7633573079886977,0.0,25.461274431202746
Queensland,Maranoa (R),2014,46.4596988942737,4.4011374449534175,27.148517881698567
Queensland,North Burnett (R),2014,16.74132407901763,0.7980512546716502,26.53903629580108
Queensland,Rockhampton (R),2014,11.3886999195077,0.4436424064601563,26.650668515524316
Queensland,Scenic Rim (R),2014,9.078352180936996,0.6707390953150244,24.27044613988234
Queensland,Somerset (R),2014,15.327529222087863,0.9939540507859733,25.137326149887095
Queensland,South Burnett (R),2014,12.585005933646356,0.4508023321810021,25.346481427268067
Queensland,Southern Downs (R),2014,6.424914777824293,0.03480653070988578,22.619420328852996
Queensland,Toowoomba (R),2014,17.498223594647538,0.9995351462629077,25.00316837099809
Queensland,Western Downs (R),2014,35.162729599090135,2.6047995450668173,26.710419236795254
Queensland,Whitsunday (R),2014,27.81103659254031,0.49805859512883877,28.15264209182349
New South Wales,Wentworth (A),2015,49.846413593191066,9.319954977180217,24.321484962316475
Queensland,Cairns (R),2015,0.17435967675660866,0.0,25.563092244193996
Queensland,Cassowary Coast (R),2015,2.3530379598072626,0.0,25.94542864878504
Queensland,Charters Towers (R),2015,47.87204269668889,0.34452085712009767,29.683706364005186
Queensland,Cook (S),2015,29.357436263180713,0.3280053806153401,30.79946116611036
Queensland,Hinchinbrook (S),2015,5.158227848101267,0.0,26.604858057640854
Queensland,Tablelands (R),2015,56.186124487248044,2.548129124308899,30.693991327069405
Queensland,Townsville (C),2015,7.74331481720708,0.0,28.343704217427717
Queensland,Etheridge (S),2015,61.15373452238839,2.626126442431477,31.242954604914825
New South Wales,Armidale Dumaresq (A),2015,0.1786883619406687,0.0,19.343375281082746
New South Wales,Clarence Valley (A),2015,3.761926779034087,0.0,22.66728613326628
New South Wales,Cooma-Monaro (A),2015,0.0007591285204585134,0.0,16.198561089722183
New South Wales,Glen Innes Severn (A),2015,0.10764633772601899,0.0,19.601344203993435
New South Wales,Lithgow (C),2015,0.22457969972129815,0.0,18.4859833408429
New South Wales,Mid-Western Regional (A),2015,0.3091376489834073,0.0,19.990342065149353
New South Wales,Oberon (A),2015,0.008472686733556297,0.0,16.910322625100566
New South Wales,Palerang (A),2015,0.19006546014632258,0.0,17.59797265437821
New South Wales,Richmond Valley (A),2015,8.373337231398915,0.0,24.27018076772596
New South Wales,Tumut Shire (A),2015,0.10175196340726671,0.0,16.300392724452486
New South Wales,Upper Hunter Shire (A),2015,1.7084685598377287,0.0,20.887503237666696
New South Wales,Warrumbungle Shire (A),2015,3.7793950344642986,0.013618416649936429,22.23983508979979
New South Wales,Bega Valley (A),2015,1.0992165242165242,0.0,18.551230142100096
New South Wales,Blue Mountains (C),2015,1.8479119638826187,0.0,19.797630262473696
New South Wales,Bombala (A),2015,0.15436835891381337,0.0,16.656269409850456
New South Wales,Cabonne (A),2015,0.5721663313212609,0.0,20.015897881259303
New South Wales,Cessnock (C),2015,4.897722567287784,0.0,21.771824934969253
New South Wales,Eurobodalla (A),2015,0.8342931937172775,0.0,19.385837507671333
New South Wales,Gloucester (A),2015,2.09264153567951,0.0,20.89450901242083
New South Wales,Great Lakes (A),2015,3.2915117719950433,0.0,21.85191525293215
New South Wales,Greater Taree (C),2015,2.9233110164333533,0.0,22.025344955686954
New South Wales,Guyra (A),2015,0.004780571756382062,0.0,18.764962380315513
New South Wales,Hawkesbury (C),2015,5.770830282618247,0.0,21.712315633931983
New South Wales,Inverell (A),2015,4.051507846706351,0.0,22.82543421204656
New South Wales,Kempsey (A),2015,1.5547852093529093,0.0,22.02043521705526
New South Wales,Muswellbrook (A),2015,3.1827386692381876,0.0,21.64764563033555
New South Wales,Nambucca (A),2015,1.2334233423342333,0.0,22.02938019056333
New South Wales,Narrabri (A),2015,16.961686808948322,0.7023656466958088,24.662462542704787
New South Wales,Port Macquarie-Hastings (A),2015,1.552386934673367,0.0,21.63121409130171
New South Wales,Shoalhaven (C),2015,1.4999999999999996,0.0,19.75408768061399
New South Wales,Singleton (A),2015,4.8530223225482825,0.0,21.94235131785946
New South Wales,Snowy River (A),2015,0.0,0.0,15.421786040402841
New South Wales,Tenterfield (A),2015,0.8940527995358282,0.0,21.147113384899004
New South Wales,Tumbarumba (A),2015,0.06783015473191793,0.0,15.462192332678978
New South Wales,Walcha (A),2015,0.057849049102113845,0.0,18.57068475674182
New South Wales,Wingecarribee (A),2015,0.7630714072303556,0.0,18.896174349338093
New South Wales,Wollondilly (A),2015,2.385574494949495,0.0,20.073597285129654
Queensland,Banana (S),2015,14.510029666292635,0.0350923036721644,26.907159256136236
Queensland,Brisbane (C),2015,2.5304617772603804,0.0,24.202353443010708
Queensland,Bundaberg (R),2015,4.272313933967541,0.0,26.16265307367378
Queensland,Central Highlands (R),2015,26.864676984449442,0.5539171868651424,28.00059039405908
Queensland,Fraser Coast (R),2015,4.121671894375957,0.0,25.558196669770048
Queensland,Gladstone (R),2015,1.4830085288788724,0.0,26.155171928193706
Queensland,Goondiwindi (R),2015,21.377741871223357,0.42548529183912875,25.680315169722498
Queensland,Gympie (R),2015,4.769473950429943,0.0,24.741300633529537
Queensland,Isaac (R),2015,44.77304083885209,0.8025968849644344,29.222649058075604
Queensland,Lockyer Valley (R),2015,6.638225897387711,0.0,24.024516090139542
Queensland,Mackay (R),2015,0.6913049062419726,0.0,26.086095696252286
Queensland,Maranoa (R),2015,27.74824994283271,0.5915598928942885,26.44982769377219
Queensland,North Burnett (R),2015,8.364944830040937,0.0,26.064808045216875
Queensland,Rockhampton (R),2015,4.41518448316153,0.0,27.085198290704746
Queensland,Scenic Rim (R),2015,4.758178513731825,0.0,23.606158731749186
Queensland,Somerset (R),2015,8.334703748488511,0.0,24.442974313900475
Queensland,South Burnett (R),2015,5.102781074247976,0.0,24.583420762911466
Queensland,Southern Downs (R),2015,0.5213803002212787,0.0,21.859591002703592
Queensland,Toowoomba (R),2015,6.114287611647909,0.0,24.102713661810228
Queensland,Western Downs (R),2015,17.536081887972696,0.03542792152402616,25.91419177320174
Queensland,Whitsunday (R),2015,37.666529395615164,0.21643722790916578,29.420382956689423
New South Wales,Wentworth (A),2016,44.4284723078821,7.400240532872829,24.17663561088631
Queensland,Cairns (R),2016,0.5689631557320913,0.0,26.380765583637707
Queensland,Cassowary Coast (R),2016,3.2788811846280406,0.0,26.718750467766615
Queensland,Charters Towers (R),2016,45.259054459520456,0.16195799368046515,29.56725590585861
Queensland,Cook (S),2016,51.34236422071354,0.31412501805575627,31.63956802051803
Queensland,Hinchinbrook (S),2016,6.128691983122364,0.0,26.978858952238177
Queensland,Tablelands (R),2016,70.23397895487783,2.568382379168895,31.027459963423983
Queensland,Townsville (C),2016,11.01498514403824,0.0,28.22240915107952
Queensland,Etheridge (S),2016,70.18053507478405,2.1150785291295087,31.29594274457279
New South Wales,Armidale Dumaresq (A),2016,0.29834308959222144,0.0,20.198349542455823
New South Wales,Clarence Valley (A),2016,6.89697784876634,0.04287335547055609,23.613817215299395
New South Wales,Cooma-Monaro (A),2016,0.0007591285204585134,0.0,16.634128052751947
New South Wales,Glen Innes Severn (A),2016,0.3365001532332209,0.0,20.255399911727633
New South Wales,Lithgow (C),2016,0.5246785939045221,0.0,19.068575892638002
New South Wales,Mid-Western Regional (A),2016,1.8425800420659038,0.0,20.28355838372853
New South Wales,Oberon (A),2016,0.06555183946488294,0.0,17.357879460024776
New South Wales,Palerang (A),2016,0.20916442048517508,0.0,18.004575040941727
New South Wales,Richmond Valley (A),2016,15.039760268966521,0.18637626078058758,25.307940165851484
New South Wales,Tumut Shire (A),2016,0.3730905324933113,0.0,16.368325700636806
New South Wales,Upper Hunter Shire (A),2016,4.113640973630831,0.0,21.467413166106077
New South Wales,Warrumbungle Shire (A),2016,9.98531084788865,0.028809476008833573,22.335900354661952
New South Wales,Bega Valley (A),2016,0.45676638176638185,0.0,19.07579706351863
New South Wales,Blue Mountains (C),2016,3.475733634311513,0.0,20.560086601857382
New South Wales,Bombala (A),2016,0.013872491145218411,0.0,17.16519447711394
New South Wales,Cabonne (A),2016,3.697317236753855,0.0,20.076597189171128
New South Wales,Cessnock (C),2016,8.415734989648037,0.0,22.665442915340094
New South Wales,Eurobodalla (A),2016,1.0175392670157068,0.0,19.924745975295004
New South Wales,Gloucester (A),2016,5.0760884684935315,0.0,21.948656494308537
New South Wales,Great Lakes (A),2016,5.28144361833953,0.0,22.892008176683213
New South Wales,Greater Taree (C),2016,6.747900182592818,0.0,23.180503384298124
New South Wales,Guyra (A),2016,0.07668037097236827,0.0,19.363191938096463
New South Wales,Hawkesbury (C),2016,9.76468004100161,0.0,22.609194973459765
New South Wales,Inverell (A),2016,7.99203030452108,0.039946868696807206,23.07090634697176
New South Wales,Kempsey (A),2016,4.406878738444808,0.0,23.088812446563097
New South Wales,Muswellbrook (A),2016,6.733727097396335,0.0,22.247807720670863
New South Wales,Nambucca (A),2016,2.973897389738975,0.0,23.07300505619792
New South Wales,Narrabri (A),2016,23.97033299048599,0.9587297505785549,24.70666242065034
New South Wales,Port Macquarie-Hastings (A),2016,3.3634422110552773,0.0,22.68456696986068
New South Wales,Shoalhaven (C),2016,1.9896443514644346,0.0,20.3272634590741
New South Wales,Singleton (A),2016,8.046651617757712,0.0,22.7078230963775
New South Wales,Snowy River (A),2016,0.0,0.0,15.759079376749275
New South Wales,Tenterfield (A),2016,2.191122715404699,0.0,21.825073734817277
New South Wales,Tumbarumba (A),2016,0.1663368118028067,0.0,15.474375417119699
New South Wales,Walcha (A),2016,0.04015638460009278,0.0,19.394807447640975
New South Wales,Wingecarribee (A),2016,1.6307140723035554,0.0,19.52600540429714
New South Wales,Wollondilly (A),2016,3.9717487373737375,0.0,20.764887524423628
Queensland,Banana (S),2016,30.826844152051258,0.9293542585732508,27.635028019001776
Queensland,Brisbane (C),2016,3.9142413659293753,0.0,25.099816979870166
Queensland,Bundaberg (R),2016,5.154378847229994,0.008184107442641296,26.721123277923166
Queensland,Central Highlands (R),2016,37.40086432977504,0.8163114542163776,28.195017916945247
Queensland,Fraser Coast (R),2016,5.119045882267124,0.00962871106572325,26.27294144405821
Queensland,Gladstone (R),2016,4.056918113924608,0.0,26.637859041545454
Queensland,Goondiwindi (R),2016,28.73443413975518,2.675048141835809,26.010112857905284
Queensland,Gympie (R),2016,5.675012645422356,0.0,25.525940760589126
Queensland,Isaac (R),2016,42.4155245891587,0.4008615403482953,28.910245712378142
Queensland,Lockyer Valley (R),2016,10.060702875399361,0.0,24.956155009040476
Queensland,Mackay (R),2016,2.516375545851528,0.0,26.44451509050698
Queensland,Maranoa (R),2016,31.972655587274186,2.3666452750300597,26.554210052559633
Queensland,North Burnett (R),2016,14.15997063534437,0.03964228510411107,26.799720010887352
Queensland,Rockhampton (R),2016,13.049931192065014,0.000493339911198816,27.307008929512424
Queensland,Scenic Rim (R),2016,5.742124394184168,0.0,24.53945955755548
Queensland,Somerset (R),2016,11.761789600967349,0.0,25.42498779116067
Queensland,South Burnett (R),2016,7.2620607811774445,0.0,25.257760550692264
Queensland,Southern Downs (R),2016,3.1326475689253037,0.0,22.5371645683886
Queensland,Toowoomba (R),2016,11.905468672178504,0.014676096556761957,24.961606278446972
Queensland,Western Downs (R),2016,25.306340631219793,1.6024680125106614,26.489334226029445
Queensland,Whitsunday (R),2016,35.65042946228969,0.1210142369690552,29.25309601238354
New South Wales,Wentworth (A),2017,44.84531886024422,10.410709880350318,25.03129185537156
Queensland,Cairns (R),2017,0.0,0.0,25.73581667757042
Queensland,Cassowary Coast (R),2017,1.080385474203784,0.0,26.18510494492109
Queensland,Charters Towers (R),2017,37.80554817981464,0.47272377260295784,29.354189476966397
Queensland,Cook (S),2017,39.25285280947567,0.14072656362848476,30.95912800007211
Queensland,Hinchinbrook (S),2017,1.7281997187060478,0.0,26.544867790232033
Queensland,Tablelands (R),2017,52.59490636704117,1.8879543427858028,30.408781442128113
Queensland,Townsville (C),2017,3.1989407053352283,0.23537010722128923,27.89144614400012
Queensland,Etheridge (S),2017,54.420792079207864,1.5354141797158436,30.970526823937266
New South Wales,Armidale Dumaresq (A),2017,2.8212124218672487,0.05208850084333763,19.914544686058875
New South Wales,Clarence Valley (A),2017,11.92362658148039,1.0584674877054348,23.39294621909976
New South Wales,Cooma-Monaro (A),2017,0.21566841266226366,0.0,16.765340366772275
New South Wales,Glen Innes Severn (A),2017,1.4202421084891206,0.003524364082133006,20.30412248804406
New South Wales,Lithgow (C),2017,5.997842308729658,0.14069945158680208,19.37163351049282
New South Wales,Mid-Western Regional (A),2017,11.830895068941345,0.5279270857677026,20.97759921010275
New South Wales,Oberon (A),2017,1.6560758082497213,0.0,17.690334445923508
New South Wales,Palerang (A),2017,2.3308432807085087,0.0,18.161839369938377
New South Wales,Richmond Valley (A),2017,21.335331091945616,2.025288700482385,25.08847176664489
New South Wales,Tumut Shire (A),2017,1.021489600414257,0.00094933977733667,16.58016188820439
New South Wales,Upper Hunter Shire (A),2017,16.334533468559844,1.6754563894523327,21.920613211636816
New South Wales,Warrumbungle Shire (A),2017,27.111356487987695,2.4700194070802386,23.394203975924846
New South Wales,Bega Valley (A),2017,1.6234330484330484,0.018162393162393164,19.07511644682972
New South Wales,Blue Mountains (C),2017,11.150112866817159,0.9627539503386007,20.691811193756802
New South Wales,Bombala (A),2017,0.3066706021251474,0.0,17.28831770170248
New South Wales,Cabonne (A),2017,12.417773306505703,0.73420523138833,21.006665779603683
New South Wales,Cessnock (C),2017,19.99585921325052,4.0699792960662515,22.776280845595153
New South Wales,Eurobodalla (A),2017,2.8780104712041887,0.0,19.970621717954113
New South Wales,Gloucester (A),2017,13.577966337460003,1.47976074558353,21.825737900358234
New South Wales,Great Lakes (A),2017,13.31257744733581,2.042131350681537,22.75454092981361
New South Wales,Greater Taree (C),2017,16.35447352404138,2.452099817407181,22.95686106771127
New South Wales,Guyra (A),2017,0.7013098766612484,0.0,19.288158283298333
New South Wales,Hawkesbury (C),2017,21.17674622931616,3.8822668033387027,22.708731552747633
New South Wales,Inverell (A),2017,17.354553057509712,0.7146160279431298,23.628401303510962
New South Wales,Kempsey (A),2017,10.484638390429582,1.0916258836324089,22.763967487563384
New South Wales,Muswellbrook (A),2017,20.006991321118605,2.883437801350048,22.610389904115415
New South Wales,Nambucca (A),2017,7.924392439243925,0.9771977197719772,22.73527872971961
New South Wales,Narrabri (A),2017,43.56820519413731,7.072672923630754,25.67473488082568
New South Wales,Port Macquarie-Hastings (A),2017,10.360552763819095,0.8777638190954774,22.40992815677994
New South Wales,Shoalhaven (C),2017,5.548430962343096,0.013598326359832632,20.41438487199138
New South Wales,Singleton (A),2017,21.69751693002258,3.817490176406655,22.889725943364567
New South Wales,Snowy River (A),2017,0.04597030409129221,0.0,15.928653969985351
New South Wales,Tenterfield (A),2017,4.723875834058602,0.14458949811430227,21.984315200980866
New South Wales,Tumbarumba (A),2017,0.3561532925512773,0.0,15.725250064830098
New South Wales,Walcha (A),2017,2.208336094360878,0.0,19.284827506725616
New South Wales,Wingecarribee (A),2017,6.024200776815058,0.03794442784583209,19.613174204190525
New South Wales,Wollondilly (A),2017,10.453598484848488,0.8680555555555557,20.85227075727615
Queensland,Banana (S),2017,40.66205020213042,1.447853420846335,27.905408859206414
Queensland,Brisbane (C),2017,5.813736903376019,0.3461389212262321,25.366281447995956
Queensland,Bundaberg (R),2017,8.715864577504195,0.12856743144935642,26.945015463252346
Queensland,Central Highlands (R),2017,50.31554685479994,1.4821999778376977,28.628559337714613
Queensland,Fraser Coast (R),2017,12.3435699175724,0.03698300386607339,26.543901755817895
Queensland,Gladstone (R),2017,5.34902116752839,0.1379645587520438,26.7289528445713
Queensland,Goondiwindi (R),2017,47.531817879988495,5.698111954669204,26.727631240267595
Queensland,Gympie (R),2017,10.027946383409205,0.015806777946383403,25.865644538491868
Queensland,Isaac (R),2017,49.389356450821694,1.261305800833946,29.053157357275133
Queensland,Lockyer Valley (R),2017,14.585228340537494,1.369103551963917,25.414363319547125
Queensland,Mackay (R),2017,1.968597482661186,0.00719239660929874,26.06076600366275
Queensland,Maranoa (R),2017,50.58460392278356,3.54669646742939,27.5871169068635
Queensland,North Burnett (R),2017,23.928723972237062,1.023291510945008,27.15152598327626
Queensland,Rockhampton (R),2017,10.900059720094509,0.4299327499805261,27.308235423687496
Queensland,Scenic Rim (R),2017,8.336328756058158,0.8728796445880455,24.763224975305185
Queensland,Somerset (R),2017,14.298911729141471,0.9825876662636032,25.812392208476002
Queensland,South Burnett (R),2017,13.160002063876995,0.32041690315257204,25.767754839156996
Queensland,Southern Downs (R),2017,7.491358172358116,0.2602715148615513,23.010388418054756
Queensland,Toowoomba (R),2017,21.344689046053723,1.2812697147790284,25.46190375058821
Queensland,Western Downs (R),2017,39.07208416263859,2.3913562695479085,27.080327496042234
Queensland,Whitsunday (R),2017,26.717045142565816,0.6798642977605212,28.77809589756054
New South Wales,Wentworth (A),2018,53.81697915381769,17.953682003207103,25.419740625388872
Queensland,Cairns (R),2018,4.8623476236132035,0.05711546363511846,26.002312236313184
Queensland,Cassowary Coast (R),2018,7.955341403220119,0.4247267599012809,26.413121152432915
Queensland,Charters Towers (R),2018,49.36110299779613,5.979328748572793,29.261437092034768
Queensland,Cook (S),2018,48.3592598945544,0.9144563411815689,31.07804777738981
Queensland,Hinchinbrook (S),2018,12.809247538677916,0.833509142053446,26.878615209714255
Queensland,Tablelands (R),2018,58.672687711788804,4.363467094703046,30.322922030502923
Queensland,Townsville (C),2018,13.961891228523449,1.7009430306161997,27.86797334812876
Queensland,Etheridge (S),2018,62.68464293237832,4.087833251410245,30.454299204819236
New South Wales,Armidale Dumaresq (A),2018,0.20636967953169952,0.0,20.058286338189514
New South Wales,Clarence Valley (A),2018,5.2070530873019205,0.07502837207347315,23.23425343226534
New South Wales,Cooma-Monaro (A),2018,0.02618993395581871,0.0,16.895169406077738
New South Wales,Glen Innes Severn (A),2018,0.1956022065583818,0.0,20.26238560109836
New South Wales,Lithgow (C),2018,3.183493661781893,0.0,19.532793876384304
New South Wales,Mid-Western Regional (A),2018,8.24449637765833,0.0,21.269215675492283
New South Wales,Oberon (A),2018,0.7340022296544036,0.0,17.830181997750728
New South Wales,Palerang (A),2018,0.8716211012706965,0.0,18.308257639927696
New South Wales,Richmond Valley (A),2018,9.74959801198655,0.6386493202748136,24.79255955523342
New South Wales,Tumut Shire (A),2018,1.3364114956416668,0.0,16.922374852703886
New South Wales,Upper Hunter Shire (A),2018,13.25649087221095,0.0,22.123340985144665
New South Wales,Warrumbungle Shire (A),2018,23.334437529277935,0.4032322826741619,23.82972232092878
New South Wales,Bega Valley (A),2018,0.8530626780626782,0.0,19.320483528023786
New South Wales,Blue Mountains (C),2018,5.907731376975171,0.10722347629796841,20.803111174456145
New South Wales,Bombala (A),2018,0.23278236914600536,0.0,17.448547910808657
New South Wales,Cabonne (A),2018,11.327900737759892,0.0630449362843729,21.38473666249693
New South Wales,Cessnock (C),2018,13.46977225672878,0.6933747412008281,22.809572148912327
New South Wales,Eurobodalla (A),2018,1.13717277486911,0.0,20.07646553126556
New South Wales,Gloucester (A),2018,4.827931562108777,0.0,21.751060970759863
New South Wales,Great Lakes (A),2018,5.115706319702603,0.027261462205700127,22.534755396708213
New South Wales,Greater Taree (C),2018,7.303956177723674,0.0,22.888313301611934
New South Wales,Guyra (A),2018,0.06224304426809445,0.0,19.467548775584895
New South Wales,Hawkesbury (C),2018,17.778151998828527,0.866598330648704,22.94036988619134
New South Wales,Inverell (A),2018,13.899886850002458,0.03384660795985635,23.944099118359702
New South Wales,Kempsey (A),2018,2.2165579119086463,0.0,22.567722266749048
New South Wales,Muswellbrook (A),2018,18.608486017357762,0.09486499517839923,22.81683984922437
New South Wales,Nambucca (A),2018,1.8889888988898889,0.0,22.552538474434375
New South Wales,Narrabri (A),2018,45.4595332990486,3.282045512985344,26.313811431299644
New South Wales,Port Macquarie-Hastings (A),2018,1.9706030150753773,0.0,22.316018634427753
New South Wales,Shoalhaven (C),2018,3.0603556485355634,0.0,20.49233917837165
New South Wales,Singleton (A),2018,18.4527213443692,0.3710392107683305,23.053166484617517
New South Wales,Snowy River (A),2018,0.13531738312909286,0.0,16.046296536112134
New South Wales,Tenterfield (A),2018,2.48430519292138,0.0,21.89485909119095
New South Wales,Tumbarumba (A),2018,0.8054156171284632,0.0,15.87141779975036
New South Wales,Walcha (A),2018,0.03611424027566099,0.0,19.40328660890417
New South Wales,Wingecarribee (A),2018,4.180758888556917,0.0,19.85118009254218
New South Wales,Wollondilly (A),2018,6.452178030303032,0.13399621212121215,21.07780588130761
Queensland,Banana (S),2018,29.705842568824252,1.2807384293773154,27.826955778359192
Queensland,Brisbane (C),2018,4.688397361272798,0.0,24.843171499489802
Queensland,Bundaberg (R),2018,12.490906547285956,0.004196978175713486,26.673200616300633
Queensland,Central Highlands (R),2018,46.46894692128685,3.9452812765485903,28.754677083957887
Queensland,Fraser Coast (R),2018,10.404405864760372,0.0,26.06073040098174
Queensland,Gladstone (R),2018,9.903088956648546,0.01126872597109903,26.69000980386666
Queensland,Goondiwindi (R),2018,41.63458686557912,3.4654596161933626,26.865118850189198
Queensland,Gympie (R),2018,11.345220030349012,0.0,25.286653430814077
Queensland,Isaac (R),2018,58.49379905567821,8.219723448614179,29.571305697214225
Queensland,Lockyer Valley (R),2018,13.95639917308777,0.0015034767900770534,25.0937268365491
Queensland,Mackay (R),2018,11.942974569740562,0.6141792961726174,26.281161380545797
Queensland,Maranoa (R),2018,49.26132465865583,4.020381066188674,27.57398627842412
Queensland,North Burnett (R),2018,17.30594856736075,0.00998843210535683,26.766528089897335
Queensland,Rockhampton (R),2018,18.29340742087088,1.3077921740710927,27.4815478409429
Queensland,Scenic Rim (R),2018,8.365912762520193,0.08420840064620357,24.39376346149068
Queensland,Somerset (R),2018,13.513502619911323,0.09036678758565093,25.218747991255125
Queensland,South Burnett (R),2018,11.83628295753573,0.0,25.35007241258207
Queensland,Southern Downs (R),2018,4.865558280007177,0.0,22.961567039739826
Queensland,Toowoomba (R),2018,14.728292990669715,0.0,25.285457727190547
Queensland,Western Downs (R),2018,30.607756610747785,1.5248564117145293,26.99379833718453
Queensland,Whitsunday (R),2018,43.0491626465859,5.545770090598894,29.263332450760206
New South Wales,Wentworth (A),2019,62.3166707783397,24.293064635500183,25.72643702792581
Queensland,Cairns (R),2019,1.2422955759484997,0.0,25.462650610394554
Queensland,Cassowary Coast (R),2019,6.683276530732165,0.0,25.90518017768712
Queensland,Charters Towers (R),2019,42.727091686359906,1.4436486020020716,28.35730071925619
Queensland,Cook (S),2019,45.87997436082626,0.6946139679329769,30.7618171623929
Queensland,Hinchinbrook (S),2019,10.159458509142056,0.0,26.32561980253509
Queensland,Tablelands (R),2019,57.82720884608523,4.412156233279826,30.063732207670487
Queensland,Townsville (C),2019,11.027386642552644,0.0,27.36943105708196
Queensland,Etheridge (S),2019,75.67820611848421,5.75830348992346,30.74319301981486
New South Wales,Armidale Dumaresq (A),2019,3.899692429804544,0.0,21.44417047734557
New South Wales,Clarence Valley (A),2019,14.524021688873944,0.16623933420200915,24.748184484762536
New South Wales,Cooma-Monaro (A),2019,1.8416457906323533,0.0,17.848830518796344
New South Wales,Glen Innes Severn (A),2019,2.0992185105730923,0.0,21.663656477369486
New South Wales,Lithgow (C),2019,9.286163804728936,0.3214959992807695,20.526109556178103
New South Wales,Mid-Western Regional (A),2019,15.718392147698054,0.49740593596634725,22.1586122975208
New South Wales,Oberon (A),2019,3.981605351170569,0.004236343366778149,18.56193887423572
New South Wales,Palerang (A),2019,6.959876780901034,0.013862148633038111,19.218645227657536
New South Wales,Richmond Valley (A),2019,30.89285192223358,0.890220727963748,26.34797537198442
New South Wales,Tumut Shire (A),2019,5.60947613705014,0.11046862863553977,17.295807573007735
New South Wales,Upper Hunter Shire (A),2019,18.53199797160243,0.9644523326572008,23.170855743979338
New South Wales,Warrumbungle Shire (A),2019,37.10168640835174,3.562403801110888,24.704562852307493
New South Wales,Bega Valley (A),2019,3.4336894586894586,0.044088319088319096,19.8297698086315
New South Wales,Blue Mountains (C),2019,13.430304740406322,1.5476862302483072,21.781913671827088
New South Wales,Bombala (A),2019,4.224911452184177,0.0,18.241496467762065
New South Wales,Cabonne (A),2019,22.6859825620389,2.2562038900067067,22.119007499110744
New South Wales,Cessnock (C),2019,21.572049689440988,4.275983436853003,23.907454526627482
New South Wales,Eurobodalla (A),2019,4.343586387434555,0.0,20.722213290401353
New South Wales,Gloucester (A),2019,15.363471971066904,0.8041452218667405,23.08417207536186
New South Wales,Great Lakes (A),2019,12.305297397769515,0.5793060718711278,23.606942845525698
New South Wales,Greater Taree (C),2019,17.35106512477176,0.41241631162507597,24.20163133546237
New South Wales,Guyra (A),2019,1.64327373553877,0.0,20.777197505226777
New South Wales,Hawkesbury (C),2019,23.789281007468155,4.833357739054034,23.925307981858
New South Wales,Inverell (A),2019,23.70246470212034,0.6729965071087716,25.228126802073657
New South Wales,Kempsey (A),2019,8.515225666122893,0.0,23.97589648536457
New South Wales,Muswellbrook (A),2019,25.564609450337514,3.479267116682739,23.91109405779919
New South Wales,Nambucca (A),2019,5.825382538253827,0.0,23.92893128524097
New South Wales,Narrabri (A),2019,72.29220236564672,7.739843147338647,27.12599839166465
New South Wales,Port Macquarie-Hastings (A),2019,7.383165829145729,0.0,23.596618276614354
New South Wales,Shoalhaven (C),2019,7.236820083682008,0.5062761506276149,21.199850012317416
New South Wales,Singleton (A),2019,28.154334921829285,4.818159016804614,24.217033809094016
New South Wales,Snowy River (A),2019,1.4948453608247418,0.0,16.823040549674193
New South Wales,Tenterfield (A),2019,7.472700899332751,0.0006382361473745285,23.390699360050835
New South Wales,Tumbarumba (A),2019,3.5519971212666417,0.0,16.24315786732651
New South Wales,Walcha (A),2019,2.955205089125969,0.0,20.697001881070243
New South Wales,Wingecarribee (A),2019,10.361816552136242,0.827756199581715,20.680066476283415
New South Wales,Wollondilly (A),2019,13.168402777777779,1.3312815656565655,21.88881260397627
Queensland,Banana (S),2019,62.733510613769454,3.3269286932997217,28.694679519519546
Queensland,Brisbane (C),2019,8.525417151726813,0.43888242142025613,25.571573863607252
Queensland,Bundaberg (R),2019,18.01398992725238,0.2888220481253498,27.32965707201468
Queensland,Central Highlands (R),2019,74.96327706571127,5.378347431019834,29.087988953452083
Queensland,Fraser Coast (R),2019,18.690057626376834,0.5634984316872128,26.870082585529044
Queensland,Gladstone (R),2019,13.546069203234781,0.01126872597109903,27.254493239613137
Queensland,Goondiwindi (R),2019,71.65864671639477,4.066513203036807,27.889168905608127
Queensland,Gympie (R),2019,22.086494688922595,0.6818411734951947,26.33503844156188
Queensland,Isaac (R),2019,61.70893886436105,2.835901091488838,28.91476158023744
Queensland,Lockyer Valley (R),2019,26.012215748919374,0.0015034767900770534,26.14412921456389
Queensland,Mackay (R),2019,5.27754944772669,0.0,25.685437127734623
Queensland,Maranoa (R),2019,79.11271179564348,5.501987946919233,28.001539149047655
Queensland,North Burnett (R),2019,42.08368926855315,0.9604689446520737,27.841583705193027
Queensland,Rockhampton (R),2019,24.535793108820396,0.6290343520369746,27.673935783241788
Queensland,Scenic Rim (R),2019,16.29947495961228,0.24717285945072698,25.482034062595307
Queensland,Somerset (R),2019,26.610640870616674,0.46924627166465127,26.248114859017228
Queensland,South Burnett (R),2019,30.34621536556421,0.04504411537072391,26.520574547460477
Queensland,Southern Downs (R),2019,11.590574726391969,0.011004126547455298,24.268143127867404
Queensland,Toowoomba (R),2019,35.18375004150482,0.1640269615167513,26.4153034478284
Queensland,Western Downs (R),2019,68.66703440432184,2.3888086437304517,28.061528189383406
Queensland,Whitsunday (R),2019,33.37153390594972,0.6419382672471272,28.26665723478276
New South Wales,Wentworth (A),2020,35.40970766004687,8.019890218329838,24.016240730634575
Queensland,Cairns (R),2020,1.3477605807423638,0.0,25.884179705515916
Queensland,Cassowary Coast (R),2020,5.726994946527205,0.0,26.186717271645257
Queensland,Charters Towers (R),2020,48.25325270173389,0.5312989564801782,29.04142123095315
Queensland,Cook (S),2020,48.27588744041601,0.07104037267080746,31.360884790102915
Queensland,Hinchinbrook (S),2020,7.2289029535864975,0.0,26.52482676225358
Queensland,Tablelands (R),2020,66.04729802033167,2.9469234884965214,30.558053619969773
Queensland,Townsville (C),2020,10.18266373853508,0.0,27.60995712833225
Queensland,Etheridge (S),2020,75.76966739227112,4.464386864218336,30.976713409536817
New South Wales,Armidale Dumaresq (A),2020,1.4570889969242977,0.0,19.589328386185315
New South Wales,Clarence Valley (A),2020,8.727880290866294,0.25097726030851997,23.190060523149228
New South Wales,Cooma-Monaro (A),2020,2.9595384498595605,0.028543232369240102,16.41340266338095
New South Wales,Glen Innes Severn (A),2020,1.2435642047195827,0.0,19.899746795946296
New South Wales,Lithgow (C),2020,5.721837633731907,0.19949653870358713,18.69135496112187
New South Wales,Mid-Western Regional (A),2020,11.547324141154474,0.4046739892498248,19.971645285714498
New South Wales,Oberon (A),2020,3.086399108138238,0.009476031215161648,17.178329377313514
New South Wales,Palerang (A),2020,3.6311128224874847,0.3728917982287253,17.602053957399196
New South Wales,Richmond Valley (A),2020,16.722993714369238,0.9007455050431222,24.83947481115737
New South Wales,Tumut Shire (A),2020,2.52282730646414,0.3105204108052126,16.30093104404727
New South Wales,Upper Hunter Shire (A),2020,10.572667342799189,0.6740365111561868,20.987146832901
New South Wales,Warrumbungle Shire (A),2020,21.03389546945058,2.853275781302283,22.04537089963735
New South Wales,Bega Valley (A),2020,2.3777777777777773,0.7093304843304844,18.7359531493393
New South Wales,Blue Mountains (C),2020,7.62104966139955,0.9949209932279911,19.909966263679735
New South Wales,Bombala (A),2020,3.6607634789452956,0.15131837859110575,17.05747573734769
New South Wales,Cabonne (A),2020,14.11629778672032,1.9775318578135477,19.935590601924936
New South Wales,Cessnock (C),2020,11.666252587991721,1.6871635610766045,21.911632558160633
New South Wales,Eurobodalla (A),2020,3.4977748691099473,0.9705497382198954,19.431505578850654
New South Wales,Gloucester (A),2020,7.21324245374878,0.5508415634997912,21.198411213931433
New South Wales,Great Lakes (A),2020,6.09866790582404,0.2704460966542751,22.067354245598878
New South Wales,Greater Taree (C),2020,7.473645769933049,0.6181375532562384,22.35354657075132
New South Wales,Guyra (A),2020,0.8726455684099816,0.0,18.914597988762317
New South Wales,Hawkesbury (C),2020,13.446771123151269,2.0168399472836436,21.798145483814615
New South Wales,Inverell (A),2020,12.118758301766125,0.42755940374870854,22.82260153451472
New South Wales,Kempsey (A),2020,4.6068515497553015,0.034665579119086465,22.530808529271663
New South Wales,Muswellbrook (A),2020,13.239392478302795,1.1753857280617166,21.63475655334011
New South Wales,Nambucca (A),2020,3.234023402340234,0.0,22.506915121008518
New South Wales,Narrabri (A),2020,33.86297891488816,6.86561455386989,24.525359785526753
New South Wales,Port Macquarie-Hastings (A),2020,3.2734924623115575,0.032035175879396985,21.97625724868321
New South Wales,Shoalhaven (C),2020,4.390794979079497,0.8894351464435144,19.702287412786013
New South Wales,Singleton (A),2020,14.053423626787062,1.7348047822088457,21.982205004324086
New South Wales,Snowy River (A),2020,1.540815664916034,0.0,15.63530716447598
New South Wales,Tenterfield (A),2020,4.002262837249781,0.025877574702639974,21.60861624359892
New South Wales,Tumbarumba (A),2020,1.5806045340050368,0.09751709247930906,15.531297133491863
New South Wales,Walcha (A),2020,0.9768073686303094,0.0,18.95308085630354
New South Wales,Wingecarribee (A),2020,4.54451747833881,0.8444876008365702,18.926400567396847
New South Wales,Wollondilly (A),2020,6.717645202020205,1.5505050505050506,20.108457491148766
Queensland,Banana (S),2020,32.77230736123707,0.4369245430929798,27.731728635427164
Queensland,Brisbane (C),2020,2.9437330228948393,0.028715560729530465,24.78948662939104
Queensland,Bundaberg (R),2020,6.778679350867373,0.0,26.548476837791018
Queensland,Central Highlands (R),2020,44.26625050788607,0.7429468474125511,28.587972099666455
Queensland,Fraser Coast (R),2020,7.786563571376469,0.0,26.05090926448818
Queensland,Gladstone (R),2020,1.4743028856776697,0.0,26.54051900592601
Queensland,Goondiwindi (R),2020,34.015803802651675,4.178335067177228,25.967208150178724
Queensland,Gympie (R),2020,8.573596358118364,0.0,25.33262370673046
Queensland,Isaac (R),2020,50.032660350748095,0.4329316899681138,29.17548280663011
Queensland,Lockyer Valley (R),2020,11.83292614170269,0.0646495019733133,24.791425748349727
Queensland,Mackay (R),2020,0.836244541484716,0.0,26.055283248478553
Queensland,Maranoa (R),2020,47.728134427995016,6.123621530313424,27.059123109511177
Queensland,North Burnett (R),2020,20.200591742302915,0.022690870261612397,26.735944797572316
Queensland,Rockhampton (R),2020,10.82379975592657,0.0,27.373580861437677
Queensland,Scenic Rim (R),2020,4.777564620355413,0.0327140549273021,24.150159618763766
Queensland,Somerset (R),2020,12.03571140669085,0.24070939137444577,25.183659575975025
Queensland,South Burnett (R),2020,12.61936948557866,0.0,25.245039806388853
Queensland,Southern Downs (R),2020,5.772142814424975,0.156449973087734,22.46368823704103
Queensland,Toowoomba (R),2020,18.01022678221602,0.6902413919049041,24.933114972902064
Queensland,Western Downs (R),2020,30.942837645720772,1.9065794711401765,26.445671618909667
Queensland,Whitsunday (R),2020,37.65446915323372,0.031082088088794767,28.938615091923026
New South Wales,Wentworth (A),2021,23.96368878746762,2.2805445910941162,23.76060844261378
Queensland,Cairns (R),2021,0.03930968360498561,0.0,25.892426339687923
Queensland,Cassowary Coast (R),2021,0.07697731813374073,0.0,26.167972149840516
Queensland,Charters Towers (R),2021,28.303802341945257,0.0,28.74737495071126
Queensland,Cook (S),2021,44.1860374837498,0.15078813375704175,31.100506727244465
Queensland,Hinchinbrook (S),2021,0.5191631504922645,0.0,26.431607919874587
Queensland,Tablelands (R),2021,53.167369359728895,1.0007347957909754,30.394635446434542
Queensland,Townsville (C),2021,1.0087843947810362,0.0,27.15564972263031
Queensland,Etheridge (S),2021,60.592198581560254,0.9610280176953863,30.92149534618479
New South Wales,Armidale Dumaresq (A),2021,0.0,0.0,18.499849421133757
New South Wales,Clarence Valley (A),2021,0.010718338867639022,0.0,22.085480162700886
New South Wales,Cooma-Monaro (A),2021,0.0,0.0,15.335663638162332
New South Wales,Glen Innes Severn (A),2021,0.0,0.0,18.796771945536772
New South Wales,Lithgow (C),2021,0.05385237795558752,0.0,17.73243017104236
New South Wales,Mid-Western Regional (A),2021,0.0,0.0,18.764828083054823
New South Wales,Oberon (A),2021,0.0,0.0,16.104999621467588
New South Wales,Palerang (A),2021,0.006469002695417786,0.0,16.688700199267963
New South Wales,Richmond Valley (A),2021,0.7615845636602835,0.0,23.796500780127015
New South Wales,Tumut Shire (A),2021,0.12600327953741255,0.0,15.299493948048122
New South Wales,Upper Hunter Shire (A),2021,0.010750507099391482,0.0,19.875477519949705
New South Wales,Warrumbungle Shire (A),2021,0.16542862878939973,0.0,20.812998507198106
New South Wales,Bega Valley (A),2021,0.3445868945868946,0.0,17.80693753016388
New South Wales,Blue Mountains (C),2021,0.5806997742663659,0.0,19.21810411975633
New South Wales,Bombala (A),2021,0.13252656434474608,0.0,15.911891954370224
New South Wales,Cabonne (A),2021,0.4759221998658619,0.0,18.755637455300803
New South Wales,Cessnock (C),2021,2.5380952380952384,0.0,21.15915598385254
New South Wales,Eurobodalla (A),2021,0.14659685863874347,0.0,18.542995414862496
New South Wales,Gloucester (A),2021,0.0,0.0,20.239904838376248
New South Wales,Great Lakes (A),2021,0.18091697645600993,0.0,21.313272204924207
New South Wales,Greater Taree (C),2021,0.03104077906269019,0.0,21.381769821870158
New South Wales,Guyra (A),2021,0.0,0.0,17.806466458037942
New South Wales,Hawkesbury (C),2021,3.482940401230049,0.0,21.089228844329455
New South Wales,Inverell (A),2021,0.17287351798101044,0.0,21.46420506532232
New South Wales,Kempsey (A),2021,0.0,0.0,21.602711895272368
New South Wales,Muswellbrook (A),2021,0.9263500482160076,0.0,20.61434168141187
New South Wales,Nambucca (A),2021,0.0,0.0,21.62040007985143
New South Wales,Narrabri (A),2021,3.871335818976602,0.0,23.39824539648846
New South Wales,Port Macquarie-Hastings (A),2021,0.0,0.0,21.107679627253695
New South Wales,Shoalhaven (C),2021,0.11025104602510456,0.0,18.939360832069628
New South Wales,Singleton (A),2021,2.695092383579968,0.0,21.11190924001227
New South Wales,Snowy River (A),2021,0.0,0.0,14.583912722602266
New South Wales,Tenterfield (A),2021,0.0,0.0,20.37969383210974
New South Wales,Tumbarumba (A),2021,0.0,0.0,14.61297082581571
New South Wales,Walcha (A),2021,0.0,0.0,17.868283027002814
New South Wales,Wingecarribee (A),2021,0.08037048102778609,0.0,18.092289017838848
New South Wales,Wollondilly (A),2021,0.40151515151515155,0.0,19.397606746154484
Queensland,Banana (S),2021,14.354704336197475,0.20478964600273597,27.11519790601798
Queensland,Brisbane (C),2021,0.0,0.0,24.050329928792788
Queensland,Bundaberg (R),2021,3.1752238388360374,0.0,26.110707501333387
Queensland,Central Highlands (R),2021,21.858405053004837,0.49935359952720415,27.90788754692175
Queensland,Fraser Coast (R),2021,3.5537967758406883,0.0,25.60690779588705
Queensland,Gladstone (R),2021,2.2244023156127084,0.0,26.222593015444826
Queensland,Goondiwindi (R),2021,7.462161623763251,0.0,24.52282971992521
Queensland,Gympie (R),2021,1.6442842690945871,0.0,24.659304013159996
Queensland,Isaac (R),2021,32.053079776796665,0.3195364238410596,28.856664168351386
Queensland,Lockyer Valley (R),2021,0.3234354444653262,0.0,23.676687851969795
Queensland,Mackay (R),2021,0.510531723606473,0.0,25.88223760024775
Queensland,Maranoa (R),2021,10.991413839651244,0.0,26.000489073457945
Queensland,North Burnett (R),2021,3.3740211781455796,0.0,25.99516815877071
Queensland,Rockhampton (R),2021,6.443304858099861,0.24742294809544832,27.154241446934737
Queensland,Scenic Rim (R),2021,0.0327140549273021,0.0,23.17270698355309
Queensland,Somerset (R),2021,0.732365981459089,0.0,24.15935833617197
Queensland,South Burnett (R),2021,1.1813631907538316,0.0,24.11358569666419
Queensland,Southern Downs (R),2021,0.00047844028467196943,0.0,21.174339976344047
Queensland,Toowoomba (R),2021,0.721452999966796,0.0,23.6960404111543
Queensland,Western Downs (R),2021,6.608302530565827,0.0,25.369699131396445
Queensland,Whitsunday (R),2021,19.383711809232462,0.0,28.289597188097833
New South Wales,Wentworth (A),2022,20.41394782286913,1.0224651535709879,22.8280488170708
Queensland,Cairns (R),2022,0.6793589919189151,0.0,26.18358641693015
Queensland,Cassowary Coast (R),2022,8.367845810318485,0.0,26.49794838312363
Queensland,Charters Towers (R),2022,34.533436446191004,1.6008005629165443,28.369682510244537
Queensland,Cook (S),2022,47.33714159323997,0.4105292142134913,31.082404959507368
Queensland,Hinchinbrook (S),2022,13.726793248945148,0.0,26.70434660887584
Queensland,Tablelands (R),2022,61.2014481897628,1.5383270911360796,30.31359195886716
Queensland,Townsville (C),2022,13.034233303190804,0.02338199199069888,27.591306006906358
Queensland,Etheridge (S),2022,72.75861947896912,1.8380029492310925,30.89176174409152
New South Wales,Armidale Dumaresq (A),2022,0.0,0.0,17.707639594943846
New South Wales,Clarence Valley (A),2022,0.0,0.0,21.278583939405095
New South Wales,Cooma-Monaro (A),2022,0.0,0.0,14.756271946148406
New South Wales,Glen Innes Severn (A),2022,0.0,0.0,18.149918845462995
New South Wales,Lithgow (C),2022,0.0,0.0,16.999248440534142
New South Wales,Mid-Western Regional (A),2022,0.0,0.0,18.270459489228557
New South Wales,Oberon (A),2022,0.0,0.0,15.486278662284073
New South Wales,Palerang (A),2022,0.0,0.0,16.14136745978079
New South Wales,Richmond Valley (A),2022,0.7022365151293667,0.0,22.90652118848187
New South Wales,Tumut Shire (A),2022,0.0,0.0,15.204614791772991
New South Wales,Upper Hunter Shire (A),2022,0.0,0.0,19.308595957156793
New South Wales,Warrumbungle Shire (A),2022,0.18215887037408823,0.0,20.244947326781148
New South Wales,Bega Valley (A),2022,0.0,0.0,17.52502350838494
New South Wales,Blue Mountains (C),2022,0.0,0.0,18.317433307194406
New South Wales,Bombala (A),2022,0.0,0.0,15.559329391814886
New South Wales,Cabonne (A),2022,0.0,0.0,18.42282572599702
New South Wales,Cessnock (C),2022,0.0,0.0,20.441220333138652
New South Wales,Eurobodalla (A),2022,0.0,0.0,18.1708069919208
New South Wales,Gloucester (A),2022,0.0,0.0,19.435282899708305
New South Wales,Great Lakes (A),2022,0.03949814126394053,0.0,20.684100024161243
New South Wales,Greater Taree (C),2022,0.0,0.0,20.614100995668306
New South Wales,Guyra (A),2022,0.0,0.0,17.185837527173312
New South Wales,Hawkesbury (C),2022,0.0,0.0,20.196944870621298
New South Wales,Inverell (A),2022,0.12264475820337482,0.0,21.0757600878188
New South Wales,Kempsey (A),2022,0.0,0.0,20.813936797827044
New South Wales,Muswellbrook (A),2022,0.0,0.0,20.038622995712398
New South Wales,Nambucca (A),2022,0.0,0.0,20.849988521500396
New South Wales,Narrabri (A),2022,3.85513628182052,0.0,22.64029982742621
New South Wales,Port Macquarie-Hastings (A),2022,0.0,0.0,20.342029093303008
New South Wales,Shoalhaven (C),2022,0.0,0.0,18.422759750317255
New South Wales,Singleton (A),2022,0.0,0.0,20.431008775065063
New South Wales,Snowy River (A),2022,0.0,0.0,14.17431536021403
New South Wales,Tenterfield (A),2022,0.007774876704380621,0.0,19.71542667863377
New South Wales,Tumbarumba (A),2022,0.0,0.0,14.549500362592925
New South Wales,Walcha (A),2022,0.0,0.0,17.10406247117179
New South Wales,Wingecarribee (A),2022,0.0,0.0,17.35639156542945
New South Wales,Wollondilly (A),2022,0.0,0.0,18.614260461806488
Queensland,Banana (S),2022,15.476044084418271,0.20186913014740915,25.85619589339525
Queensland,Brisbane (C),2022,1.0046565774155995,0.0,23.387322237171734
Queensland,Bundaberg (R),2022,2.440053161723559,0.0,25.25909992941213
Queensland,Central Highlands (R),2022,29.61256602519114,0.6801314963247515,26.989961241699422
Queensland,Fraser Coast (R),2022,1.7905755343205192,0.0,24.588224333204447
Queensland,Gladstone (R),2022,2.8725529188209817,0.0,25.590472776772128
Queensland,Goondiwindi (R),2022,8.005112994975539,0.0,23.82742028170095
Queensland,Gympie (R),2022,1.1176024279210923,0.0,23.594499088206774
Queensland,Isaac (R),2022,39.68979948491534,3.3561595535933275,28.1158715072761
Queensland,Lockyer Valley (R),2022,1.028190189813945,0.0,22.851744480869005
Queensland,Mackay (R),2022,4.507770357051118,0.0,25.87349880960227
Queensland,Maranoa (R),2022,16.292844128733385,0.15418206495681105,24.88542594846837
Queensland,North Burnett (R),2022,2.8931749421605284,0.0,24.857373835628213
Queensland,Rockhampton (R),2022,10.627320644977022,0.2779840573312907,26.48799972306801
Queensland,Scenic Rim (R),2022,0.7463651050080776,0.0,22.342068616142043
Queensland,Somerset (R),2022,1.5728335348649736,0.0,23.172002897221578
Queensland,South Burnett (R),2022,0.21309529952014863,0.0,23.14146155085509
Queensland,Southern Downs (R),2022,0.00047844028467196943,0.0,20.461370068669538
Queensland,Toowoomba (R),2022,0.8504499120098283,0.0,22.71883066873522
Queensland,Western Downs (R),2022,5.588660790446403,0.0,24.299425931467148
Queensland,Whitsunday (R),2022,24.33639251676668,0.8839471310350241,28.085095521714727
